contract_id,account_id,msa_ref,start_date,end_date,term_years,total_value_usd,currency,payment_terms_days,status,auto_renew,renewal_notice_days,sold_via_partner
CON-070001,ACC-10001,MSA-10001-3,2023-01-26,2026-01-26,3,11761135.71,USD,30,expired,True,90,False
CON-070002,ACC-10001,MSA-10001-7,2025-09-08,2026-09-08,1,6512743.91,USD,60,active,False,120,False
CON-070003,ACC-10001,MSA-10001-9,2024-12-29,2029-12-28,5,9926394.13,USD,30,active,False,90,False
CON-070004,ACC-10002,MSA-10002-4,2024-03-07,2029-03-07,5,16060900.06,USD,90,active,True,60,False
CON-070005,ACC-10002,MSA-10002-9,2022-12-30,2024-12-28,2,13394305.66,USD,60,expired,True,120,False
CON-070006,ACC-10002,MSA-10002-7,2025-02-23,2030-02-23,5,18911136.91,USD,60,active,False,90,False
CON-070007,ACC-10002,MSA-10002-1,2022-05-28,2025-05-28,3,6147964.78,USD,30,expired,True,30,False
CON-070008,ACC-10002,MSA-10002-2,2024-12-28,2027-12-28,3,2831295.56,USD,30,active,True,90,False
CON-070009,ACC-10003,MSA-10003-5,2023-12-06,2028-12-06,5,11300608.69,USD,30,active,True,90,False
CON-070010,ACC-10003,MSA-10003-5,2025-04-04,2027-04-04,2,17798894.58,USD,30,active,True,30,False
CON-070011,ACC-10003,MSA-10003-9,2022-08-11,2025-08-11,3,6436041.5,USD,30,expired,True,30,False
CON-070012,ACC-10003,MSA-10003-6,2025-01-10,2026-01-10,1,8090508.88,USD,60,expired,True,120,False
CON-070013,ACC-10003,MSA-10003-2,2025-10-01,2027-10-01,2,9363447.5,USD,45,active,True,30,False
CON-070014,ACC-10004,MSA-10004-3,2023-04-02,2028-04-02,5,24171875.22,USD,30,active,False,30,True
CON-070015,ACC-10004,MSA-10004-1,2024-04-21,2026-04-21,2,8581982.42,USD,30,expired,False,120,True
CON-070016,ACC-10004,MSA-10004-6,2025-09-17,2028-09-17,3,36673856.7,USD,60,active,False,30,False
CON-070017,ACC-10004,MSA-10004-9,2025-05-06,2028-05-06,3,5741108.51,USD,60,active,False,90,True
CON-070018,ACC-10005,MSA-10005-4,2024-12-05,2027-12-05,3,8919279.31,USD,30,active,False,60,False
CON-070019,ACC-10005,MSA-10005-3,2023-10-09,2025-10-09,2,9001228.96,USD,30,expired,True,90,False
CON-070020,ACC-10005,MSA-10005-1,2024-11-07,2025-11-07,1,4295487.51,USD,45,expired,True,30,False
CON-070021,ACC-10005,MSA-10005-1,2025-09-07,2028-09-07,3,8874483.4,USD,30,active,True,90,False
CON-070022,ACC-10005,MSA-10005-5,2024-04-13,2027-04-13,3,37580803.26,USD,45,active,True,90,False
CON-070023,ACC-10006,MSA-10006-5,2023-12-02,2025-12-02,2,2017324.0,USD,30,expired,True,90,False
CON-070024,ACC-10006,MSA-10006-3,2023-02-20,2025-02-20,2,3423832.55,USD,30,terminated,True,60,False
CON-070025,ACC-10006,MSA-10006-7,2024-05-16,2025-05-16,1,2821419.7,USD,30,expired,False,90,False
CON-070026,ACC-10007,MSA-10007-5,2024-03-31,2026-03-28,2,6852454.58,USD,30,expired,True,60,False
CON-070027,ACC-10007,MSA-10007-6,2025-03-08,2028-03-08,3,38411903.59,USD,45,active,False,60,False
CON-070028,ACC-10007,MSA-10007-7,2023-06-12,2026-06-12,3,8370070.38,USD,30,active,False,90,False
CON-070029,ACC-10007,MSA-10007-3,2022-05-27,2025-05-27,3,4257589.34,USD,45,expired,False,90,False
CON-070030,ACC-10008,MSA-10008-3,2025-09-17,2026-09-17,1,926370.67,USD,60,active,True,90,False
CON-070031,ACC-10008,MSA-10008-9,2022-12-16,2025-12-16,3,2493600.03,USD,30,terminated,True,30,False
CON-070032,ACC-10008,MSA-10008-9,2025-05-08,2028-05-08,3,24753415.67,USD,30,active,True,90,False
CON-070033,ACC-10009,MSA-10009-2,2024-06-14,2029-06-14,5,28748193.75,USD,30,active,False,90,True
CON-070034,ACC-10009,MSA-10009-2,2025-06-19,2028-06-19,3,47779951.62,USD,30,active,False,60,True
CON-070035,ACC-10009,MSA-10009-4,2023-05-25,2024-05-25,1,5622685.08,USD,30,expired,True,90,True
CON-070036,ACC-10009,MSA-10009-8,2022-03-28,2024-03-28,2,11816942.68,USD,45,expired,True,90,True
CON-070037,ACC-10010,MSA-10010-8,2023-10-25,2028-10-25,5,5564423.38,USD,30,active,False,90,False
CON-070038,ACC-10010,MSA-10010-2,2022-11-12,2025-11-12,3,14439877.89,USD,60,expired,True,90,False
CON-070039,ACC-10010,MSA-10010-6,2025-08-01,2026-08-01,1,9082613.68,USD,60,active,False,90,True
CON-070040,ACC-10011,MSA-10011-5,2024-06-26,2027-06-26,3,11537857.66,USD,45,active,True,30,False
CON-070041,ACC-10011,MSA-10011-4,2023-03-31,2024-03-28,1,3675666.0,USD,30,terminated,False,60,False
CON-070042,ACC-10011,MSA-10011-4,2023-10-27,2028-10-27,5,5364266.37,USD,30,active,True,120,False
CON-070043,ACC-10011,MSA-10011-9,2025-10-11,2030-10-11,5,88733873.28,USD,45,active,True,90,False
CON-070044,ACC-10011,MSA-10011-4,2022-05-27,2025-05-27,3,5270030.06,USD,30,expired,True,90,False
CON-070045,ACC-10012,MSA-10012-9,2022-06-25,2023-06-25,1,805403.51,USD,30,expired,True,90,True
CON-070046,ACC-10012,MSA-10012-1,2025-01-24,2030-01-24,5,4641499.52,USD,30,active,True,60,True
CON-070047,ACC-10012,MSA-10012-7,2025-08-22,2026-08-22,1,4442204.87,USD,45,active,False,90,True
CON-070048,ACC-10012,MSA-10012-4,2022-03-02,2025-03-02,3,17576770.12,USD,30,expired,False,90,False
CON-070049,ACC-10013,MSA-10013-5,2024-12-08,2026-12-08,2,16586009.97,USD,30,active,True,30,False
CON-070050,ACC-10013,MSA-10013-8,2023-01-20,2024-01-20,1,777666.54,USD,30,expired,True,30,False
CON-070051,ACC-10013,MSA-10013-7,2025-05-23,2028-05-23,3,72466281.88,USD,30,active,False,90,False
CON-070052,ACC-10013,MSA-10013-9,2025-03-17,2026-03-17,1,14124940.16,USD,30,expired,True,90,False
CON-070053,ACC-10014,MSA-10014-2,2022-02-21,2025-02-21,3,24442095.86,USD,45,expired,False,30,True
CON-070054,ACC-10014,MSA-10014-1,2023-02-20,2024-02-20,1,1373691.83,USD,45,expired,False,90,True
CON-070055,ACC-10014,MSA-10014-9,2022-03-17,2025-03-17,3,1693150.59,USD,30,expired,True,30,True
CON-070056,ACC-10014,MSA-10014-6,2024-07-21,2026-07-21,2,7311888.79,USD,45,active,True,120,False
CON-070057,ACC-10015,MSA-10015-7,2023-12-26,2028-12-26,5,93264955.75,USD,60,active,True,60,False
CON-070058,ACC-10015,MSA-10015-3,2023-11-15,2026-11-15,3,53148313.55,USD,30,active,True,60,False
CON-070059,ACC-10015,MSA-10015-5,2025-07-08,2027-07-08,2,31981134.72,USD,30,active,True,60,False
CON-070060,ACC-10015,MSA-10015-9,2024-10-14,2026-10-14,2,3523277.39,USD,30,active,True,90,False
CON-070061,ACC-10015,MSA-10015-5,2023-11-02,2026-11-02,3,14222894.5,USD,30,active,True,90,False
CON-070062,ACC-10016,MSA-10016-6,2023-03-06,2025-03-06,2,8974494.09,USD,45,expired,True,120,False
CON-070063,ACC-10016,MSA-10016-9,2022-04-14,2027-04-14,5,5113024.96,USD,30,active,True,90,False
CON-070064,ACC-10016,MSA-10016-2,2024-08-11,2025-08-11,1,8874504.57,USD,30,expired,False,90,False
CON-070065,ACC-10016,MSA-10016-7,2024-12-27,2027-12-27,3,32902165.5,USD,30,active,True,90,False
CON-070066,ACC-10017,MSA-10017-1,2025-05-06,2027-05-06,2,4154814.82,USD,45,active,False,30,False
CON-070067,ACC-10017,MSA-10017-7,2024-11-11,2027-11-11,3,4415564.08,USD,45,active,True,90,True
CON-070068,ACC-10017,MSA-10017-7,2025-09-18,2030-09-18,5,12698311.91,USD,60,active,False,30,True
CON-070069,ACC-10018,MSA-10018-9,2024-05-21,2029-05-21,5,55002222.16,USD,45,active,False,60,False
CON-070070,ACC-10018,MSA-10018-5,2023-10-02,2025-10-02,2,11826027.6,USD,45,expired,True,90,False
CON-070071,ACC-10018,MSA-10018-8,2022-08-17,2025-08-17,3,36106589.08,USD,30,expired,False,90,False
CON-070072,ACC-10018,MSA-10018-5,2024-12-26,2025-12-26,1,9004560.0,USD,60,expired,True,90,False
CON-070073,ACC-10018,MSA-10018-9,2023-07-01,2028-07-01,5,7826308.92,USD,45,active,True,60,False
CON-070074,ACC-10019,MSA-10019-2,2023-08-04,2024-08-04,1,5607513.86,USD,60,expired,False,90,False
CON-070075,ACC-10019,MSA-10019-2,2023-07-21,2026-07-21,3,6115084.51,USD,30,active,True,90,False
CON-070076,ACC-10019,MSA-10019-5,2022-05-25,2023-05-25,1,10251298.11,USD,30,expired,False,60,False
CON-070077,ACC-10019,MSA-10019-8,2022-12-28,2023-12-28,1,7855069.67,USD,30,expired,False,120,False
CON-070078,ACC-10020,MSA-10020-2,2025-04-01,2028-04-01,3,2056826.64,USD,60,active,True,90,False
CON-070079,ACC-10020,MSA-10020-5,2025-05-03,2028-05-03,3,14827428.76,USD,45,active,True,60,False
CON-070080,ACC-10020,MSA-10020-9,2024-09-01,2027-09-01,3,3642094.34,USD,30,active,True,30,False
CON-070081,ACC-10020,MSA-10020-6,2022-08-29,2024-08-28,2,5459778.39,USD,45,expired,True,90,False
CON-070082,ACC-10020,MSA-10020-1,2025-10-18,2026-10-18,1,2178156.52,USD,45,active,False,90,False
CON-070083,ACC-10021,MSA-10021-1,2022-08-16,2027-08-16,5,24081830.35,USD,30,active,True,60,False
CON-070084,ACC-10021,MSA-10021-7,2022-04-01,2023-04-01,1,514360.76,USD,60,expired,False,90,False
CON-070085,ACC-10021,MSA-10021-6,2022-09-29,2027-09-28,5,3440934.56,USD,30,active,True,30,False
CON-070086,ACC-10022,MSA-10022-5,2023-07-07,2025-07-07,2,11094421.99,USD,45,expired,True,60,False
CON-070087,ACC-10022,MSA-10022-3,2024-02-03,2027-02-03,3,11035052.62,USD,60,active,False,120,False
CON-070088,ACC-10022,MSA-10022-3,2024-12-02,2027-12-02,3,12427699.56,USD,30,active,False,30,False
CON-070089,ACC-10022,MSA-10022-3,2023-08-08,2024-08-08,1,4020524.59,USD,30,expired,True,30,False
CON-070090,ACC-10023,MSA-10023-3,2024-12-28,2027-12-28,3,21597723.67,USD,30,active,False,90,True
CON-070091,ACC-10023,MSA-10023-4,2024-06-24,2025-06-24,1,857000.0,USD,30,expired,False,90,True
CON-070092,ACC-10023,MSA-10023-5,2023-03-31,2026-03-28,3,21599919.62,USD,45,expired,False,90,False
CON-070093,ACC-10023,MSA-10023-8,2025-02-22,2030-02-22,5,68483742.84,USD,45,active,True,120,True
CON-070094,ACC-10023,MSA-10023-6,2023-09-11,2026-09-11,3,66382030.0,USD,60,active,False,90,False
CON-070095,ACC-10024,MSA-10024-5,2023-06-13,2025-06-13,2,32943229.5,GBP,45,terminated,True,30,False
CON-070096,ACC-10024,MSA-10024-1,2024-09-20,2026-09-20,2,4399889.55,GBP,45,active,False,120,False
CON-070097,ACC-10024,MSA-10024-1,2022-08-31,2023-08-28,1,1000213.92,GBP,30,terminated,True,60,False
CON-070098,ACC-10024,MSA-10024-5,2023-06-03,2026-06-03,3,12092991.0,GBP,30,active,False,90,False
CON-070099,ACC-10024,MSA-10024-2,2023-12-14,2025-12-14,2,9241566.42,GBP,90,terminated,True,30,False
CON-070100,ACC-10025,MSA-10025-8,2024-05-18,2029-05-18,5,4050343.78,USD,30,active,True,30,False
CON-070101,ACC-10025,MSA-10025-4,2024-04-14,2026-04-14,2,21629937.16,USD,30,expired,True,60,False
CON-070102,ACC-10025,MSA-10025-8,2025-05-03,2027-05-03,2,41841136.36,USD,45,active,False,90,False
CON-070103,ACC-10025,MSA-10025-7,2023-01-02,2028-01-02,5,35364633.82,USD,45,active,True,90,False
CON-070104,ACC-10026,MSA-10026-6,2025-02-14,2028-02-14,3,8664468.61,USD,30,active,False,30,False
CON-070105,ACC-10026,MSA-10026-7,2024-04-23,2027-04-23,3,866328.52,USD,30,active,False,90,False
CON-070106,ACC-10026,MSA-10026-7,2023-10-23,2026-10-23,3,11067197.4,USD,45,active,False,90,False
CON-070107,ACC-10027,MSA-10027-8,2024-04-03,2027-04-03,3,35702442.87,USD,30,active,True,90,False
CON-070108,ACC-10027,MSA-10027-2,2022-11-05,2024-11-05,2,13866578.06,USD,30,expired,False,90,False
CON-070109,ACC-10027,MSA-10027-8,2024-04-13,2026-04-13,2,9855659.48,USD,30,expired,True,60,False
CON-070110,ACC-10027,MSA-10027-6,2025-04-22,2026-04-22,1,8675690.94,USD,30,expired,False,120,False
CON-070111,ACC-10028,MSA-10028-4,2025-05-25,2030-05-25,5,1521445.49,USD,30,active,False,120,False
CON-070112,ACC-10028,MSA-10028-2,2024-03-06,2025-03-06,1,3733293.04,USD,60,expired,False,90,False
CON-070113,ACC-10028,MSA-10028-6,2024-10-03,2027-10-03,3,18464694.16,USD,30,active,True,90,False
CON-070114,ACC-10029,MSA-10029-5,2022-12-22,2023-12-22,1,7888780.33,USD,30,expired,True,60,False
CON-070115,ACC-10029,MSA-10029-5,2024-10-09,2025-10-09,1,2570458.72,USD,30,expired,True,60,False
CON-070116,ACC-10029,MSA-10029-7,2025-02-14,2028-02-14,3,7462800.0,USD,45,active,False,60,False
CON-070117,ACC-10029,MSA-10029-8,2022-09-28,2024-09-28,2,13449153.47,USD,45,expired,True,60,False
CON-070118,ACC-10029,MSA-10029-2,2022-11-01,2025-11-01,3,994526.8,USD,30,terminated,False,30,False
CON-070119,ACC-10030,MSA-10030-1,2022-07-11,2024-07-11,2,3410903.0,USD,45,expired,True,90,False
CON-070120,ACC-10030,MSA-10030-6,2025-10-25,2030-10-25,5,2499150.0,USD,45,active,False,60,False
CON-070121,ACC-10030,MSA-10030-8,2025-09-05,2027-09-05,2,8990007.66,USD,60,active,False,90,False
CON-070122,ACC-10031,MSA-10031-1,2025-05-14,2030-05-14,5,76437400.0,USD,30,active,False,90,False
CON-070123,ACC-10031,MSA-10031-5,2022-04-03,2025-04-03,3,7208801.63,USD,30,expired,False,60,False
CON-070124,ACC-10031,MSA-10031-9,2022-08-06,2024-08-06,2,13052050.16,USD,30,expired,True,30,False
CON-070125,ACC-10031,MSA-10031-8,2023-09-09,2028-09-09,5,35727287.8,USD,30,active,True,120,False
CON-070126,ACC-10032,MSA-10032-3,2024-05-14,2025-05-14,1,7971653.46,USD,60,expired,True,90,False
CON-070127,ACC-10032,MSA-10032-9,2025-05-25,2026-05-25,1,2054254.58,USD,90,active,False,120,False
CON-070128,ACC-10032,MSA-10032-2,2022-08-02,2024-08-02,2,3628234.27,USD,30,expired,False,120,False
CON-070129,ACC-10033,MSA-10033-7,2023-08-22,2028-08-22,5,24781532.47,USD,30,active,False,60,False
CON-070130,ACC-10033,MSA-10033-7,2024-11-23,2025-11-23,1,6052642.79,USD,60,expired,False,60,False
CON-070131,ACC-10033,MSA-10033-5,2023-09-10,2025-09-10,2,1618122.0,USD,30,expired,True,90,False
CON-070132,ACC-10033,MSA-10033-7,2023-09-15,2026-09-15,3,7403546.89,USD,45,active,True,60,False
CON-070133,ACC-10034,MSA-10034-3,2024-11-23,2025-11-23,1,5131670.01,USD,45,terminated,True,120,True
CON-070134,ACC-10034,MSA-10034-2,2024-09-19,2027-09-19,3,8108902.12,USD,45,active,True,90,False
CON-070135,ACC-10034,MSA-10034-3,2024-02-06,2027-02-06,3,5160245.85,USD,30,active,False,30,True
CON-070136,ACC-10035,MSA-10035-1,2025-07-03,2026-07-03,1,8484535.49,EUR,30,active,True,60,False
CON-070137,ACC-10035,MSA-10035-3,2022-02-17,2024-02-17,2,6628644.0,EUR,45,terminated,True,60,False
CON-070138,ACC-10035,MSA-10035-2,2023-10-26,2024-10-26,1,2711280.76,EUR,60,expired,True,90,False
CON-070139,ACC-10035,MSA-10035-2,2025-02-10,2027-02-10,2,8504803.73,EUR,45,active,True,60,False
CON-070140,ACC-10036,MSA-10036-8,2025-02-13,2027-02-13,2,25218930.5,EUR,90,active,False,90,False
CON-070141,ACC-10036,MSA-10036-8,2023-12-24,2025-12-24,2,8689892.78,EUR,30,expired,True,30,False
CON-070142,ACC-10036,MSA-10036-7,2023-02-01,2026-02-01,3,28700818.51,EUR,60,expired,True,30,False
CON-070143,ACC-10037,MSA-10037-1,2023-02-03,2028-02-03,5,13993166.88,USD,30,active,False,90,False
CON-070144,ACC-10037,MSA-10037-1,2024-11-30,2027-11-28,3,9046864.91,USD,30,active,False,60,False
CON-070145,ACC-10037,MSA-10037-6,2023-08-27,2025-08-27,2,13225619.37,USD,45,terminated,True,30,False
CON-070146,ACC-10037,MSA-10037-8,2025-06-25,2028-06-25,3,4988584.47,USD,45,active,False,90,False
CON-070147,ACC-10038,MSA-10038-4,2023-11-10,2025-11-10,2,14183374.14,USD,30,expired,False,120,False
CON-070148,ACC-10038,MSA-10038-3,2022-12-23,2027-12-23,5,15166126.71,USD,30,active,False,90,False
CON-070149,ACC-10038,MSA-10038-6,2023-01-28,2028-01-28,5,7475157.36,USD,30,active,True,30,False
CON-070150,ACC-10038,MSA-10038-8,2024-09-16,2026-09-16,2,13667483.54,USD,60,active,True,90,False
CON-070151,ACC-10039,MSA-10039-5,2024-06-23,2027-06-23,3,4415429.17,USD,45,active,True,90,False
CON-070152,ACC-10039,MSA-10039-9,2025-05-22,2027-05-22,2,2069657.12,USD,30,active,False,90,False
CON-070153,ACC-10039,MSA-10039-6,2025-02-05,2028-02-05,3,16379208.7,USD,30,active,False,120,False
CON-070154,ACC-10039,MSA-10039-2,2025-05-19,2027-05-19,2,11904598.97,USD,30,active,True,90,False
CON-070155,ACC-10040,MSA-10040-5,2022-05-21,2025-05-21,3,16226752.95,USD,30,terminated,False,60,False
CON-070156,ACC-10040,MSA-10040-4,2024-07-23,2027-07-23,3,2748414.28,USD,30,active,False,30,False
CON-070157,ACC-10040,MSA-10040-5,2024-04-22,2026-04-22,2,29085087.0,USD,60,terminated,False,60,False
CON-070158,ACC-10040,MSA-10040-8,2022-12-16,2023-12-16,1,2093799.36,USD,30,expired,True,90,False
CON-070159,ACC-10041,MSA-10041-4,2025-10-14,2027-10-14,2,13572181.0,USD,45,active,False,90,False
CON-070160,ACC-10041,MSA-10041-2,2025-01-14,2026-01-14,1,3779892.72,USD,30,expired,False,90,False
CON-070161,ACC-10041,MSA-10041-7,2025-07-16,2028-07-16,3,13724639.8,USD,30,active,True,120,False
CON-070162,ACC-10042,MSA-10042-4,2025-05-09,2028-05-09,3,11084000.49,USD,30,active,True,120,False
CON-070163,ACC-10042,MSA-10042-9,2022-12-22,2025-12-22,3,11615147.25,USD,30,expired,False,90,False
CON-070164,ACC-10042,MSA-10042-3,2023-06-11,2028-06-11,5,46329222.42,USD,30,active,True,120,False
CON-070165,ACC-10043,MSA-10043-7,2023-12-15,2025-12-15,2,41598268.09,USD,30,expired,True,30,False
CON-070166,ACC-10043,MSA-10043-4,2023-09-11,2028-09-11,5,87451567.95,USD,30,active,True,60,False
CON-070167,ACC-10043,MSA-10043-8,2022-05-01,2023-05-01,1,4021896.46,USD,30,expired,True,120,False
CON-070168,ACC-10043,MSA-10043-5,2022-07-26,2023-07-26,1,240621.3,USD,30,expired,False,30,False
CON-070169,ACC-10044,MSA-10044-8,2025-05-22,2027-05-22,2,25043562.1,EUR,30,active,True,90,True
CON-070170,ACC-10044,MSA-10044-1,2025-09-14,2030-09-14,5,31571840.79,EUR,45,active,True,90,True
CON-070171,ACC-10044,MSA-10044-9,2023-10-31,2025-10-28,2,21819964.92,EUR,30,expired,False,90,False
CON-070172,ACC-10044,MSA-10044-7,2024-06-13,2026-06-13,2,8479729.42,EUR,90,active,True,60,False
CON-070173,ACC-10045,MSA-10045-6,2022-09-16,2023-09-16,1,9499955.49,USD,30,expired,True,90,False
CON-070174,ACC-10045,MSA-10045-4,2023-03-08,2026-03-08,3,9303635.77,USD,45,expired,False,90,False
CON-070175,ACC-10045,MSA-10045-7,2025-01-27,2030-01-27,5,50270392.38,USD,30,active,False,120,False
CON-070176,ACC-10045,MSA-10045-7,2022-12-11,2025-12-11,3,4031406.0,USD,30,expired,True,90,False
CON-070177,ACC-10046,MSA-10046-2,2024-09-27,2027-09-27,3,16806305.6,USD,45,active,False,90,False
CON-070178,ACC-10046,MSA-10046-1,2023-01-06,2026-01-06,3,21179726.26,USD,30,expired,False,30,False
CON-070179,ACC-10046,MSA-10046-1,2023-10-06,2026-10-06,3,1284478.52,USD,30,active,True,90,False
CON-070180,ACC-10047,MSA-10047-7,2024-11-29,2025-11-28,1,4765596.0,USD,30,terminated,True,90,False
CON-070181,ACC-10047,MSA-10047-4,2023-06-07,2026-06-07,3,12855068.46,USD,30,active,True,30,True
CON-070182,ACC-10047,MSA-10047-3,2022-08-04,2024-08-04,2,3380371.0,USD,30,terminated,True,90,False
CON-070183,ACC-10048,MSA-10048-2,2025-10-20,2027-10-20,2,15019049.75,USD,30,active,False,60,False
CON-070184,ACC-10048,MSA-10048-9,2024-04-12,2026-04-12,2,5540569.92,USD,30,expired,False,60,False
CON-070185,ACC-10048,MSA-10048-8,2023-05-16,2025-05-16,2,4099921.61,USD,30,expired,True,120,False
CON-070186,ACC-10048,MSA-10048-8,2023-12-26,2025-12-26,2,3200184.93,USD,30,expired,True,90,False
CON-070187,ACC-10049,MSA-10049-2,2024-08-21,2025-08-21,1,4981652.8,USD,60,expired,True,120,False
CON-070188,ACC-10049,MSA-10049-5,2025-01-31,2028-01-28,3,17946665.02,USD,30,active,False,120,False
CON-070189,ACC-10049,MSA-10049-1,2023-06-24,2028-06-24,5,3579500.03,USD,30,active,True,60,False
CON-070190,ACC-10049,MSA-10049-8,2024-12-11,2026-12-11,2,3523065.2,USD,45,active,True,60,False
CON-070191,ACC-10049,MSA-10049-9,2025-05-27,2030-05-27,5,22675951.42,USD,30,active,False,120,False
CON-070192,ACC-10050,MSA-10050-3,2023-03-07,2025-03-07,2,22610363.06,EUR,60,expired,False,60,False
CON-070193,ACC-10050,MSA-10050-4,2025-11-27,2027-11-27,2,2172690.78,EUR,30,active,True,90,False
CON-070194,ACC-10050,MSA-10050-9,2022-11-24,2025-11-24,3,20725708.11,EUR,30,expired,True,90,False
CON-070195,ACC-10051,MSA-10051-4,2025-06-06,2026-06-06,1,366218.97,USD,30,active,False,120,False
CON-070196,ACC-10052,MSA-10052-7,2023-04-20,2024-04-20,1,421731.01,USD,30,expired,True,90,False
CON-070197,ACC-10052,MSA-10052-5,2022-08-14,2025-08-14,3,4055569.4,USD,30,expired,True,90,False
CON-070198,ACC-10053,MSA-10053-3,2022-08-19,2025-08-19,3,2975376.14,USD,45,terminated,False,90,False
CON-070199,ACC-10053,MSA-10053-9,2022-10-28,2023-10-28,1,5333608.56,USD,90,expired,True,90,False
CON-070200,ACC-10054,MSA-10054-3,2025-01-03,2028-01-03,3,7091079.12,USD,30,active,True,90,False
CON-070201,ACC-10054,MSA-10054-6,2022-10-23,2023-10-23,1,2544097.09,USD,60,terminated,True,30,False
CON-070202,ACC-10054,MSA-10054-8,2025-08-13,2028-08-13,3,489678.58,USD,30,active,False,30,False
CON-070203,ACC-10054,MSA-10054-3,2023-06-13,2026-06-13,3,26180922.09,USD,30,active,True,90,False
CON-070204,ACC-10055,MSA-10055-2,2022-01-23,2024-01-23,2,1054359.08,USD,45,expired,True,30,False
CON-070205,ACC-10055,MSA-10055-3,2024-10-28,2027-10-28,3,6753227.15,USD,30,active,False,60,False
CON-070206,ACC-10056,MSA-10056-2,2024-10-24,2027-10-24,3,10445399.54,USD,30,active,True,30,False
CON-070207,ACC-10056,MSA-10056-1,2024-08-01,2029-08-01,5,29195042.85,USD,30,active,False,90,False
CON-070208,ACC-10057,MSA-10057-8,2023-05-17,2026-05-17,3,16106667.24,USD,30,active,True,90,False
CON-070209,ACC-10058,MSA-10058-7,2022-03-06,2027-03-06,5,9482652.5,USD,30,active,False,30,False
CON-070210,ACC-10058,MSA-10058-6,2025-02-22,2030-02-22,5,12845816.3,USD,30,active,False,60,False
CON-070211,ACC-10059,MSA-10059-8,2023-09-21,2024-09-21,1,5027069.26,USD,60,expired,True,90,False
CON-070212,ACC-10059,MSA-10059-7,2022-03-08,2025-03-08,3,5696788.64,USD,30,expired,True,90,False
CON-070213,ACC-10060,MSA-10060-6,2022-12-22,2024-12-22,2,2425762.84,GBP,45,terminated,True,30,False
CON-070214,ACC-10060,MSA-10060-5,2025-08-29,2028-08-28,3,1121387.69,GBP,30,active,True,30,False
CON-070215,ACC-10060,MSA-10060-8,2023-01-05,2026-01-05,3,2256030.33,GBP,45,expired,False,60,False
CON-070216,ACC-10060,MSA-10060-3,2023-01-04,2024-01-04,1,1368172.12,GBP,30,expired,True,30,False
CON-070217,ACC-10061,MSA-10061-5,2023-03-21,2026-03-21,3,1315575.5,USD,45,expired,True,60,False
CON-070218,ACC-10061,MSA-10061-1,2024-10-12,2027-10-12,3,4530189.29,USD,30,active,False,30,False
CON-070219,ACC-10062,MSA-10062-6,2023-08-25,2024-08-25,1,2395068.98,GBP,30,terminated,False,90,False
CON-070220,ACC-10062,MSA-10062-7,2023-02-10,2028-02-10,5,7404548.58,GBP,30,active,True,30,False
CON-070221,ACC-10062,MSA-10062-6,2024-12-28,2026-12-28,2,3711341.6,GBP,30,active,False,60,False
CON-070222,ACC-10063,MSA-10063-8,2022-04-18,2023-04-18,1,1070507.16,USD,45,expired,False,30,False
CON-070223,ACC-10064,MSA-10064-9,2024-09-15,2026-09-15,2,1196284.57,USD,45,active,True,120,False
CON-070224,ACC-10064,MSA-10064-4,2023-10-04,2024-10-04,1,867127.83,USD,60,expired,True,120,False
CON-070225,ACC-10065,MSA-10065-2,2022-02-28,2023-02-28,1,1047277.37,USD,60,terminated,True,60,True
CON-070226,ACC-10065,MSA-10065-1,2023-07-19,2026-07-19,3,9492292.51,USD,90,active,False,90,True
CON-070227,ACC-10065,MSA-10065-9,2024-08-28,2027-08-28,3,11152981.03,USD,30,active,False,90,True
CON-070228,ACC-10066,MSA-10066-3,2024-04-20,2026-04-20,2,2728538.86,GBP,30,expired,True,60,False
CON-070229,ACC-10067,MSA-10067-8,2023-08-17,2026-08-17,3,5402991.98,GBP,30,active,False,30,False
CON-070230,ACC-10067,MSA-10067-1,2023-05-25,2024-05-25,1,7530932.71,GBP,30,expired,False,90,False
CON-070231,ACC-10068,MSA-10068-6,2022-10-15,2023-10-15,1,1708158.5,USD,45,expired,False,60,False
CON-070232,ACC-10068,MSA-10068-2,2022-09-06,2027-09-06,5,10328740.93,USD,30,active,True,90,False
CON-070233,ACC-10068,MSA-10068-7,2025-07-26,2028-07-26,3,2989421.64,USD,30,active,True,30,True
CON-070234,ACC-10069,MSA-10069-5,2025-03-01,2026-03-01,1,1519579.92,USD,30,expired,False,60,False
CON-070235,ACC-10069,MSA-10069-8,2022-05-20,2024-05-20,2,8202634.24,USD,30,expired,True,120,False
CON-070236,ACC-10070,MSA-10070-8,2024-10-02,2027-10-02,3,2941159.28,USD,30,active,True,90,False
CON-070237,ACC-10071,MSA-10071-1,2025-03-11,2027-03-11,2,2310782.47,USD,45,active,True,90,True
CON-070238,ACC-10071,MSA-10071-1,2025-01-25,2030-01-25,5,8629929.97,USD,45,active,False,120,False
CON-070239,ACC-10071,MSA-10071-3,2023-02-06,2025-02-06,2,13325974.25,USD,45,expired,True,90,True
CON-070240,ACC-10072,MSA-10072-9,2023-12-18,2025-12-18,2,1801698.58,USD,30,expired,True,90,False
CON-070241,ACC-10072,MSA-10072-7,2024-02-02,2027-02-02,3,213671.29,USD,45,active,True,60,False
CON-070242,ACC-10073,MSA-10073-7,2024-02-16,2029-02-16,5,1045039.83,USD,30,active,False,90,False
CON-070243,ACC-10074,MSA-10074-9,2025-02-07,2026-02-07,1,1737083.36,USD,30,expired,True,30,True
CON-070244,ACC-10075,MSA-10075-9,2022-06-12,2025-06-12,3,3402050.2,USD,30,expired,False,90,False
CON-070245,ACC-10075,MSA-10075-6,2022-05-05,2025-05-05,3,2711284.51,USD,30,expired,True,60,False
CON-070246,ACC-10076,MSA-10076-2,2024-02-07,2029-02-07,5,15318172.5,USD,30,active,False,90,True
CON-070247,ACC-10076,MSA-10076-3,2023-04-05,2026-04-05,3,12632836.09,USD,90,terminated,False,90,True
CON-070248,ACC-10076,MSA-10076-9,2023-05-17,2026-05-17,3,35871089.99,USD,30,active,False,90,False
CON-070249,ACC-10077,MSA-10077-9,2024-04-03,2025-04-03,1,354247.72,EUR,60,expired,True,90,False
CON-070250,ACC-10077,MSA-10077-6,2022-01-16,2023-01-16,1,3483955.03,EUR,30,expired,True,30,True
CON-070251,ACC-10077,MSA-10077-1,2023-08-07,2024-08-07,1,958825.38,EUR,30,expired,True,90,True
CON-070252,ACC-10078,MSA-10078-9,2025-03-15,2026-03-15,1,1694385.03,USD,60,expired,True,60,True
CON-070253,ACC-10078,MSA-10078-5,2025-02-17,2028-02-17,3,15031621.5,USD,45,active,False,60,False
CON-070254,ACC-10079,MSA-10079-7,2024-03-14,2027-03-14,3,26210941.52,USD,30,active,True,30,True
CON-070255,ACC-10079,MSA-10079-6,2024-06-24,2026-06-24,2,3677611.68,USD,45,active,False,60,True
CON-070256,ACC-10079,MSA-10079-4,2025-02-06,2028-02-06,3,11333400.0,USD,30,active,False,120,True
CON-070257,ACC-10080,MSA-10080-1,2022-03-15,2025-03-15,3,5972187.73,USD,45,expired,True,90,False
CON-070258,ACC-10080,MSA-10080-1,2024-07-28,2029-07-28,5,71885684.25,USD,30,active,True,30,True
CON-070259,ACC-10081,MSA-10081-4,2024-09-03,2027-09-03,3,4871405.11,EUR,90,active,True,90,False
CON-070260,ACC-10081,MSA-10081-3,2025-12-22,2028-12-22,3,13142711.35,EUR,30,active,True,90,False
CON-070261,ACC-10082,MSA-10082-2,2024-01-31,2025-01-28,1,4372210.87,USD,45,expired,True,90,True
CON-070262,ACC-10083,MSA-10083-5,2022-01-29,2023-01-28,1,1516610.0,EUR,30,expired,False,90,False
CON-070263,ACC-10084,MSA-10084-7,2022-01-06,2027-01-06,5,1845995.0,USD,60,active,False,60,False
CON-070264,ACC-10084,MSA-10084-4,2025-12-17,2028-12-17,3,1404082.0,USD,45,active,False,30,True
CON-070265,ACC-10085,MSA-10085-5,2023-01-02,2026-01-02,3,219907.5,JPY,30,terminated,True,90,False
CON-070266,ACC-10086,MSA-10086-9,2024-03-26,2025-03-26,1,408019.19,USD,30,expired,False,90,False
CON-070267,ACC-10086,MSA-10086-9,2022-03-20,2024-03-20,2,3169163.19,USD,30,expired,True,90,False
CON-070268,ACC-10087,MSA-10087-2,2025-09-29,2028-09-28,3,9980512.49,USD,60,active,False,60,False
CON-070269,ACC-10087,MSA-10087-6,2023-05-21,2025-05-21,2,1880775.72,USD,45,terminated,False,90,False
CON-070270,ACC-10087,MSA-10087-6,2024-12-07,2029-12-07,5,13267522.83,USD,30,active,True,60,False
CON-070271,ACC-10087,MSA-10087-7,2024-02-13,2026-02-13,2,5334412.71,USD,30,expired,False,60,False
CON-070272,ACC-10088,MSA-10088-8,2023-09-08,2028-09-08,5,10269250.94,USD,45,active,False,90,False
CON-070273,ACC-10088,MSA-10088-1,2024-08-07,2027-08-07,3,1119488.58,USD,30,active,True,90,False
CON-070274,ACC-10089,MSA-10089-9,2024-01-26,2026-01-26,2,2424107.44,USD,30,expired,False,90,False
CON-070275,ACC-10090,MSA-10090-7,2023-12-11,2024-12-11,1,7606424.31,EUR,30,expired,True,90,False
CON-070276,ACC-10090,MSA-10090-3,2023-07-31,2026-07-28,3,4873209.49,EUR,30,active,True,60,False
CON-070277,ACC-10090,MSA-10090-9,2024-05-04,2025-05-04,1,241605.38,EUR,30,expired,True,90,False
CON-070278,ACC-10091,MSA-10091-2,2024-10-07,2027-10-07,3,2484484.3,USD,45,active,False,90,False
CON-070279,ACC-10091,MSA-10091-3,2024-06-06,2029-06-06,5,5423877.51,USD,30,active,True,90,False
CON-070280,ACC-10091,MSA-10091-6,2025-10-07,2026-10-07,1,378717.9,USD,60,active,True,90,False
CON-070281,ACC-10091,MSA-10091-8,2023-04-06,2024-04-06,1,320785.58,USD,45,expired,False,90,False
CON-070282,ACC-10092,MSA-10092-3,2023-10-17,2025-10-17,2,1591153.94,USD,30,expired,False,90,False
CON-070283,ACC-10092,MSA-10092-9,2022-12-08,2025-12-08,3,2876908.5,USD,45,expired,True,30,False
CON-070284,ACC-10093,MSA-10093-6,2024-08-08,2027-08-08,3,13156283.03,USD,90,active,True,90,True
CON-070285,ACC-10093,MSA-10093-7,2025-05-16,2030-05-16,5,9034055.86,USD,90,active,False,30,False
CON-070286,ACC-10094,MSA-10094-5,2025-05-28,2026-05-28,1,1185223.32,USD,30,active,False,60,False
CON-070287,ACC-10095,MSA-10095-3,2022-10-14,2023-10-14,1,225400.72,USD,30,terminated,False,90,True
CON-070288,ACC-10095,MSA-10095-1,2023-06-16,2028-06-16,5,31277417.5,USD,45,active,False,60,True
CON-070289,ACC-10095,MSA-10095-4,2024-12-09,2027-12-09,3,3889786.58,USD,30,active,True,30,False
CON-070290,ACC-10095,MSA-10095-4,2024-07-23,2027-07-23,3,5426463.8,USD,30,active,False,30,True
CON-070291,ACC-10096,MSA-10096-2,2023-05-31,2025-05-28,2,11323703.88,USD,60,expired,False,30,False
CON-070292,ACC-10096,MSA-10096-7,2024-06-26,2025-06-26,1,2294456.02,USD,30,expired,False,30,False
CON-070293,ACC-10097,MSA-10097-5,2023-06-23,2026-06-23,3,2549839.5,USD,30,active,True,90,True
CON-070294,ACC-10097,MSA-10097-5,2024-02-04,2029-02-04,5,6292033.93,USD,30,active,True,60,True
CON-070295,ACC-10098,MSA-10098-4,2022-06-01,2027-06-01,5,11775327.4,USD,90,active,True,60,False
CON-070296,ACC-10098,MSA-10098-6,2023-11-14,2028-11-14,5,1148820.86,USD,30,active,False,90,False
CON-070297,ACC-10099,MSA-10099-7,2023-11-15,2025-11-15,2,514471.95,USD,30,expired,False,30,False
CON-070298,ACC-10099,MSA-10099-4,2024-08-11,2027-08-11,3,711743.25,USD,30,active,False,30,True
CON-070299,ACC-10100,MSA-10100-4,2025-08-31,2028-08-28,3,19528000.67,USD,30,active,False,90,False
CON-070300,ACC-10100,MSA-10100-2,2025-04-23,2027-04-23,2,2083380.0,USD,30,active,False,90,False
CON-070301,ACC-10100,MSA-10100-3,2024-01-07,2027-01-07,3,2177527.5,USD,30,active,True,60,False
CON-070302,ACC-10101,MSA-10101-3,2022-03-21,2025-03-21,3,748059.17,USD,30,expired,True,30,False
CON-070303,ACC-10102,MSA-10102-8,2022-03-03,2023-03-03,1,2912307.98,USD,45,expired,False,90,False
CON-070304,ACC-10102,MSA-10102-2,2023-06-11,2028-06-11,5,4912461.42,USD,30,active,False,90,False
CON-070305,ACC-10103,MSA-10103-1,2022-08-04,2025-08-04,3,1349071.44,USD,60,expired,False,30,False
CON-070306,ACC-10103,MSA-10103-6,2024-02-28,2027-02-28,3,14859612.87,USD,45,active,True,120,False
CON-070307,ACC-10104,MSA-10104-9,2022-09-16,2025-09-16,3,6207069.27,JPY,30,expired,True,120,False
CON-070308,ACC-10105,MSA-10105-3,2022-02-04,2023-02-04,1,1006702.0,USD,45,terminated,True,30,False
CON-070309,ACC-10105,MSA-10105-3,2025-06-02,2030-06-02,5,17425281.49,USD,30,active,False,30,False
CON-070310,ACC-10105,MSA-10105-5,2024-03-11,2029-03-11,5,9230434.12,USD,30,active,True,60,False
CON-070311,ACC-10105,MSA-10105-4,2024-08-13,2027-08-13,3,11201039.25,USD,30,active,False,90,False
CON-070312,ACC-10106,MSA-10106-6,2025-09-25,2026-09-25,1,3324259.34,EUR,60,active,True,90,True
CON-070313,ACC-10106,MSA-10106-2,2024-04-24,2027-04-24,3,3816438.82,EUR,30,active,False,90,False
CON-070314,ACC-10107,MSA-10107-7,2023-10-03,2026-10-03,3,7947355.96,USD,60,active,True,60,False
CON-070315,ACC-10108,MSA-10108-5,2023-08-25,2024-08-25,1,5634607.56,USD,60,expired,True,30,False
CON-070316,ACC-10108,MSA-10108-9,2024-01-17,2025-01-17,1,2821532.96,USD,30,expired,False,60,False
CON-070317,ACC-10108,MSA-10108-8,2023-04-04,2025-04-04,2,2550217.25,USD,30,terminated,True,90,False
CON-070318,ACC-10108,MSA-10108-3,2025-11-28,2028-11-28,3,4547673.6,USD,45,active,True,60,False
CON-070319,ACC-10109,MSA-10109-5,2024-05-31,2025-05-28,1,1324455.3,USD,30,expired,True,30,False
CON-070320,ACC-10109,MSA-10109-8,2025-03-09,2027-03-09,2,5096397.18,USD,45,active,False,90,False
CON-070321,ACC-10109,MSA-10109-8,2025-01-27,2030-01-27,5,5998635.39,USD,30,active,False,90,False
CON-070322,ACC-10110,MSA-10110-6,2024-05-23,2025-05-23,1,2602349.87,GBP,45,expired,False,90,False
CON-070323,ACC-10110,MSA-10110-5,2022-04-18,2025-04-18,3,17473700.87,GBP,30,terminated,True,60,False
CON-070324,ACC-10110,MSA-10110-6,2025-08-31,2028-08-28,3,4790927.87,GBP,90,active,True,30,False
CON-070325,ACC-10111,MSA-10111-3,2025-11-24,2030-11-24,5,891617.49,USD,45,active,True,90,False
CON-070326,ACC-10111,MSA-10111-6,2022-03-26,2024-03-26,2,2824029.82,USD,45,expired,True,60,False
CON-070327,ACC-10112,MSA-10112-7,2025-11-02,2030-11-02,5,9278359.77,USD,45,active,True,60,False
CON-070328,ACC-10113,MSA-10113-3,2025-06-08,2027-06-08,2,761863.97,USD,90,active,False,60,False
CON-070329,ACC-10114,MSA-10114-8,2024-04-11,2025-04-11,1,2297831.0,USD,30,expired,True,90,False
CON-070330,ACC-10114,MSA-10114-9,2025-07-01,2027-07-01,2,917145.11,USD,30,active,False,60,False
CON-070331,ACC-10115,MSA-10115-6,2022-05-14,2027-05-14,5,1724514.29,USD,30,active,False,90,False
CON-070332,ACC-10116,MSA-10116-4,2025-12-11,2027-12-11,2,2400612.38,USD,30,active,False,60,False
CON-070333,ACC-10116,MSA-10116-8,2025-09-21,2030-09-21,5,6472743.75,USD,45,active,False,90,False
CON-070334,ACC-10116,MSA-10116-5,2025-03-06,2028-03-06,3,3485035.12,USD,30,active,False,120,False
CON-070335,ACC-10117,MSA-10117-5,2022-12-08,2025-12-08,3,7124382.15,USD,45,expired,False,30,True
CON-070336,ACC-10118,MSA-10118-6,2024-11-15,2029-11-15,5,12992924.62,USD,30,active,False,60,False
CON-070337,ACC-10118,MSA-10118-2,2025-06-18,2030-06-18,5,2606699.27,USD,45,active,True,60,False
CON-070338,ACC-10118,MSA-10118-4,2025-11-05,2027-11-05,2,1284226.64,USD,30,active,True,90,False
CON-070339,ACC-10119,MSA-10119-5,2025-12-10,2026-12-10,1,340125.58,USD,30,active,True,60,False
CON-070340,ACC-10120,MSA-10120-7,2022-05-09,2025-05-09,3,4216191.85,USD,30,expired,True,60,False
CON-070341,ACC-10121,MSA-10121-8,2024-04-05,2025-04-05,1,1298351.15,USD,60,expired,False,90,False
CON-070342,ACC-10121,MSA-10121-6,2024-10-19,2025-10-19,1,7075067.78,USD,60,expired,False,90,False
CON-070343,ACC-10121,MSA-10121-4,2022-09-20,2025-09-20,3,3155013.6,USD,45,expired,True,60,False
CON-070344,ACC-10122,MSA-10122-2,2023-10-04,2025-10-04,2,4056634.99,EUR,30,terminated,True,90,False
CON-070345,ACC-10122,MSA-10122-9,2022-05-05,2025-05-05,3,871621.2,EUR,30,terminated,True,30,False
CON-070346,ACC-10123,MSA-10123-1,2022-08-09,2023-08-09,1,1188866.79,USD,45,expired,False,60,False
CON-070347,ACC-10123,MSA-10123-1,2023-10-26,2028-10-26,5,1515973.6,USD,45,active,False,90,False
CON-070348,ACC-10123,MSA-10123-7,2025-02-16,2028-02-16,3,4131202.5,USD,30,active,False,90,False
CON-070349,ACC-10124,MSA-10124-7,2023-08-17,2025-08-17,2,3302220.16,USD,30,expired,True,90,False
CON-070350,ACC-10124,MSA-10124-7,2023-08-08,2025-08-08,2,1173768.6,USD,30,terminated,False,90,False
CON-070351,ACC-10125,MSA-10125-7,2025-05-17,2027-05-17,2,450684.86,USD,30,active,False,60,False
CON-070352,ACC-10125,MSA-10125-8,2022-11-23,2027-11-23,5,3244533.75,USD,30,active,False,30,False
CON-070353,ACC-10126,MSA-10126-1,2025-07-27,2028-07-27,3,4206132.46,USD,30,active,False,90,False
CON-070354,ACC-10127,MSA-10127-5,2025-12-10,2027-12-10,2,20092339.28,USD,60,active,False,90,False
CON-070355,ACC-10127,MSA-10127-9,2023-11-13,2026-11-13,3,8494716.86,USD,60,active,False,30,False
CON-070356,ACC-10127,MSA-10127-4,2022-12-04,2024-12-04,2,2087379.73,USD,30,expired,False,30,False
CON-070357,ACC-10128,MSA-10128-4,2022-05-28,2025-05-28,3,1662256.06,USD,45,expired,True,90,False
CON-070358,ACC-10129,MSA-10129-4,2024-09-06,2027-09-06,3,1994288.56,EUR,30,active,False,60,False
CON-070359,ACC-10129,MSA-10129-9,2022-07-14,2027-07-14,5,7007799.08,EUR,45,active,True,60,True
CON-070360,ACC-10129,MSA-10129-8,2024-07-14,2026-07-14,2,2431262.75,EUR,30,active,True,30,True
CON-070361,ACC-10129,MSA-10129-8,2024-06-29,2027-06-28,3,4950046.5,EUR,30,active,True,90,False
CON-070362,ACC-10130,MSA-10130-8,2024-05-14,2027-05-14,3,945600.0,USD,30,active,False,60,False
CON-070363,ACC-10130,MSA-10130-8,2025-01-23,2030-01-23,5,9378819.11,USD,30,active,False,60,False
CON-070364,ACC-10130,MSA-10130-9,2023-01-22,2028-01-22,5,36208359.98,USD,90,active,False,90,False
CON-070365,ACC-10131,MSA-10131-6,2024-12-03,2029-12-03,5,1649642.86,USD,30,active,False,30,True
CON-070366,ACC-10132,MSA-10132-3,2024-03-01,2027-03-01,3,2873337.6,USD,60,active,False,60,False
CON-070367,ACC-10132,MSA-10132-9,2025-11-10,2030-11-10,5,5505952.22,USD,45,active,False,90,True
CON-070368,ACC-10133,MSA-10133-7,2024-05-11,2027-05-11,3,747782.15,USD,30,active,True,90,False
CON-070369,ACC-10133,MSA-10133-3,2025-09-14,2030-09-14,5,12557266.78,USD,60,active,False,120,False
CON-070370,ACC-10134,MSA-10134-3,2023-05-05,2025-05-05,2,21277186.66,USD,45,expired,False,30,False
CON-070371,ACC-10134,MSA-10134-7,2025-05-15,2028-05-15,3,2680192.11,USD,30,active,True,90,False
CON-070372,ACC-10134,MSA-10134-2,2023-04-14,2026-04-14,3,1942748.55,USD,60,expired,False,90,True
CON-070373,ACC-10135,MSA-10135-1,2024-08-21,2027-08-21,3,973482.86,GBP,60,active,True,60,False
CON-070374,ACC-10136,MSA-10136-7,2025-06-01,2026-06-01,1,603740.46,USD,30,active,False,60,False
CON-070375,ACC-10137,MSA-10137-4,2022-12-08,2023-12-08,1,5266173.48,USD,30,expired,True,60,False
CON-070376,ACC-10137,MSA-10137-2,2024-05-01,2025-05-01,1,4267221.42,USD,30,expired,False,120,False
CON-070377,ACC-10137,MSA-10137-9,2023-12-28,2028-12-28,5,11455759.18,USD,30,active,False,30,False
CON-070378,ACC-10137,MSA-10137-8,2025-03-05,2027-03-05,2,1881545.78,USD,60,active,False,60,False
CON-070379,ACC-10138,MSA-10138-3,2022-12-06,2024-12-06,2,6040105.55,USD,30,expired,False,120,False
CON-070380,ACC-10138,MSA-10138-5,2025-11-29,2028-11-28,3,5291728.37,USD,30,active,True,90,False
CON-070381,ACC-10139,MSA-10139-1,2025-05-09,2028-05-09,3,525691.79,USD,30,active,True,90,False
CON-070382,ACC-10140,MSA-10140-4,2022-03-21,2025-03-21,3,1093411.73,JPY,30,expired,False,30,False
CON-070383,ACC-10140,MSA-10140-7,2023-09-26,2025-09-26,2,6244373.06,JPY,45,terminated,False,30,False
CON-070384,ACC-10141,MSA-10141-9,2023-11-01,2025-11-01,2,1917438.58,USD,30,expired,True,60,False
CON-070385,ACC-10141,MSA-10141-4,2022-10-30,2023-10-28,1,1542796.43,USD,90,expired,False,90,False
CON-070386,ACC-10142,MSA-10142-6,2023-09-07,2024-09-07,1,1001212.05,USD,45,expired,False,90,False
CON-070387,ACC-10143,MSA-10143-5,2022-09-23,2024-09-23,2,1323228.14,USD,30,expired,False,90,False
CON-070388,ACC-10143,MSA-10143-7,2022-08-21,2025-08-21,3,4052553.68,USD,30,expired,False,60,False
CON-070389,ACC-10143,MSA-10143-7,2024-06-04,2027-06-04,3,5581162.53,USD,30,active,True,60,False
CON-070390,ACC-10144,MSA-10144-9,2022-03-27,2023-03-27,1,2852892.08,GBP,45,expired,False,30,True
CON-070391,ACC-10144,MSA-10144-7,2023-11-29,2026-11-28,3,1365990.38,GBP,60,active,False,60,True
CON-070392,ACC-10144,MSA-10144-9,2023-07-29,2028-07-28,5,4562936.39,GBP,45,active,False,60,True
CON-070393,ACC-10145,MSA-10145-1,2025-01-29,2027-01-28,2,2151717.16,USD,30,active,True,90,False
CON-070394,ACC-10146,MSA-10146-3,2025-10-29,2028-10-28,3,4534881.51,USD,45,active,False,120,False
CON-070395,ACC-10147,MSA-10147-4,2023-05-25,2026-05-25,3,1474821.43,USD,45,active,True,90,False
CON-070396,ACC-10148,MSA-10148-5,2022-09-10,2025-09-10,3,17052663.72,USD,60,expired,True,60,False
CON-070397,ACC-10148,MSA-10148-8,2022-08-15,2025-08-15,3,5803944.99,USD,30,terminated,True,60,False
CON-070398,ACC-10149,MSA-10149-5,2022-10-24,2027-10-24,5,874591.4,JPY,30,active,False,120,False
CON-070399,ACC-10149,MSA-10149-6,2025-09-30,2026-09-28,1,3030361.21,JPY,30,active,True,60,False
CON-070400,ACC-10149,MSA-10149-6,2023-11-20,2026-11-20,3,2744999.56,JPY,45,active,True,120,False
CON-070401,ACC-10149,MSA-10149-5,2023-06-10,2025-06-10,2,3786642.83,JPY,30,expired,False,30,False
CON-070402,ACC-10150,MSA-10150-3,2025-11-12,2027-11-12,2,489473.12,USD,45,active,True,30,True
CON-070403,ACC-10151,MSA-10151-8,2025-03-16,2026-03-16,1,1581032.44,USD,45,terminated,True,60,False
CON-070404,ACC-10151,MSA-10151-3,2024-07-09,2025-07-09,1,2218477.69,USD,45,expired,True,30,False
CON-070405,ACC-10152,MSA-10152-5,2024-06-09,2027-06-09,3,2006611.44,USD,30,active,False,30,False
CON-070406,ACC-10153,MSA-10153-9,2022-02-11,2023-02-11,1,862220.31,USD,30,terminated,False,90,False
CON-070407,ACC-10153,MSA-10153-4,2022-09-16,2023-09-16,1,910272.52,USD,60,expired,False,30,False
CON-070408,ACC-10153,MSA-10153-1,2022-07-03,2024-07-03,2,22691578.18,USD,30,expired,False,90,False
CON-070409,ACC-10153,MSA-10153-1,2023-12-25,2028-12-25,5,9090214.39,USD,30,active,True,60,False
CON-070410,ACC-10154,MSA-10154-6,2025-05-12,2026-05-12,1,736382.21,USD,30,expired,False,90,True
CON-070411,ACC-10154,MSA-10154-5,2022-02-04,2025-02-04,3,2556965.48,USD,60,expired,True,90,False
CON-070412,ACC-10155,MSA-10155-1,2024-05-09,2027-05-09,3,1205115.71,USD,30,active,True,120,False
CON-070413,ACC-10156,MSA-10156-5,2024-01-26,2026-01-26,2,6130747.75,USD,30,expired,True,30,False
CON-070414,ACC-10157,MSA-10157-5,2025-11-28,2027-11-28,2,1581226.7,USD,30,active,False,30,False
CON-070415,ACC-10157,MSA-10157-2,2025-12-22,2027-12-22,2,1111227.33,USD,90,active,False,90,False
CON-070416,ACC-10158,MSA-10158-2,2022-10-03,2025-10-03,3,2748403.9,USD,45,terminated,True,120,False
CON-070417,ACC-10159,MSA-10159-8,2024-02-12,2029-02-12,5,6486430.19,USD,30,active,True,60,True
CON-070418,ACC-10160,MSA-10160-1,2022-07-08,2025-07-08,3,1556800.13,USD,30,expired,False,90,False
CON-070419,ACC-10160,MSA-10160-4,2023-01-31,2026-01-28,3,3342301.11,USD,90,terminated,True,60,False
CON-070420,ACC-10160,MSA-10160-9,2022-12-26,2025-12-26,3,1515586.38,USD,30,expired,True,90,False
CON-070421,ACC-10161,MSA-10161-5,2023-12-03,2024-12-03,1,1382033.02,USD,60,expired,True,90,False
CON-070422,ACC-10161,MSA-10161-7,2023-01-08,2025-01-08,2,1477693.0,USD,60,expired,False,30,False
CON-070423,ACC-10162,MSA-10162-7,2025-08-07,2027-08-07,2,1493543.83,USD,30,active,False,90,False
CON-070424,ACC-10162,MSA-10162-2,2022-03-04,2023-03-04,1,3047273.23,USD,30,expired,False,60,False
CON-070425,ACC-10163,MSA-10163-5,2023-12-07,2025-12-07,2,189172.0,USD,90,expired,True,90,True
CON-070426,ACC-10163,MSA-10163-6,2022-11-02,2027-11-02,5,3870109.28,USD,45,active,False,90,True
CON-070427,ACC-10164,MSA-10164-7,2022-05-16,2027-05-16,5,965431.97,USD,30,active,True,90,False
CON-070428,ACC-10165,MSA-10165-6,2024-04-05,2029-04-05,5,20445070.0,USD,45,active,True,60,False
CON-070429,ACC-10165,MSA-10165-8,2022-12-17,2023-12-17,1,682133.16,USD,30,terminated,True,90,False
CON-070430,ACC-10166,MSA-10166-1,2023-01-25,2025-01-25,2,2300487.0,USD,60,terminated,True,60,True
CON-070431,ACC-10166,MSA-10166-8,2023-02-24,2028-02-24,5,890514.28,USD,30,active,False,60,False
CON-070432,ACC-10167,MSA-10167-9,2023-01-09,2025-01-09,2,4439917.2,USD,30,expired,True,60,False
CON-070433,ACC-10167,MSA-10167-3,2022-08-24,2025-08-24,3,12413530.77,USD,45,expired,True,60,False
CON-070434,ACC-10167,MSA-10167-9,2025-07-12,2030-07-12,5,5113531.88,USD,30,active,False,90,False
CON-070435,ACC-10167,MSA-10167-5,2025-10-28,2027-10-28,2,4146329.67,USD,45,active,False,90,False
CON-070436,ACC-10168,MSA-10168-7,2025-06-02,2028-06-02,3,12302191.14,USD,30,active,True,90,False
CON-070437,ACC-10168,MSA-10168-5,2022-11-12,2023-11-12,1,917819.01,USD,45,expired,False,120,False
CON-070438,ACC-10169,MSA-10169-2,2024-03-10,2027-03-10,3,9616157.23,USD,30,active,True,90,True
CON-070439,ACC-10169,MSA-10169-4,2022-12-03,2023-12-03,1,867975.39,USD,45,terminated,True,90,True
CON-070440,ACC-10170,MSA-10170-1,2022-09-03,2025-09-03,3,13788898.81,USD,30,expired,True,60,False
CON-070441,ACC-10170,MSA-10170-3,2025-06-25,2027-06-25,2,2553064.73,USD,45,active,True,60,False
CON-070442,ACC-10170,MSA-10170-2,2024-11-19,2025-11-19,1,6669402.12,USD,30,expired,False,90,False
CON-070443,ACC-10171,MSA-10171-6,2022-02-22,2023-02-22,1,2324924.5,USD,30,expired,True,30,False
CON-070444,ACC-10171,MSA-10171-2,2022-03-11,2025-03-11,3,8316894.38,USD,45,expired,True,120,False
CON-070445,ACC-10171,MSA-10171-6,2022-12-21,2025-12-21,3,10423563.51,USD,30,expired,False,30,False
CON-070446,ACC-10172,MSA-10172-2,2024-02-16,2029-02-16,5,1277884.51,USD,60,active,False,30,False
CON-070447,ACC-10172,MSA-10172-4,2022-12-26,2027-12-26,5,26257469.28,USD,30,active,False,90,False
CON-070448,ACC-10173,MSA-10173-7,2024-05-24,2025-05-24,1,9899091.49,USD,30,terminated,True,60,False
CON-070449,ACC-10173,MSA-10173-7,2022-02-10,2023-02-10,1,6907090.08,USD,30,expired,False,60,False
CON-070450,ACC-10174,MSA-10174-4,2022-12-21,2025-12-21,3,633190.88,USD,90,terminated,False,90,False
CON-070451,ACC-10175,MSA-10175-3,2024-01-02,2027-01-02,3,4608008.5,USD,30,active,False,60,False
CON-070452,ACC-10175,MSA-10175-4,2025-03-14,2026-03-14,1,1707421.17,USD,45,expired,False,90,False
CON-070453,ACC-10176,MSA-10176-8,2024-08-20,2027-08-20,3,8227683.75,USD,30,active,True,60,False
CON-070454,ACC-10176,MSA-10176-9,2025-09-14,2026-09-14,1,434194.65,USD,90,active,False,120,False
CON-070455,ACC-10176,MSA-10176-5,2023-05-25,2024-05-25,1,1016863.06,USD,30,expired,True,90,False
CON-070456,ACC-10176,MSA-10176-9,2025-02-17,2027-02-17,2,3181312.48,USD,45,active,True,90,False
CON-070457,ACC-10177,MSA-10177-1,2022-09-24,2025-09-24,3,1899351.75,USD,45,terminated,True,90,False
CON-070458,ACC-10177,MSA-10177-7,2022-09-24,2025-09-24,3,1729069.66,USD,45,expired,False,60,False
CON-070459,ACC-10178,MSA-10178-6,2023-09-24,2024-09-24,1,616898.77,USD,60,expired,True,90,False
CON-070460,ACC-10178,MSA-10178-8,2022-10-31,2023-10-28,1,851221.63,USD,30,expired,True,90,False
CON-070461,ACC-10179,MSA-10179-7,2023-11-15,2026-11-15,3,3271117.44,USD,90,active,True,90,False
CON-070462,ACC-10180,MSA-10180-9,2023-11-08,2026-11-08,3,773259.75,USD,45,active,True,90,False
CON-070463,ACC-10181,MSA-10181-4,2025-12-04,2028-12-04,3,33529409.57,USD,30,active,True,30,False
CON-070464,ACC-10181,MSA-10181-1,2022-12-23,2023-12-23,1,1850819.13,USD,45,expired,False,90,False
CON-070465,ACC-10181,MSA-10181-1,2025-09-14,2026-09-14,1,1877775.92,USD,45,active,True,90,False
CON-070466,ACC-10181,MSA-10181-2,2022-05-07,2025-05-07,3,1005032.13,USD,45,expired,False,90,False
CON-070467,ACC-10182,MSA-10182-9,2022-11-20,2025-11-20,3,3439722.88,USD,30,expired,False,120,True
CON-070468,ACC-10182,MSA-10182-3,2023-11-14,2026-11-14,3,2075557.48,USD,60,active,False,90,False
CON-070469,ACC-10182,MSA-10182-2,2023-12-30,2025-12-28,2,884817.17,USD,30,expired,True,60,True
CON-070470,ACC-10182,MSA-10182-4,2025-06-30,2026-06-28,1,2945014.0,USD,45,active,True,60,False
CON-070471,ACC-10183,MSA-10183-2,2023-12-01,2025-12-01,2,1254487.0,EUR,30,expired,True,90,False
CON-070472,ACC-10183,MSA-10183-9,2025-08-24,2030-08-24,5,4542726.77,EUR,60,active,True,90,False
CON-070473,ACC-10184,MSA-10184-5,2025-03-19,2026-03-19,1,1607608.51,USD,30,expired,False,90,False
CON-070474,ACC-10184,MSA-10184-9,2022-07-04,2023-07-04,1,4684681.48,USD,45,expired,False,60,False
CON-070475,ACC-10184,MSA-10184-7,2023-03-01,2024-03-01,1,1601384.63,USD,90,expired,True,90,False
CON-070476,ACC-10185,MSA-10185-6,2024-06-11,2027-06-11,3,2365387.49,USD,60,active,True,30,False
CON-070477,ACC-10185,MSA-10185-3,2024-04-08,2027-04-08,3,985737.59,USD,30,active,False,60,False
CON-070478,ACC-10185,MSA-10185-1,2025-06-09,2026-06-09,1,1301960.0,USD,30,active,True,60,False
CON-070479,ACC-10186,MSA-10186-6,2025-04-20,2026-04-20,1,555870.96,USD,60,expired,False,90,False
CON-070480,ACC-10187,MSA-10187-2,2023-06-27,2026-06-27,3,3010259.08,USD,45,active,True,30,False
CON-070481,ACC-10188,MSA-10188-7,2023-05-13,2026-05-13,3,2322200.11,USD,30,expired,True,30,False
CON-070482,ACC-10188,MSA-10188-4,2024-10-31,2026-10-28,2,768784.24,USD,90,active,False,60,False
CON-070483,ACC-10189,MSA-10189-4,2024-07-23,2027-07-23,3,2907884.73,USD,30,active,False,60,False
CON-070484,ACC-10190,MSA-10190-1,2024-07-09,2029-07-09,5,8566876.59,USD,30,active,False,90,True
CON-070485,ACC-10190,MSA-10190-2,2022-01-31,2025-01-28,3,424658.3,USD,30,expired,True,60,True
CON-070486,ACC-10190,MSA-10190-1,2023-04-27,2024-04-27,1,1264152.38,USD,90,expired,True,30,False
CON-070487,ACC-10190,MSA-10190-7,2024-04-07,2027-04-07,3,1624896.64,USD,60,active,True,30,False
CON-070488,ACC-10191,MSA-10191-7,2025-08-18,2026-08-18,1,2627951.12,GBP,45,active,True,60,False
CON-070489,ACC-10191,MSA-10191-9,2025-05-27,2028-05-27,3,2256756.15,GBP,30,active,False,60,False
CON-070490,ACC-10192,MSA-10192-8,2023-09-12,2026-09-12,3,2811729.94,USD,30,active,True,90,False
CON-070491,ACC-10192,MSA-10192-3,2022-07-04,2024-07-04,2,6243719.57,USD,30,expired,False,60,False
CON-070492,ACC-10193,MSA-10193-9,2022-01-01,2024-01-01,2,3896307.02,USD,60,expired,False,90,False
CON-070493,ACC-10193,MSA-10193-2,2024-02-04,2025-02-04,1,768017.25,USD,45,expired,False,60,False
CON-070494,ACC-10193,MSA-10193-1,2025-09-07,2026-09-07,1,290268.05,USD,45,active,True,60,False
CON-070495,ACC-10194,MSA-10194-1,2025-12-05,2027-12-05,2,1227606.02,USD,30,active,True,90,False
CON-070496,ACC-10194,MSA-10194-9,2025-02-23,2030-02-23,5,14070025.0,USD,60,active,True,90,False
CON-070497,ACC-10195,MSA-10195-1,2023-04-12,2024-04-12,1,949446.55,USD,30,expired,False,120,False
CON-070498,ACC-10196,MSA-10196-3,2022-07-24,2024-07-24,2,180247.93,EUR,60,expired,True,90,False
CON-070499,ACC-10197,MSA-10197-5,2025-06-25,2030-06-25,5,3530280.0,USD,90,active,True,60,False
CON-070500,ACC-10197,MSA-10197-2,2025-06-18,2028-06-18,3,6603873.59,USD,30,active,True,60,False
CON-070501,ACC-10198,MSA-10198-4,2022-03-06,2025-03-06,3,2742847.47,USD,30,expired,False,90,False
CON-070502,ACC-10198,MSA-10198-3,2025-11-05,2026-11-05,1,4917778.01,USD,30,active,True,30,False
CON-070503,ACC-10198,MSA-10198-3,2022-01-17,2025-01-17,3,1533988.7,USD,30,expired,True,30,False
CON-070504,ACC-10199,MSA-10199-4,2022-07-15,2025-07-15,3,3281952.26,USD,60,expired,True,30,False
CON-070505,ACC-10200,MSA-10200-3,2024-03-15,2025-03-15,1,3183481.86,EUR,30,expired,True,90,False
CON-070506,ACC-10200,MSA-10200-2,2023-12-26,2025-12-26,2,4250112.71,EUR,30,expired,True,30,False
CON-070507,ACC-10201,MSA-10201-9,2023-11-12,2024-11-12,1,678018.07,USD,45,expired,True,90,False
CON-070508,ACC-10202,MSA-10202-3,2022-04-21,2023-04-21,1,175240.5,USD,30,expired,False,60,False
CON-070509,ACC-10202,MSA-10202-3,2024-12-10,2027-12-10,3,361205.03,USD,30,active,True,30,False
CON-070510,ACC-10203,MSA-10203-2,2024-06-17,2025-06-17,1,3367339.37,GBP,30,terminated,False,30,False
CON-070511,ACC-10203,MSA-10203-9,2025-08-27,2030-08-27,5,531528.57,GBP,45,active,False,90,False
CON-070512,ACC-10204,MSA-10204-7,2024-03-13,2027-03-13,3,968907.71,USD,30,active,False,90,False
CON-070513,ACC-10204,MSA-10204-6,2022-06-22,2027-06-22,5,2541755.34,USD,30,active,False,90,False
CON-070514,ACC-10205,MSA-10205-5,2022-11-06,2024-11-06,2,2090813.29,USD,30,expired,False,90,False
CON-070515,ACC-10205,MSA-10205-6,2025-12-27,2026-12-27,1,224437.5,USD,90,active,True,90,False
CON-070516,ACC-10206,MSA-10206-7,2023-02-19,2025-02-19,2,98081.9,GBP,45,expired,False,90,False
CON-070517,ACC-10206,MSA-10206-6,2025-02-28,2028-02-28,3,3266412.61,GBP,30,active,True,90,False
CON-070518,ACC-10207,MSA-10207-2,2023-10-24,2026-10-24,3,2283472.43,USD,30,active,True,120,False
CON-070519,ACC-10207,MSA-10207-9,2023-10-11,2026-10-11,3,2916056.78,USD,45,active,True,60,False
CON-070520,ACC-10208,MSA-10208-6,2023-03-05,2026-03-05,3,4756594.05,USD,30,expired,True,90,False
CON-070521,ACC-10208,MSA-10208-2,2023-02-04,2026-02-04,3,1966387.21,USD,30,expired,False,90,False
CON-070522,ACC-10209,MSA-10209-8,2024-12-19,2027-12-19,3,6815836.17,USD,30,active,False,90,False
CON-070523,ACC-10210,MSA-10210-2,2023-04-07,2028-04-07,5,25164896.44,USD,45,active,False,90,False
CON-070524,ACC-10210,MSA-10210-7,2022-11-21,2025-11-21,3,11113264.25,USD,30,expired,False,30,False
CON-070525,ACC-10211,MSA-10211-1,2023-06-13,2026-06-13,3,2435109.74,USD,30,active,False,90,False
CON-070526,ACC-10211,MSA-10211-8,2023-05-12,2025-05-12,2,11168881.02,USD,60,expired,True,30,False
CON-070527,ACC-10211,MSA-10211-7,2023-10-15,2025-10-15,2,5621365.66,USD,60,terminated,False,90,True
CON-070528,ACC-10212,MSA-10212-3,2024-07-12,2029-07-12,5,22352224.55,USD,30,active,True,90,False
CON-070529,ACC-10212,MSA-10212-5,2024-09-17,2029-09-17,5,4854494.4,USD,30,active,True,90,False
CON-070530,ACC-10213,MSA-10213-9,2024-02-22,2027-02-22,3,7485539.59,USD,60,active,True,90,False
CON-070531,ACC-10213,MSA-10213-4,2023-09-20,2024-09-20,1,1908163.12,USD,45,terminated,True,30,False
CON-070532,ACC-10213,MSA-10213-6,2022-03-19,2025-03-19,3,11188790.39,USD,30,expired,False,30,False
CON-070533,ACC-10213,MSA-10213-5,2023-12-16,2026-12-16,3,9898243.48,USD,30,active,True,90,False
CON-070534,ACC-10214,MSA-10214-8,2023-06-25,2026-06-25,3,1988387.5,USD,30,active,False,120,False
CON-070535,ACC-10214,MSA-10214-7,2023-03-24,2025-03-24,2,2574480.72,USD,30,expired,False,120,False
CON-070536,ACC-10215,MSA-10215-2,2023-04-03,2024-04-03,1,1090680.02,USD,30,expired,True,90,False
CON-070537,ACC-10216,MSA-10216-9,2022-04-09,2024-04-09,2,3137309.0,USD,60,expired,False,60,False
CON-070538,ACC-10216,MSA-10216-6,2025-10-13,2028-10-13,3,17543255.55,USD,30,active,False,90,False
CON-070539,ACC-10216,MSA-10216-2,2022-11-23,2024-11-23,2,1497796.72,USD,30,expired,False,30,False
CON-070540,ACC-10216,MSA-10216-3,2022-09-09,2025-09-09,3,5185224.15,USD,30,expired,True,60,False
CON-070541,ACC-10217,MSA-10217-8,2024-04-27,2026-04-27,2,1264231.14,USD,30,expired,False,60,False
CON-070542,ACC-10217,MSA-10217-8,2023-11-27,2026-11-27,3,990342.15,USD,30,active,True,90,True
CON-070543,ACC-10218,MSA-10218-2,2022-06-06,2023-06-06,1,147417.38,USD,45,expired,True,60,False
CON-070544,ACC-10219,MSA-10219-3,2024-09-19,2027-09-19,3,6550059.75,USD,30,active,True,90,False
CON-070545,ACC-10219,MSA-10219-5,2023-08-16,2024-08-16,1,264157.81,USD,45,expired,True,90,False
CON-070546,ACC-10220,MSA-10220-4,2024-11-28,2027-11-28,3,3230798.75,EUR,60,active,True,120,False
CON-070547,ACC-10221,MSA-10221-2,2024-08-29,2027-08-28,3,1119749.97,USD,60,active,True,60,True
CON-070548,ACC-10221,MSA-10221-2,2024-04-20,2026-04-20,2,404032.12,USD,30,expired,True,90,True
CON-070549,ACC-10222,MSA-10222-7,2022-02-25,2025-02-25,3,20665336.33,USD,30,expired,True,90,False
CON-070550,ACC-10222,MSA-10222-7,2023-09-18,2028-09-18,5,25419014.38,USD,45,active,False,60,False
CON-070551,ACC-10222,MSA-10222-5,2022-09-01,2025-09-01,3,5821033.14,USD,60,expired,False,60,False
CON-070552,ACC-10223,MSA-10223-7,2022-11-26,2023-11-26,1,1317078.95,USD,30,expired,False,90,False
CON-070553,ACC-10223,MSA-10223-7,2025-06-15,2028-06-15,3,3870564.69,USD,30,active,False,90,False
CON-070554,ACC-10223,MSA-10223-3,2023-02-22,2026-02-22,3,1020158.57,USD,30,expired,True,60,False
CON-070555,ACC-10223,MSA-10223-9,2023-04-08,2024-04-08,1,1704225.3,USD,30,expired,False,60,False
CON-070556,ACC-10224,MSA-10224-8,2024-05-08,2027-05-08,3,4668137.89,USD,30,active,False,30,False
CON-070557,ACC-10224,MSA-10224-8,2022-10-07,2024-10-07,2,2918007.23,USD,30,expired,True,90,False
CON-070558,ACC-10225,MSA-10225-5,2025-04-05,2027-04-05,2,1215896.08,EUR,30,active,True,60,False
CON-070559,ACC-10225,MSA-10225-8,2022-08-02,2024-08-02,2,705251.09,EUR,30,expired,False,90,False
CON-070560,ACC-10226,MSA-10226-2,2023-03-12,2025-03-12,2,2545248.0,USD,30,terminated,False,90,False
CON-070561,ACC-10226,MSA-10226-4,2025-03-03,2028-03-03,3,1076870.22,USD,30,active,True,120,False
CON-070562,ACC-10227,MSA-10227-8,2023-07-10,2026-07-10,3,2824192.6,GBP,45,active,True,90,False
CON-070563,ACC-10228,MSA-10228-4,2023-01-13,2026-01-13,3,8468728.17,JPY,30,expired,False,60,False
CON-070564,ACC-10228,MSA-10228-8,2023-10-31,2024-10-28,1,1771834.31,JPY,45,terminated,True,90,True
CON-070565,ACC-10228,MSA-10228-9,2025-08-03,2026-08-03,1,3509925.5,JPY,30,active,False,120,True
CON-070566,ACC-10229,MSA-10229-8,2025-05-12,2026-05-12,1,269171.97,USD,30,expired,True,90,False
CON-070567,ACC-10229,MSA-10229-1,2025-04-04,2028-04-04,3,3308369.24,USD,30,active,True,120,False
CON-070568,ACC-10230,MSA-10230-5,2025-02-14,2030-02-14,5,998311.8,USD,30,active,True,90,False
CON-070569,ACC-10231,MSA-10231-6,2023-11-02,2026-11-02,3,2942272.36,EUR,30,active,True,30,False
CON-070570,ACC-10231,MSA-10231-3,2025-04-18,2026-04-18,1,1678579.25,EUR,45,expired,True,120,True
CON-070571,ACC-10231,MSA-10231-8,2022-06-24,2023-06-24,1,1990011.07,EUR,30,terminated,False,90,True
CON-070572,ACC-10231,MSA-10231-8,2025-06-01,2028-06-01,3,3913566.46,EUR,30,active,False,60,False
CON-070573,ACC-10232,MSA-10232-2,2023-11-21,2026-11-21,3,2248074.0,GBP,45,active,True,30,False
CON-070574,ACC-10233,MSA-10233-6,2024-08-29,2027-08-28,3,1187530.51,USD,30,active,False,90,False
CON-070575,ACC-10234,MSA-10234-8,2024-02-16,2027-02-16,3,5459240.26,USD,45,active,False,60,False
CON-070576,ACC-10234,MSA-10234-7,2024-01-02,2025-01-02,1,1240976.16,USD,60,expired,True,60,False
CON-070577,ACC-10234,MSA-10234-1,2022-08-03,2027-08-03,5,8745515.15,USD,60,active,True,60,False
CON-070578,ACC-10234,MSA-10234-2,2024-04-03,2025-04-03,1,2775895.31,USD,45,expired,True,30,False
CON-070579,ACC-10235,MSA-10235-2,2024-05-20,2029-05-20,5,2601046.3,USD,30,active,False,60,False
CON-070580,ACC-10236,MSA-10236-3,2025-07-28,2026-07-28,1,858094.99,USD,30,active,True,90,False
CON-070581,ACC-10236,MSA-10236-1,2023-05-07,2025-05-07,2,1350543.28,USD,45,expired,True,90,False
CON-070582,ACC-10237,MSA-10237-4,2024-06-02,2025-06-02,1,480914.3,USD,30,expired,True,90,False
CON-070583,ACC-10237,MSA-10237-1,2024-04-28,2025-04-28,1,734807.12,USD,90,expired,True,120,False
CON-070584,ACC-10237,MSA-10237-5,2024-08-02,2027-08-02,3,6585470.25,USD,90,active,True,60,False
CON-070585,ACC-10238,MSA-10238-8,2024-04-14,2025-04-14,1,6696832.63,EUR,90,expired,False,90,False
CON-070586,ACC-10238,MSA-10238-2,2024-08-29,2025-08-28,1,4277274.58,EUR,30,terminated,False,60,False
CON-070587,ACC-10238,MSA-10238-2,2022-08-15,2027-08-15,5,5516591.92,EUR,90,active,False,120,True
CON-070588,ACC-10238,MSA-10238-6,2024-10-01,2027-10-01,3,2742991.28,EUR,30,active,False,90,True
CON-070589,ACC-10239,MSA-10239-9,2023-03-23,2026-03-23,3,2270034.0,EUR,45,expired,False,60,True
CON-070590,ACC-10239,MSA-10239-9,2025-03-09,2028-03-09,3,3013938.69,EUR,45,active,False,90,False
CON-070591,ACC-10240,MSA-10240-1,2025-06-19,2027-06-19,2,513012.89,USD,30,active,True,90,False
CON-070592,ACC-10240,MSA-10240-7,2025-05-07,2027-05-07,2,4908156.17,USD,30,active,False,90,False
CON-070593,ACC-10240,MSA-10240-6,2025-05-28,2026-05-28,1,1993789.75,USD,30,active,False,90,False
CON-070594,ACC-10240,MSA-10240-1,2023-01-30,2028-01-28,5,9510381.88,USD,60,active,True,90,False
CON-070595,ACC-10241,MSA-10241-9,2022-04-24,2023-04-24,1,1561449.73,EUR,30,expired,False,90,False
CON-070596,ACC-10241,MSA-10241-7,2022-01-24,2024-01-24,2,7709935.61,EUR,30,expired,True,60,False
CON-070597,ACC-10241,MSA-10241-6,2024-04-19,2029-04-19,5,21180059.61,EUR,30,active,True,60,False
CON-070598,ACC-10241,MSA-10241-7,2024-04-25,2027-04-25,3,840502.75,EUR,30,active,False,90,False
CON-070599,ACC-10242,MSA-10242-8,2022-08-15,2025-08-15,3,2281541.78,USD,30,expired,False,60,False
CON-070600,ACC-10242,MSA-10242-6,2025-01-24,2028-01-24,3,2117734.31,USD,30,active,True,60,False
CON-070601,ACC-10243,MSA-10243-4,2022-06-18,2023-06-18,1,4158051.35,USD,30,expired,True,90,False
CON-070602,ACC-10243,MSA-10243-2,2025-12-02,2028-12-02,3,23021330.59,USD,30,active,False,90,True
CON-070603,ACC-10243,MSA-10243-7,2023-08-07,2024-08-07,1,3301195.25,USD,30,expired,True,90,False
CON-070604,ACC-10243,MSA-10243-7,2024-10-01,2026-10-01,2,2053425.02,USD,90,active,False,90,False
CON-070605,ACC-10244,MSA-10244-3,2025-09-26,2027-09-26,2,3317121.88,EUR,45,active,True,120,True
CON-070606,ACC-10244,MSA-10244-2,2023-03-10,2025-03-10,2,607432.69,EUR,30,expired,False,60,False
CON-070607,ACC-10244,MSA-10244-7,2023-10-10,2028-10-10,5,6108300.0,EUR,45,active,False,60,False
CON-070608,ACC-10245,MSA-10245-2,2025-06-12,2028-06-12,3,2876038.78,USD,45,active,False,120,False
CON-070609,ACC-10246,MSA-10246-5,2022-07-21,2023-07-21,1,1610083.96,USD,60,expired,True,60,False
CON-070610,ACC-10246,MSA-10246-6,2024-01-28,2027-01-28,3,2996422.85,USD,30,active,True,60,False
CON-070611,ACC-10246,MSA-10246-4,2023-04-13,2025-04-13,2,8248960.05,USD,45,terminated,False,60,False
CON-070612,ACC-10247,MSA-10247-6,2024-04-01,2029-04-01,5,6410983.68,USD,30,active,False,90,False
CON-070613,ACC-10247,MSA-10247-8,2024-07-09,2027-07-09,3,5804760.81,USD,90,active,False,90,False
CON-070614,ACC-10248,MSA-10248-5,2022-12-27,2023-12-27,1,1847725.35,USD,45,expired,False,120,False
CON-070615,ACC-10249,MSA-10249-5,2023-04-22,2026-04-22,3,1317288.22,USD,30,terminated,True,90,True
CON-070616,ACC-10249,MSA-10249-1,2022-06-08,2027-06-08,5,5760979.84,USD,45,active,False,90,True
CON-070617,ACC-10250,MSA-10250-7,2022-11-17,2023-11-17,1,745642.17,USD,30,expired,False,60,False
CON-070618,ACC-10250,MSA-10250-2,2024-07-15,2027-07-15,3,12009750.44,USD,45,active,False,120,False
CON-070619,ACC-10250,MSA-10250-1,2022-12-18,2025-12-18,3,3338033.35,USD,30,expired,True,90,False
CON-070620,ACC-10251,MSA-10251-1,2025-02-09,2026-02-09,1,1331573.05,USD,60,terminated,True,90,False
CON-070621,ACC-10251,MSA-10251-2,2023-11-14,2025-11-14,2,1329802.0,USD,30,expired,False,90,False
CON-070622,ACC-10252,MSA-10252-4,2022-06-05,2024-06-05,2,5102307.4,USD,30,expired,True,60,False
CON-070623,ACC-10252,MSA-10252-2,2025-03-15,2030-03-15,5,34415883.22,USD,30,active,True,30,False
CON-070624,ACC-10253,MSA-10253-6,2023-06-05,2028-06-05,5,57303895.74,USD,30,active,False,90,False
CON-070625,ACC-10253,MSA-10253-5,2025-12-26,2028-12-26,3,4594238.82,USD,60,active,True,60,False
CON-070626,ACC-10254,MSA-10254-6,2025-04-21,2028-04-21,3,2192436.26,USD,30,active,False,90,False
CON-070627,ACC-10254,MSA-10254-7,2022-04-18,2023-04-18,1,1205653.8,USD,90,expired,False,90,False
CON-070628,ACC-10254,MSA-10254-6,2022-04-23,2024-04-23,2,13217473.3,USD,90,terminated,True,60,False
CON-070629,ACC-10254,MSA-10254-3,2023-08-13,2028-08-13,5,5954328.6,USD,45,active,False,90,False
CON-070630,ACC-10255,MSA-10255-3,2024-05-27,2027-05-27,3,25877202.59,USD,30,active,True,90,False
CON-070631,ACC-10255,MSA-10255-6,2022-12-12,2023-12-12,1,2928781.95,USD,30,expired,False,60,False
CON-070632,ACC-10256,MSA-10256-1,2022-10-08,2025-10-08,3,4219322.34,GBP,30,terminated,False,30,False
CON-070633,ACC-10256,MSA-10256-2,2023-03-28,2025-03-28,2,13809939.79,GBP,30,expired,True,90,False
CON-070634,ACC-10256,MSA-10256-1,2023-09-01,2028-09-01,5,2385994.05,GBP,45,active,False,90,False
CON-070635,ACC-10257,MSA-10257-3,2023-04-29,2026-04-28,3,2911130.54,USD,30,expired,True,90,False
CON-070636,ACC-10257,MSA-10257-1,2023-01-11,2025-01-11,2,1564986.72,USD,30,terminated,False,90,False
CON-070637,ACC-10258,MSA-10258-1,2025-07-29,2027-07-28,2,4878157.27,USD,60,active,True,60,False
CON-070638,ACC-10258,MSA-10258-6,2025-04-03,2028-04-03,3,1926364.94,USD,45,active,True,90,False
CON-070639,ACC-10259,MSA-10259-9,2022-02-09,2025-02-09,3,1079246.48,USD,90,expired,True,120,False
CON-070640,ACC-10259,MSA-10259-2,2023-07-11,2026-07-11,3,3484101.56,USD,30,active,True,60,False
CON-070641,ACC-10259,MSA-10259-7,2025-08-14,2026-08-14,1,992536.11,USD,30,active,False,30,False
CON-070642,ACC-10259,MSA-10259-3,2025-08-26,2027-08-26,2,2086681.19,USD,45,active,False,90,False
CON-070643,ACC-10260,MSA-10260-3,2022-02-01,2027-02-01,5,17741120.51,JPY,60,active,False,90,True
CON-070644,ACC-10260,MSA-10260-1,2024-07-28,2026-07-28,2,152220.37,JPY,30,active,True,90,True
CON-070645,ACC-10260,MSA-10260-8,2023-08-25,2024-08-25,1,2565574.62,JPY,30,expired,True,90,True
CON-070646,ACC-10261,MSA-10261-7,2025-12-29,2028-12-28,3,2363322.57,USD,30,active,True,30,False
CON-070647,ACC-10261,MSA-10261-1,2024-04-21,2027-04-21,3,21878080.33,USD,60,active,True,90,False
CON-070648,ACC-10261,MSA-10261-9,2023-05-31,2024-05-28,1,2858689.27,USD,60,expired,True,120,False
CON-070649,ACC-10262,MSA-10262-7,2024-02-25,2025-02-25,1,1326671.27,USD,45,expired,True,30,False
CON-070650,ACC-10262,MSA-10262-2,2025-03-10,2028-03-10,3,11076199.94,USD,45,active,False,90,False
CON-070651,ACC-10262,MSA-10262-5,2024-09-14,2027-09-14,3,2575282.27,USD,30,active,True,90,False
CON-070652,ACC-10263,MSA-10263-5,2024-10-07,2026-10-07,2,5312436.23,USD,60,active,True,90,False
CON-070653,ACC-10264,MSA-10264-5,2023-12-27,2024-12-27,1,2657763.36,EUR,30,expired,True,90,True
CON-070654,ACC-10264,MSA-10264-1,2023-07-20,2025-07-20,2,3229201.0,EUR,30,expired,False,90,False
CON-070655,ACC-10265,MSA-10265-5,2023-10-21,2024-10-21,1,815142.18,USD,45,expired,True,120,False
CON-070656,ACC-10266,MSA-10266-9,2024-11-04,2027-11-04,3,1717481.08,USD,60,active,True,90,False
CON-070657,ACC-10267,MSA-10267-6,2023-05-09,2025-05-09,2,6044414.3,USD,45,expired,False,60,False
CON-070658,ACC-10268,MSA-10268-4,2025-11-30,2026-11-28,1,216560.0,USD,60,active,False,90,False
CON-070659,ACC-10268,MSA-10268-1,2024-05-12,2027-05-12,3,12956757.5,USD,45,active,True,30,False
CON-070660,ACC-10269,MSA-10269-4,2025-08-05,2026-08-05,1,173560.56,USD,90,active,False,90,False
CON-070661,ACC-10269,MSA-10269-5,2022-10-21,2025-10-21,3,10818298.05,USD,45,expired,False,90,False
CON-070662,ACC-10270,MSA-10270-5,2023-08-09,2025-08-09,2,710797.16,USD,60,expired,True,30,False
CON-070663,ACC-10271,MSA-10271-4,2023-08-30,2026-08-28,3,723597.93,USD,60,active,True,30,False
CON-070664,ACC-10272,MSA-10272-6,2025-03-07,2026-03-07,1,3288355.54,USD,30,expired,False,30,True
CON-070665,ACC-10272,MSA-10272-6,2024-10-10,2026-10-10,2,11641281.15,USD,30,active,True,90,True
CON-070666,ACC-10272,MSA-10272-3,2022-12-02,2027-12-02,5,8539106.64,USD,45,active,True,60,False
CON-070667,ACC-10273,MSA-10273-8,2022-05-25,2024-05-25,2,4667531.79,USD,30,expired,True,30,False
CON-070668,ACC-10273,MSA-10273-1,2023-02-22,2026-02-22,3,324974.4,USD,30,expired,True,120,False
CON-070669,ACC-10274,MSA-10274-7,2024-10-28,2027-10-28,3,433234.14,USD,30,active,False,30,False
CON-070670,ACC-10274,MSA-10274-5,2022-01-29,2025-01-28,3,296274.27,USD,30,expired,True,60,False
CON-070671,ACC-10275,MSA-10275-6,2023-03-04,2026-03-04,3,1761515.62,USD,30,expired,False,120,False
CON-070672,ACC-10275,MSA-10275-2,2022-01-30,2025-01-28,3,1340255.59,USD,45,expired,True,60,False
CON-070673,ACC-10276,MSA-10276-8,2023-11-27,2028-11-27,5,3761602.25,EUR,45,active,True,90,False
CON-070674,ACC-10276,MSA-10276-8,2024-11-17,2029-11-17,5,3613852.25,EUR,30,active,False,90,False
CON-070675,ACC-10277,MSA-10277-8,2024-03-03,2027-03-03,3,4472825.5,USD,30,active,False,30,False
CON-070676,ACC-10277,MSA-10277-6,2024-04-12,2029-04-12,5,23152653.39,USD,30,active,True,30,False
CON-070677,ACC-10277,MSA-10277-1,2024-02-23,2027-02-23,3,3295716.01,USD,30,active,False,90,False
CON-070678,ACC-10277,MSA-10277-1,2024-04-16,2025-04-16,1,1510354.66,USD,90,expired,False,60,False
CON-070679,ACC-10278,MSA-10278-1,2025-05-28,2028-05-28,3,13476680.42,USD,30,active,False,60,False
CON-070680,ACC-10278,MSA-10278-9,2025-04-12,2027-04-12,2,6437092.77,USD,60,active,False,120,False
CON-070681,ACC-10279,MSA-10279-6,2024-12-05,2025-12-05,1,130537.5,EUR,45,expired,False,90,False
CON-070682,ACC-10280,MSA-10280-9,2023-07-28,2024-07-28,1,1377251.92,USD,60,expired,False,60,False
CON-070683,ACC-10280,MSA-10280-7,2022-07-04,2025-07-04,3,2916158.21,USD,30,expired,True,60,False
CON-070684,ACC-10281,MSA-10281-4,2025-01-15,2026-01-15,1,1601112.36,GBP,45,expired,True,30,False
CON-070685,ACC-10281,MSA-10281-1,2025-02-01,2030-02-01,5,9390390.39,GBP,30,active,False,90,False
CON-070686,ACC-10282,MSA-10282-4,2025-05-05,2026-05-05,1,203459.0,USD,45,expired,True,30,False
CON-070687,ACC-10282,MSA-10282-2,2025-12-17,2026-12-17,1,1310325.44,USD,60,active,True,90,False
CON-070688,ACC-10283,MSA-10283-8,2023-04-01,2028-04-01,5,8737050.76,USD,30,active,False,60,False
CON-070689,ACC-10283,MSA-10283-3,2024-07-11,2029-07-11,5,34138225.09,USD,60,active,False,90,False
CON-070690,ACC-10283,MSA-10283-2,2025-12-11,2030-12-11,5,12303387.64,USD,30,active,True,120,False
CON-070691,ACC-10283,MSA-10283-3,2025-07-18,2028-07-18,3,12185148.14,USD,60,active,True,90,False
CON-070692,ACC-10284,MSA-10284-2,2023-05-10,2028-05-10,5,27860600.03,JPY,30,active,True,60,False
CON-070693,ACC-10284,MSA-10284-3,2023-10-04,2025-10-04,2,17879811.17,JPY,30,expired,False,90,False
CON-070694,ACC-10284,MSA-10284-7,2023-07-20,2028-07-20,5,3949558.53,JPY,30,active,False,60,False
CON-070695,ACC-10285,MSA-10285-5,2022-11-20,2025-11-20,3,3585885.71,USD,30,expired,False,60,False
CON-070696,ACC-10285,MSA-10285-7,2023-02-10,2025-02-10,2,395774.55,USD,45,terminated,True,60,False
CON-070697,ACC-10286,MSA-10286-7,2024-12-18,2027-12-18,3,5841374.14,USD,45,active,False,90,False
CON-070698,ACC-10287,MSA-10287-1,2022-09-21,2027-09-21,5,9853732.14,USD,45,active,False,60,False
CON-070699,ACC-10287,MSA-10287-4,2022-10-10,2025-10-10,3,1436615.75,USD,45,expired,True,30,False
CON-070700,ACC-10288,MSA-10288-4,2022-10-07,2025-10-07,3,450709.64,USD,30,terminated,False,90,False
CON-070701,ACC-10289,MSA-10289-5,2024-02-15,2029-02-15,5,2577300.0,USD,30,active,False,60,False
CON-070702,ACC-10289,MSA-10289-8,2024-05-26,2026-05-26,2,4396732.14,USD,30,active,False,60,False
CON-070703,ACC-10289,MSA-10289-8,2024-08-27,2026-08-27,2,3313608.28,USD,30,active,False,30,False
CON-070704,ACC-10290,MSA-10290-9,2024-03-17,2026-03-17,2,10277721.05,EUR,30,expired,False,90,False
CON-070705,ACC-10290,MSA-10290-6,2023-10-26,2026-10-26,3,4831718.61,EUR,30,active,False,60,False
CON-070706,ACC-10290,MSA-10290-5,2025-10-11,2028-10-11,3,14627875.5,EUR,45,active,False,30,False
CON-070707,ACC-10291,MSA-10291-2,2023-10-25,2025-10-25,2,4270722.82,USD,30,expired,True,30,False
CON-070708,ACC-10291,MSA-10291-5,2024-03-08,2025-03-08,1,292946.94,USD,45,terminated,False,60,False
CON-070709,ACC-10292,MSA-10292-1,2025-09-25,2027-09-25,2,7315504.0,USD,30,active,True,90,False
CON-070710,ACC-10293,MSA-10293-4,2022-11-27,2023-11-27,1,440089.51,EUR,30,expired,True,120,False
CON-070711,ACC-10293,MSA-10293-9,2022-09-07,2024-09-07,2,2509785.78,EUR,30,expired,True,30,False
CON-070712,ACC-10294,MSA-10294-9,2024-09-11,2025-09-11,1,123214.29,USD,30,expired,False,60,False
CON-070713,ACC-10295,MSA-10295-4,2022-09-02,2024-09-02,2,862106.43,USD,60,terminated,False,90,False
CON-070714,ACC-10296,MSA-10296-2,2022-06-13,2025-06-13,3,7493400.13,USD,45,expired,False,90,True
CON-070715,ACC-10297,MSA-10297-5,2025-05-08,2027-05-08,2,6720693.85,USD,90,active,True,90,False
CON-070716,ACC-10297,MSA-10297-3,2022-01-17,2023-01-17,1,421458.75,USD,30,expired,True,60,False
CON-070717,ACC-10297,MSA-10297-3,2022-08-16,2025-08-16,3,3494487.5,USD,45,expired,True,90,False
CON-070718,ACC-10298,MSA-10298-1,2025-04-25,2028-04-25,3,6611988.03,EUR,30,active,False,90,False
CON-070719,ACC-10298,MSA-10298-3,2022-02-18,2025-02-18,3,4657995.36,EUR,30,expired,True,60,False
CON-070720,ACC-10299,MSA-10299-4,2025-06-03,2028-06-03,3,9989018.04,EUR,30,active,False,60,False
CON-070721,ACC-10299,MSA-10299-8,2024-04-04,2025-04-04,1,5850834.21,EUR,30,expired,False,90,False
CON-070722,ACC-10299,MSA-10299-5,2024-01-31,2027-01-28,3,5829484.76,EUR,30,active,True,90,False
CON-070723,ACC-10299,MSA-10299-6,2024-10-18,2026-10-18,2,1096424.53,EUR,45,active,True,90,False
CON-070724,ACC-10300,MSA-10300-3,2023-11-02,2026-11-02,3,1868479.28,USD,30,active,False,60,False
CON-070725,ACC-10300,MSA-10300-4,2024-03-14,2027-03-14,3,6878397.5,USD,45,active,False,120,False
CON-070726,ACC-10301,MSA-10301-2,2023-03-06,2025-03-06,2,2496728.22,USD,30,expired,False,120,False
CON-070727,ACC-10301,MSA-10301-5,2022-01-05,2025-01-05,3,1555897.06,USD,30,expired,False,30,False
CON-070728,ACC-10302,MSA-10302-2,2024-01-25,2026-01-25,2,915140.87,USD,30,terminated,False,30,False
CON-070729,ACC-10303,MSA-10303-1,2025-06-12,2027-06-12,2,680874.0,USD,30,active,False,60,False
CON-070730,ACC-10303,MSA-10303-3,2022-11-24,2025-11-24,3,9097005.04,USD,45,expired,False,30,True
CON-070731,ACC-10304,MSA-10304-8,2022-03-01,2025-03-01,3,1129742.8,USD,30,expired,False,90,False
CON-070732,ACC-10304,MSA-10304-7,2025-01-01,2026-01-01,1,1070335.26,USD,45,expired,True,90,False
CON-070733,ACC-10305,MSA-10305-7,2024-01-26,2027-01-26,3,6104586.62,USD,45,active,True,90,False
CON-070734,ACC-10306,MSA-10306-4,2025-04-20,2030-04-20,5,3572336.36,USD,30,active,False,60,False
CON-070735,ACC-10306,MSA-10306-6,2025-12-09,2026-12-09,1,521677.14,USD,45,active,False,90,False
CON-070736,ACC-10307,MSA-10307-3,2023-02-06,2026-02-06,3,5213748.0,USD,30,terminated,False,90,False
CON-070737,ACC-10307,MSA-10307-3,2023-01-31,2025-01-28,2,3999822.22,USD,60,terminated,True,30,False
CON-070738,ACC-10308,MSA-10308-7,2025-01-17,2030-01-17,5,2242411.42,USD,30,active,False,30,False
CON-070739,ACC-10308,MSA-10308-6,2025-05-12,2028-05-12,3,3440315.28,USD,30,active,True,90,False
CON-070740,ACC-10308,MSA-10308-4,2025-08-30,2026-08-28,1,864263.53,USD,30,active,False,30,False
CON-070741,ACC-10309,MSA-10309-4,2025-08-01,2026-08-01,1,303103.95,USD,30,active,False,90,False
CON-070742,ACC-10309,MSA-10309-4,2023-01-27,2024-01-27,1,6849097.68,USD,30,expired,True,120,False
CON-070743,ACC-10309,MSA-10309-5,2022-07-30,2024-07-28,2,4592850.88,USD,45,terminated,True,30,False
CON-070744,ACC-10309,MSA-10309-3,2025-01-09,2028-01-09,3,2029451.06,USD,30,active,True,90,False
CON-070745,ACC-10310,MSA-10310-3,2025-12-05,2026-12-05,1,1343206.12,USD,30,active,False,90,False
CON-070746,ACC-10311,MSA-10311-8,2024-05-23,2027-05-23,3,2564536.91,GBP,30,active,True,60,True
CON-070747,ACC-10311,MSA-10311-8,2022-08-26,2024-08-26,2,4414470.0,GBP,45,expired,True,30,True
CON-070748,ACC-10312,MSA-10312-2,2024-06-08,2026-06-08,2,15994828.0,USD,30,active,False,60,False
CON-070749,ACC-10312,MSA-10312-3,2023-06-14,2025-06-14,2,3387825.78,USD,45,expired,True,90,False
CON-070750,ACC-10312,MSA-10312-7,2022-03-04,2025-03-04,3,5146641.22,USD,30,expired,False,90,False
CON-070751,ACC-10313,MSA-10313-1,2022-02-16,2027-02-16,5,1152815.77,USD,60,active,False,90,False
CON-070752,ACC-10314,MSA-10314-9,2025-10-15,2030-10-15,5,14781926.86,GBP,30,active,True,90,False
CON-070753,ACC-10314,MSA-10314-3,2022-08-22,2024-08-22,2,4046038.5,GBP,45,expired,False,90,False
CON-070754,ACC-10314,MSA-10314-4,2022-04-14,2023-04-14,1,3494637.38,GBP,60,expired,True,90,False
CON-070755,ACC-10314,MSA-10314-7,2025-06-09,2027-06-09,2,4552156.76,GBP,60,active,False,30,False
CON-070756,ACC-10315,MSA-10315-4,2025-01-16,2027-01-16,2,6093110.0,USD,30,active,True,120,False
CON-070757,ACC-10316,MSA-10316-1,2024-03-20,2025-03-20,1,963051.07,JPY,30,expired,True,30,False
CON-070758,ACC-10316,MSA-10316-3,2023-01-20,2026-01-20,3,2111932.91,JPY,60,expired,True,90,False
CON-070759,ACC-10317,MSA-10317-2,2024-07-04,2025-07-04,1,1786494.81,USD,45,expired,False,60,False
CON-070760,ACC-10318,MSA-10318-8,2022-03-27,2025-03-27,3,507005.37,JPY,45,expired,True,90,False
CON-070761,ACC-10319,MSA-10319-7,2025-07-24,2026-07-24,1,730100.0,USD,45,active,False,60,True
CON-070762,ACC-10319,MSA-10319-6,2024-10-12,2026-10-12,2,7128559.45,USD,45,active,False,30,True
CON-070763,ACC-10319,MSA-10319-5,2024-05-28,2027-05-28,3,22841927.97,USD,45,active,True,90,False
CON-070764,ACC-10320,MSA-10320-1,2022-03-07,2025-03-07,3,10587078.48,USD,30,expired,True,60,False
CON-070765,ACC-10320,MSA-10320-4,2023-12-05,2026-12-05,3,3104394.31,USD,45,active,False,90,False
CON-070766,ACC-10321,MSA-10321-6,2023-11-09,2025-11-09,2,4862311.64,GBP,45,expired,True,60,False
CON-070767,ACC-10321,MSA-10321-7,2022-04-15,2024-04-15,2,4116416.85,GBP,30,expired,True,90,False
CON-070768,ACC-10321,MSA-10321-4,2023-05-22,2026-05-22,3,15554847.14,GBP,30,active,False,30,False
CON-070769,ACC-10322,MSA-10322-3,2022-06-01,2025-06-01,3,7995583.98,USD,60,terminated,True,30,False
CON-070770,ACC-10322,MSA-10322-3,2024-01-27,2025-01-27,1,4211284.96,USD,30,expired,False,90,False
CON-070771,ACC-10322,MSA-10322-2,2025-04-13,2028-04-13,3,6221292.94,USD,30,active,False,120,False
CON-070772,ACC-10322,MSA-10322-6,2024-06-25,2025-06-25,1,3742977.18,USD,30,terminated,True,90,False
CON-070773,ACC-10323,MSA-10323-2,2025-08-16,2030-08-16,5,2744981.61,GBP,30,active,True,90,False
CON-070774,ACC-10324,MSA-10324-7,2024-05-18,2027-05-18,3,1292874.96,USD,60,active,True,120,False
CON-070775,ACC-10325,MSA-10325-2,2025-03-03,2030-03-03,5,12183944.37,USD,60,active,False,90,False
CON-070776,ACC-10325,MSA-10325-3,2025-04-11,2028-04-11,3,5718204.0,USD,45,active,True,90,False
CON-070777,ACC-10326,MSA-10326-4,2024-06-18,2027-06-18,3,4249794.84,USD,45,active,False,60,False
CON-070778,ACC-10326,MSA-10326-4,2023-08-15,2028-08-15,5,14131074.28,USD,30,active,True,90,False
CON-070779,ACC-10326,MSA-10326-3,2025-02-18,2028-02-18,3,1821210.33,USD,30,active,True,60,False
CON-070780,ACC-10327,MSA-10327-2,2025-05-10,2028-05-10,3,3328095.65,USD,60,active,True,60,True
CON-070781,ACC-10327,MSA-10327-9,2024-07-03,2027-07-03,3,2821150.51,USD,30,active,False,120,False
CON-070782,ACC-10328,MSA-10328-4,2022-01-20,2027-01-20,5,3460155.62,USD,30,active,True,90,False
CON-070783,ACC-10328,MSA-10328-5,2025-11-13,2026-11-13,1,3127074.98,USD,45,active,True,90,False
CON-070784,ACC-10328,MSA-10328-1,2023-11-13,2025-11-13,2,2984256.5,USD,30,expired,True,30,False
CON-070785,ACC-10328,MSA-10328-3,2025-01-15,2030-01-15,5,16840700.74,USD,30,active,False,90,False
CON-070786,ACC-10329,MSA-10329-4,2025-06-05,2026-06-05,1,2262257.47,USD,30,active,True,60,False
CON-070787,ACC-10329,MSA-10329-9,2023-04-26,2025-04-26,2,2954058.72,USD,30,expired,True,90,False
CON-070788,ACC-10329,MSA-10329-2,2022-05-14,2025-05-14,3,2283840.81,USD,30,expired,True,60,False
CON-070789,ACC-10329,MSA-10329-2,2023-02-13,2025-02-13,2,5021294.67,USD,60,expired,False,60,False
CON-070790,ACC-10330,MSA-10330-7,2022-02-03,2025-02-03,3,8226982.16,JPY,45,expired,False,30,False
CON-070791,ACC-10331,MSA-10331-5,2023-12-05,2025-12-05,2,2242698.0,USD,90,expired,False,90,False
CON-070792,ACC-10331,MSA-10331-8,2024-09-09,2025-09-09,1,6333975.87,USD,30,expired,True,60,False
CON-070793,ACC-10332,MSA-10332-8,2025-08-08,2026-08-08,1,1574254.0,USD,60,active,True,30,False
CON-070794,ACC-10333,MSA-10333-1,2024-01-05,2027-01-05,3,1509130.88,USD,30,active,False,60,False
CON-070795,ACC-10333,MSA-10333-7,2024-04-17,2027-04-17,3,3007918.22,USD,30,active,False,90,False
CON-070796,ACC-10334,MSA-10334-7,2022-05-27,2024-05-27,2,2013905.82,USD,30,expired,False,90,False
CON-070797,ACC-10334,MSA-10334-3,2022-06-22,2025-06-22,3,4178776.18,USD,60,expired,True,60,False
CON-070798,ACC-10334,MSA-10334-6,2024-01-30,2025-01-28,1,2425382.09,USD,30,expired,False,60,True
CON-070799,ACC-10335,MSA-10335-4,2023-08-08,2028-08-08,5,11797220.54,USD,30,active,True,120,False
CON-070800,ACC-10335,MSA-10335-5,2025-04-19,2028-04-19,3,1290320.01,USD,30,active,False,90,False
CON-070801,ACC-10336,MSA-10336-8,2023-11-15,2026-11-15,3,12016698.58,USD,30,active,False,60,False
CON-070802,ACC-10336,MSA-10336-6,2023-07-21,2028-07-21,5,14040055.88,USD,30,active,True,60,False
CON-070803,ACC-10336,MSA-10336-9,2025-08-07,2028-08-07,3,5913047.41,USD,30,active,True,90,False
CON-070804,ACC-10337,MSA-10337-7,2023-09-12,2024-09-12,1,1274242.96,USD,30,expired,True,30,False
CON-070805,ACC-10337,MSA-10337-9,2024-10-14,2027-10-14,3,11113534.48,USD,45,active,True,90,False
CON-070806,ACC-10337,MSA-10337-5,2025-10-19,2030-10-19,5,1521049.97,USD,30,active,True,90,False
CON-070807,ACC-10338,MSA-10338-2,2022-03-26,2024-03-26,2,1071977.16,USD,30,expired,False,90,False
CON-070808,ACC-10339,MSA-10339-2,2023-05-11,2026-05-11,3,351333.94,USD,30,expired,True,90,False
CON-070809,ACC-10339,MSA-10339-7,2022-06-21,2023-06-21,1,1711066.5,USD,30,expired,True,60,False
CON-070810,ACC-10340,MSA-10340-2,2023-09-14,2026-09-14,3,729849.5,USD,45,active,True,90,False
CON-070811,ACC-10340,MSA-10340-7,2022-08-03,2025-08-03,3,8703430.09,USD,30,expired,False,90,False
CON-070812,ACC-10340,MSA-10340-2,2022-03-04,2023-03-04,1,3405494.55,USD,60,expired,True,60,False
CON-070813,ACC-10341,MSA-10341-6,2023-11-17,2026-11-17,3,708570.65,USD,90,active,False,30,False
CON-070814,ACC-10341,MSA-10341-4,2024-09-04,2029-09-04,5,2611375.62,USD,30,active,True,30,False
CON-070815,ACC-10342,MSA-10342-2,2024-11-11,2026-11-11,2,1106472.57,USD,60,active,False,30,False
CON-070816,ACC-10342,MSA-10342-5,2023-06-10,2026-06-10,3,2891308.56,USD,30,active,False,30,False
CON-070817,ACC-10343,MSA-10343-5,2025-07-07,2030-07-07,5,24675557.17,USD,30,active,True,90,False
CON-070818,ACC-10343,MSA-10343-9,2025-02-03,2028-02-03,3,12649778.6,USD,30,active,False,90,False
CON-070819,ACC-10343,MSA-10343-7,2024-09-27,2027-09-27,3,3392606.74,USD,30,active,True,30,False
CON-070820,ACC-10343,MSA-10343-6,2023-10-14,2028-10-14,5,3612689.92,USD,60,active,False,60,False
CON-070821,ACC-10344,MSA-10344-9,2022-08-14,2025-08-14,3,789269.28,GBP,60,expired,False,90,True
CON-070822,ACC-10345,MSA-10345-9,2022-04-11,2023-04-11,1,757681.19,USD,60,expired,True,90,False
CON-070823,ACC-10345,MSA-10345-7,2024-09-22,2026-09-22,2,712033.92,USD,30,active,False,60,False
CON-070824,ACC-10345,MSA-10345-2,2022-10-10,2027-10-10,5,5808758.08,USD,30,active,False,30,False
CON-070825,ACC-10346,MSA-10346-6,2023-06-17,2024-06-17,1,735923.88,USD,30,expired,True,90,False
CON-070826,ACC-10346,MSA-10346-8,2025-03-18,2028-03-18,3,16727953.99,USD,45,active,True,120,False
CON-070827,ACC-10346,MSA-10346-6,2024-04-20,2027-04-20,3,2695816.92,USD,30,active,True,90,False
CON-070828,ACC-10347,MSA-10347-3,2023-06-06,2026-06-06,3,754232.86,USD,30,active,True,90,False
CON-070829,ACC-10347,MSA-10347-5,2024-02-03,2027-02-03,3,2417467.48,USD,30,active,True,30,False
CON-070830,ACC-10347,MSA-10347-4,2023-09-08,2026-09-08,3,2069431.25,USD,45,active,False,90,False
CON-070831,ACC-10347,MSA-10347-3,2022-09-12,2025-09-12,3,9259824.82,USD,30,expired,False,90,False
CON-070832,ACC-10348,MSA-10348-5,2022-07-20,2025-07-20,3,4050970.64,EUR,45,expired,False,60,False
CON-070833,ACC-10348,MSA-10348-7,2023-03-14,2024-03-14,1,981489.73,EUR,90,expired,True,60,False
CON-070834,ACC-10348,MSA-10348-8,2022-05-09,2027-05-09,5,3440512.99,EUR,30,active,False,30,False
CON-070835,ACC-10349,MSA-10349-7,2022-05-20,2025-05-20,3,2389452.65,GBP,45,terminated,False,30,True
CON-070836,ACC-10349,MSA-10349-7,2025-12-04,2027-12-04,2,4693219.14,GBP,30,active,True,90,True
CON-070837,ACC-10350,MSA-10350-8,2023-07-27,2025-07-27,2,3706365.0,USD,45,expired,True,120,False
CON-070838,ACC-10351,MSA-10351-6,2024-08-10,2029-08-10,5,2450522.31,USD,45,active,False,90,False
CON-070839,ACC-10351,MSA-10351-8,2023-06-10,2026-06-10,3,19153456.04,USD,60,active,False,60,False
CON-070840,ACC-10351,MSA-10351-9,2024-08-04,2026-08-04,2,4258996.59,USD,45,active,True,60,False
CON-070841,ACC-10351,MSA-10351-4,2025-05-20,2028-05-20,3,8882917.75,USD,30,active,False,90,False
CON-070842,ACC-10352,MSA-10352-1,2022-11-30,2027-11-28,5,136896.42,USD,30,active,False,60,False
CON-070843,ACC-10352,MSA-10352-7,2023-11-26,2024-11-26,1,1733851.84,USD,90,expired,False,60,False
CON-070844,ACC-10353,MSA-10353-6,2023-04-05,2028-04-05,5,10387687.14,GBP,30,active,True,90,False
CON-070845,ACC-10353,MSA-10353-5,2022-01-01,2027-01-01,5,2632428.58,GBP,30,active,False,30,False
CON-070846,ACC-10354,MSA-10354-8,2022-08-04,2024-08-04,2,9837496.53,USD,30,expired,True,90,False
CON-070847,ACC-10354,MSA-10354-7,2024-03-04,2026-03-04,2,7574425.93,USD,30,expired,True,90,False
CON-070848,ACC-10354,MSA-10354-4,2023-04-02,2024-04-02,1,7341939.12,USD,30,expired,True,30,False
CON-070849,ACC-10355,MSA-10355-9,2024-04-01,2027-04-01,3,157380.0,USD,30,active,False,30,False
CON-070850,ACC-10355,MSA-10355-2,2023-10-24,2026-10-24,3,320852.25,USD,30,active,False,120,False
CON-070851,ACC-10356,MSA-10356-8,2024-12-01,2029-12-01,5,23936854.27,GBP,90,active,True,90,False
CON-070852,ACC-10356,MSA-10356-6,2022-02-26,2025-02-26,3,770177.49,GBP,45,expired,False,60,False
CON-070853,ACC-10356,MSA-10356-8,2024-04-29,2027-04-28,3,10953778.98,GBP,60,active,True,60,False
CON-070854,ACC-10356,MSA-10356-9,2025-11-03,2028-11-03,3,1169681.25,GBP,90,active,True,60,True
CON-070855,ACC-10357,MSA-10357-4,2025-11-26,2026-11-26,1,495451.79,USD,30,active,False,30,False
CON-070856,ACC-10358,MSA-10358-9,2024-12-30,2027-12-28,3,3495695.08,USD,30,active,True,90,False
CON-070857,ACC-10358,MSA-10358-3,2025-12-12,2028-12-12,3,629742.88,USD,30,active,True,60,False
CON-070858,ACC-10358,MSA-10358-2,2025-02-25,2026-02-25,1,2575103.5,USD,30,expired,True,60,False
CON-070859,ACC-10359,MSA-10359-2,2023-10-23,2026-10-23,3,6300314.29,USD,45,active,False,90,False
CON-070860,ACC-10359,MSA-10359-5,2023-09-27,2024-09-27,1,5067006.06,USD,45,expired,True,60,False
CON-070861,ACC-10359,MSA-10359-7,2025-07-25,2028-07-25,3,7240781.45,USD,45,active,True,60,True
CON-070862,ACC-10359,MSA-10359-4,2022-12-10,2025-12-10,3,3237778.9,USD,30,terminated,True,60,True
CON-070863,ACC-10360,MSA-10360-6,2024-07-31,2026-07-28,2,2734453.21,USD,45,active,False,90,True
CON-070864,ACC-10360,MSA-10360-4,2023-07-13,2026-07-13,3,1252341.41,USD,30,active,True,90,True
CON-070865,ACC-10360,MSA-10360-1,2022-01-22,2025-01-22,3,9119919.38,USD,90,terminated,False,90,True
CON-070866,ACC-10360,MSA-10360-4,2023-08-05,2024-08-05,1,621506.37,USD,45,expired,False,30,True
CON-070867,ACC-10361,MSA-10361-8,2023-01-11,2024-01-11,1,3632998.13,GBP,60,expired,False,60,False
CON-070868,ACC-10361,MSA-10361-3,2022-02-14,2025-02-14,3,2817485.67,GBP,60,terminated,True,60,False
CON-070869,ACC-10361,MSA-10361-5,2024-02-02,2027-02-02,3,8324070.0,GBP,60,active,False,60,False
CON-070870,ACC-10361,MSA-10361-1,2022-05-21,2025-05-21,3,5492054.85,GBP,45,expired,False,60,False
CON-070871,ACC-10362,MSA-10362-2,2022-05-30,2025-05-28,3,1177811.64,USD,30,expired,False,30,True
CON-070872,ACC-10362,MSA-10362-7,2024-05-05,2027-05-05,3,2180700.0,USD,30,active,False,30,False
CON-070873,ACC-10363,MSA-10363-5,2025-02-10,2026-02-10,1,6083798.7,USD,60,terminated,True,60,True
CON-070874,ACC-10363,MSA-10363-5,2025-07-18,2028-07-18,3,1686640.47,USD,30,active,True,30,True
CON-070875,ACC-10363,MSA-10363-5,2023-08-05,2026-08-05,3,553837.41,USD,30,active,True,30,False
CON-070876,ACC-10364,MSA-10364-2,2025-05-29,2028-05-28,3,22795848.57,USD,90,active,False,30,False
CON-070877,ACC-10364,MSA-10364-1,2022-11-26,2025-11-26,3,893031.29,USD,30,expired,False,30,False
CON-070878,ACC-10365,MSA-10365-5,2022-03-06,2023-03-06,1,2320934.58,USD,30,expired,True,60,True
CON-070879,ACC-10365,MSA-10365-7,2024-03-13,2025-03-13,1,3725186.97,USD,30,expired,True,60,True
CON-070880,ACC-10366,MSA-10366-5,2024-03-04,2027-03-04,3,1094027.68,USD,30,active,True,90,False
CON-070881,ACC-10366,MSA-10366-7,2024-02-22,2027-02-22,3,540950.18,USD,45,active,False,90,False
CON-070882,ACC-10367,MSA-10367-4,2022-10-15,2025-10-15,3,2148541.98,USD,30,expired,False,60,True
CON-070883,ACC-10367,MSA-10367-7,2024-04-17,2025-04-17,1,1008116.47,USD,30,expired,False,60,True
CON-070884,ACC-10367,MSA-10367-2,2025-10-17,2030-10-17,5,755474.98,USD,45,active,True,60,True
CON-070885,ACC-10368,MSA-10368-8,2024-07-11,2026-07-11,2,452758.86,USD,30,active,True,60,False
CON-070886,ACC-10369,MSA-10369-9,2022-08-03,2025-08-03,3,1781506.88,USD,60,expired,True,120,False
CON-070887,ACC-10370,MSA-10370-7,2022-08-07,2025-08-07,3,805699.09,USD,45,expired,True,90,False
CON-070888,ACC-10371,MSA-10371-5,2022-06-16,2023-06-16,1,780662.16,USD,30,expired,True,120,False
CON-070889,ACC-10371,MSA-10371-4,2023-07-30,2025-07-28,2,13251793.77,USD,30,expired,False,30,False
CON-070890,ACC-10371,MSA-10371-6,2022-03-17,2025-03-17,3,15138240.83,USD,45,expired,False,90,False
CON-070891,ACC-10371,MSA-10371-9,2023-04-14,2028-04-14,5,16403118.58,USD,90,active,False,60,False
CON-070892,ACC-10372,MSA-10372-6,2025-09-16,2028-09-16,3,7148243.39,USD,45,active,False,30,True
CON-070893,ACC-10372,MSA-10372-7,2024-03-16,2027-03-16,3,15202115.5,USD,45,active,True,60,True
CON-070894,ACC-10373,MSA-10373-3,2022-11-06,2025-11-06,3,2744935.74,JPY,30,expired,False,90,False
CON-070895,ACC-10373,MSA-10373-9,2023-04-19,2024-04-19,1,1575714.32,JPY,30,expired,False,60,False
CON-070896,ACC-10373,MSA-10373-2,2024-09-06,2026-09-06,2,809444.19,JPY,30,active,False,90,False
CON-070897,ACC-10373,MSA-10373-4,2024-12-22,2029-12-22,5,15698754.96,JPY,45,active,False,90,False
CON-070898,ACC-10374,MSA-10374-5,2024-12-28,2027-12-28,3,2799939.22,USD,45,active,True,90,False
CON-070899,ACC-10374,MSA-10374-1,2024-12-01,2029-12-01,5,6736905.71,USD,30,active,False,90,False
CON-070900,ACC-10374,MSA-10374-3,2024-03-06,2026-03-06,2,7534141.68,USD,30,expired,False,60,False
CON-070901,ACC-10375,MSA-10375-6,2022-02-16,2024-02-16,2,9404444.28,USD,45,expired,False,60,False
CON-070902,ACC-10375,MSA-10375-3,2022-05-19,2025-05-19,3,14265499.59,USD,30,expired,False,90,False
CON-070903,ACC-10375,MSA-10375-4,2022-12-07,2025-12-07,3,11981170.82,USD,45,expired,False,120,False
CON-070904,ACC-10376,MSA-10376-1,2025-07-03,2030-07-03,5,515761.42,USD,60,active,True,30,False
CON-070905,ACC-10376,MSA-10376-1,2025-09-01,2030-09-01,5,2309385.72,USD,30,active,True,30,False
CON-070906,ACC-10377,MSA-10377-1,2022-05-12,2025-05-12,3,1267500.1,USD,60,expired,True,90,False
CON-070907,ACC-10377,MSA-10377-7,2025-09-05,2026-09-05,1,7230100.69,USD,45,active,False,60,False
CON-070908,ACC-10377,MSA-10377-7,2025-12-15,2026-12-15,1,5108186.85,USD,60,active,True,90,False
CON-070909,ACC-10378,MSA-10378-5,2025-10-17,2028-10-17,3,5581235.92,USD,30,active,True,90,False
CON-070910,ACC-10378,MSA-10378-4,2022-02-08,2027-02-08,5,2877513.75,USD,30,active,True,30,False
CON-070911,ACC-10378,MSA-10378-6,2025-12-09,2028-12-09,3,3148832.97,USD,30,active,False,30,False
CON-070912,ACC-10379,MSA-10379-4,2024-03-07,2027-03-07,3,2379018.0,USD,45,active,True,90,False
CON-070913,ACC-10379,MSA-10379-1,2025-12-23,2028-12-23,3,6955116.56,USD,30,active,False,30,False
CON-070914,ACC-10379,MSA-10379-1,2023-03-28,2026-03-28,3,1985849.98,USD,30,expired,False,30,False
CON-070915,ACC-10379,MSA-10379-5,2025-03-10,2026-03-10,1,522909.3,USD,45,expired,False,60,False
CON-070916,ACC-10380,MSA-10380-7,2022-03-30,2027-03-28,5,10438199.1,USD,30,active,True,90,False
CON-070917,ACC-10380,MSA-10380-9,2023-10-06,2024-10-06,1,7170083.54,USD,45,expired,True,90,False
CON-070918,ACC-10380,MSA-10380-3,2025-04-10,2030-04-10,5,2069807.13,USD,30,active,True,60,False
CON-070919,ACC-10381,MSA-10381-8,2025-10-31,2028-10-28,3,4544941.64,USD,30,active,False,60,False
CON-070920,ACC-10382,MSA-10382-8,2022-11-01,2024-11-01,2,94559.42,USD,60,expired,False,30,False
CON-070921,ACC-10383,MSA-10383-1,2022-08-09,2023-08-09,1,1567386.11,USD,45,expired,True,60,True
CON-070922,ACC-10383,MSA-10383-3,2023-08-30,2025-08-28,2,3267622.4,USD,45,expired,False,90,True
CON-070923,ACC-10384,MSA-10384-8,2025-02-26,2026-02-26,1,1695172.7,USD,90,expired,True,90,False
CON-070924,ACC-10384,MSA-10384-7,2022-05-18,2025-05-18,3,1048670.0,USD,30,expired,False,60,False
CON-070925,ACC-10385,MSA-10385-3,2022-01-06,2027-01-06,5,4060407.14,USD,30,active,False,120,False
CON-070926,ACC-10385,MSA-10385-9,2022-10-25,2025-10-25,3,2096558.58,USD,30,expired,True,60,False
CON-070927,ACC-10385,MSA-10385-8,2023-08-20,2025-08-20,2,1382904.54,USD,30,terminated,False,60,False
CON-070928,ACC-10385,MSA-10385-2,2024-08-19,2026-08-19,2,9308119.4,USD,30,active,False,90,False
CON-070929,ACC-10386,MSA-10386-4,2024-06-15,2025-06-15,1,347344.29,USD,90,expired,True,120,False
CON-070930,ACC-10386,MSA-10386-1,2025-08-06,2027-08-06,2,760552.94,USD,30,active,False,90,False
CON-070931,ACC-10387,MSA-10387-1,2025-11-18,2028-11-18,3,19919846.23,USD,45,active,False,90,False
CON-070932,ACC-10387,MSA-10387-5,2024-10-13,2027-10-13,3,7247029.86,USD,30,active,False,90,False
CON-070933,ACC-10388,MSA-10388-7,2022-06-20,2023-06-20,1,146121.42,JPY,45,expired,False,90,True
CON-070934,ACC-10389,MSA-10389-9,2025-11-07,2026-11-07,1,2635908.28,USD,30,active,True,60,False
CON-070935,ACC-10389,MSA-10389-7,2023-01-10,2024-01-10,1,1711334.11,USD,45,expired,True,30,False
CON-070936,ACC-10389,MSA-10389-6,2025-09-25,2027-09-25,2,1313969.95,USD,30,active,True,90,False
CON-070937,ACC-10390,MSA-10390-6,2024-11-24,2026-11-24,2,5462629.51,USD,90,active,True,120,False
CON-070938,ACC-10390,MSA-10390-3,2023-07-10,2026-07-10,3,18775285.93,USD,30,active,False,30,False
CON-070939,ACC-10391,MSA-10391-2,2023-03-13,2026-03-13,3,18535992.5,USD,45,expired,False,30,False
CON-070940,ACC-10391,MSA-10391-6,2024-04-18,2026-04-18,2,2587160.1,USD,90,expired,True,30,False
CON-070941,ACC-10391,MSA-10391-5,2022-05-09,2023-05-09,1,3482477.13,USD,45,expired,True,90,False
CON-070942,ACC-10391,MSA-10391-5,2024-11-11,2025-11-11,1,3458747.61,USD,45,expired,True,90,False
CON-070943,ACC-10392,MSA-10392-3,2024-10-24,2025-10-24,1,1236483.94,USD,30,expired,True,30,False
CON-070944,ACC-10392,MSA-10392-3,2022-11-23,2023-11-23,1,829017.86,USD,60,expired,True,90,False
CON-070945,ACC-10393,MSA-10393-1,2023-11-24,2026-11-24,3,689449.99,USD,30,active,True,90,False
CON-070946,ACC-10393,MSA-10393-8,2025-09-25,2026-09-25,1,6788456.47,USD,30,active,False,60,False
CON-070947,ACC-10393,MSA-10393-2,2022-02-16,2025-02-16,3,1806674.99,USD,30,expired,True,30,False
CON-070948,ACC-10393,MSA-10393-7,2025-04-10,2026-04-10,1,4536201.15,USD,30,expired,False,90,False
CON-070949,ACC-10394,MSA-10394-7,2023-06-21,2024-06-21,1,1408098.5,USD,30,expired,True,90,False
CON-070950,ACC-10394,MSA-10394-8,2023-04-04,2025-04-04,2,3447488.58,USD,30,expired,True,60,False
CON-070951,ACC-10395,MSA-10395-2,2022-05-26,2024-05-26,2,12970718.01,JPY,45,expired,True,60,False
CON-070952,ACC-10395,MSA-10395-3,2023-09-08,2026-09-08,3,7704921.75,JPY,30,active,True,90,False
CON-070953,ACC-10395,MSA-10395-6,2024-02-29,2026-02-28,2,2940451.86,JPY,45,expired,False,90,False
CON-070954,ACC-10395,MSA-10395-2,2022-05-06,2023-05-06,1,219524.54,JPY,60,expired,False,60,False
CON-070955,ACC-10396,MSA-10396-3,2023-09-12,2024-09-12,1,388632.92,USD,30,expired,True,30,False
CON-070956,ACC-10397,MSA-10397-2,2025-11-26,2028-11-26,3,886860.94,USD,45,active,False,90,False
CON-070957,ACC-10398,MSA-10398-2,2022-11-12,2023-11-12,1,1642718.7,USD,30,expired,False,30,True
CON-070958,ACC-10398,MSA-10398-7,2024-11-02,2027-11-02,3,3811364.14,USD,30,active,False,120,False
CON-070959,ACC-10398,MSA-10398-7,2023-03-04,2026-03-04,3,3125158.14,USD,30,terminated,False,60,True
CON-070960,ACC-10398,MSA-10398-3,2023-02-26,2028-02-26,5,1575097.85,USD,60,active,True,60,True
CON-070961,ACC-10399,MSA-10399-6,2024-04-11,2027-04-11,3,7400599.75,USD,60,active,True,60,False
CON-070962,ACC-10399,MSA-10399-4,2022-08-19,2025-08-19,3,10820539.89,USD,30,expired,True,60,False
CON-070963,ACC-10400,MSA-10400-9,2023-04-28,2025-04-28,2,2046444.87,USD,30,expired,True,90,False
CON-070964,ACC-10401,MSA-10401-1,2023-07-06,2025-07-06,2,2544841.66,USD,30,expired,False,120,False
CON-070965,ACC-10401,MSA-10401-7,2023-12-01,2026-12-01,3,3414949.15,USD,30,active,True,90,False
CON-070966,ACC-10401,MSA-10401-9,2023-04-18,2024-04-18,1,239161.06,USD,30,expired,True,90,False
CON-070967,ACC-10401,MSA-10401-5,2025-04-17,2030-04-17,5,25697286.69,USD,45,active,False,90,False
CON-070968,ACC-10402,MSA-10402-9,2024-12-16,2025-12-16,1,652978.49,USD,45,expired,True,30,False
CON-070969,ACC-10403,MSA-10403-2,2022-05-17,2023-05-17,1,1578846.47,EUR,60,terminated,False,90,False
CON-070970,ACC-10403,MSA-10403-6,2023-05-06,2025-05-06,2,421957.15,EUR,60,expired,False,120,False
CON-070971,ACC-10404,MSA-10404-2,2024-09-16,2025-09-16,1,1500115.35,USD,45,expired,True,90,True
CON-070972,ACC-10405,MSA-10405-9,2023-09-08,2024-09-08,1,1114151.18,USD,45,expired,False,90,False
CON-070973,ACC-10405,MSA-10405-8,2022-09-05,2027-09-05,5,7185744.72,USD,60,active,True,90,False
CON-070974,ACC-10406,MSA-10406-3,2022-02-13,2025-02-13,3,27385985.11,USD,30,expired,False,90,False
CON-070975,ACC-10406,MSA-10406-2,2023-12-13,2028-12-13,5,11193415.0,USD,90,active,False,90,False
CON-070976,ACC-10406,MSA-10406-7,2024-11-10,2027-11-10,3,1418833.44,USD,45,active,False,30,False
CON-070977,ACC-10406,MSA-10406-1,2023-04-08,2025-04-08,2,813519.0,USD,30,expired,False,90,False
CON-070978,ACC-10407,MSA-10407-1,2024-08-03,2027-08-03,3,15402868.12,USD,60,active,False,30,False
CON-070979,ACC-10407,MSA-10407-4,2024-01-04,2027-01-04,3,5041896.44,USD,30,active,True,60,False
CON-070980,ACC-10407,MSA-10407-1,2022-12-28,2025-12-28,3,3724236.44,USD,45,expired,True,30,False
CON-070981,ACC-10407,MSA-10407-6,2024-07-01,2026-07-01,2,1328289.72,USD,90,active,True,90,False
CON-070982,ACC-10408,MSA-10408-6,2025-08-15,2027-08-15,2,5146354.4,EUR,30,active,True,90,False
CON-070983,ACC-10408,MSA-10408-9,2022-10-25,2023-10-25,1,2454193.74,EUR,30,terminated,True,90,False
CON-070984,ACC-10409,MSA-10409-8,2024-07-26,2025-07-26,1,266414.54,USD,30,expired,True,60,False
CON-070985,ACC-10410,MSA-10410-1,2023-12-23,2026-12-23,3,14007837.0,GBP,30,active,True,60,True
CON-070986,ACC-10410,MSA-10410-9,2022-07-06,2024-07-06,2,1541494.3,GBP,30,expired,True,60,True
CON-070987,ACC-10411,MSA-10411-7,2022-05-14,2027-05-14,5,4576163.25,USD,90,active,False,60,False
CON-070988,ACC-10411,MSA-10411-9,2025-06-16,2028-06-16,3,5320034.23,USD,60,active,False,60,False
CON-070989,ACC-10411,MSA-10411-4,2023-09-13,2024-09-13,1,3290636.06,USD,45,expired,True,30,False
CON-070990,ACC-10411,MSA-10411-7,2023-04-21,2026-04-21,3,5680576.1,USD,30,expired,True,90,False
CON-070991,ACC-10412,MSA-10412-9,2025-04-08,2028-04-08,3,11530251.0,USD,60,active,False,30,True
CON-070992,ACC-10412,MSA-10412-6,2025-12-08,2028-12-08,3,4792157.14,USD,90,active,False,60,True
CON-070993,ACC-10412,MSA-10412-2,2024-02-28,2027-02-28,3,8479507.51,USD,90,active,False,90,False
CON-070994,ACC-10413,MSA-10413-9,2025-04-25,2030-04-25,5,1826965.0,USD,60,active,False,30,True
CON-070995,ACC-10414,MSA-10414-1,2024-07-08,2026-07-08,2,2975952.73,USD,60,active,False,60,False
CON-070996,ACC-10414,MSA-10414-2,2022-05-10,2023-05-10,1,2739781.99,USD,60,terminated,False,30,False
CON-070997,ACC-10414,MSA-10414-1,2024-04-08,2027-04-08,3,1375061.94,USD,30,active,False,60,False
CON-070998,ACC-10415,MSA-10415-9,2024-10-24,2027-10-24,3,458287.85,USD,45,active,False,30,False
CON-070999,ACC-10415,MSA-10415-5,2023-12-15,2026-12-15,3,3030370.62,USD,30,active,False,90,False
CON-071000,ACC-10416,MSA-10416-9,2023-10-18,2026-10-18,3,1313621.09,USD,45,active,True,90,True
CON-071001,ACC-10416,MSA-10416-3,2022-01-17,2025-01-17,3,7557881.02,USD,30,expired,True,90,False
CON-071002,ACC-10417,MSA-10417-9,2023-02-20,2024-02-20,1,1360871.25,EUR,60,expired,True,90,True
CON-071003,ACC-10417,MSA-10417-2,2024-04-27,2025-04-27,1,7640874.18,EUR,90,expired,False,90,True
CON-071004,ACC-10417,MSA-10417-7,2024-05-24,2025-05-24,1,645922.75,EUR,45,expired,False,90,False
CON-071005,ACC-10418,MSA-10418-4,2024-10-29,2026-10-28,2,2826518.92,USD,90,active,False,90,False
CON-071006,ACC-10418,MSA-10418-3,2024-12-15,2027-12-15,3,2178584.8,USD,45,active,True,120,False
CON-071007,ACC-10418,MSA-10418-2,2024-08-25,2029-08-25,5,8849932.86,USD,45,active,True,60,False
CON-071008,ACC-10418,MSA-10418-3,2023-08-10,2024-08-10,1,1432010.52,USD,30,expired,False,90,False
CON-071009,ACC-10419,MSA-10419-1,2022-02-21,2023-02-21,1,688962.5,USD,45,expired,False,90,False
CON-071010,ACC-10419,MSA-10419-4,2022-09-25,2023-09-25,1,2801141.11,USD,30,expired,True,120,True
CON-071011,ACC-10420,MSA-10420-4,2023-12-25,2026-12-25,3,1786482.4,USD,30,active,True,30,False
CON-071012,ACC-10420,MSA-10420-9,2022-01-23,2023-01-23,1,1130709.75,USD,60,expired,True,120,False
CON-071013,ACC-10421,MSA-10421-9,2024-06-05,2029-06-05,5,25491376.24,USD,30,active,False,60,False
CON-071014,ACC-10421,MSA-10421-4,2025-12-24,2028-12-24,3,2645018.53,USD,30,active,False,30,False
CON-071015,ACC-10421,MSA-10421-1,2023-09-25,2024-09-25,1,2009952.0,USD,30,expired,False,30,False
CON-071016,ACC-10421,MSA-10421-2,2024-09-30,2026-09-28,2,4655340.58,USD,60,active,False,120,False
CON-071017,ACC-10422,MSA-10422-1,2023-05-28,2025-05-28,2,1015904.6,USD,30,expired,True,90,False
CON-071018,ACC-10422,MSA-10422-9,2024-03-03,2027-03-03,3,11157484.55,USD,60,active,False,90,False
CON-071019,ACC-10423,MSA-10423-4,2022-05-09,2023-05-09,1,3401680.0,EUR,45,expired,False,120,False
CON-071020,ACC-10423,MSA-10423-4,2023-02-03,2026-02-03,3,11869541.31,EUR,60,expired,True,120,False
CON-071021,ACC-10423,MSA-10423-6,2024-06-26,2025-06-26,1,2199211.92,EUR,30,expired,True,90,False
CON-071022,ACC-10423,MSA-10423-5,2022-03-08,2023-03-08,1,1462800.6,EUR,30,expired,False,60,False
CON-071023,ACC-10424,MSA-10424-1,2022-10-17,2023-10-17,1,679537.57,USD,30,expired,False,90,False
CON-071024,ACC-10424,MSA-10424-4,2025-03-24,2026-03-24,1,394256.61,USD,60,expired,True,90,False
CON-071025,ACC-10425,MSA-10425-8,2022-02-14,2023-02-14,1,4210402.85,USD,60,expired,True,90,True
CON-071026,ACC-10426,MSA-10426-1,2025-12-03,2026-12-03,1,1150110.92,USD,30,active,False,30,False
CON-071027,ACC-10427,MSA-10427-7,2022-03-15,2025-03-15,3,1674788.52,USD,60,expired,False,90,False
CON-071028,ACC-10427,MSA-10427-1,2023-06-09,2026-06-09,3,934993.12,USD,45,active,True,60,False
CON-071029,ACC-10428,MSA-10428-2,2025-12-31,2028-12-28,3,2828381.07,USD,45,active,False,90,False
CON-071030,ACC-10428,MSA-10428-3,2023-07-18,2028-07-18,5,1232523.93,USD,30,active,True,90,False
CON-071031,ACC-10428,MSA-10428-6,2025-09-22,2027-09-22,2,2875878.82,USD,30,active,False,90,False
CON-071032,ACC-10429,MSA-10429-9,2025-10-21,2026-10-21,1,2972283.0,GBP,45,active,True,90,False
CON-071033,ACC-10430,MSA-10430-7,2025-06-24,2027-06-24,2,1077668.12,USD,45,active,False,90,False
CON-071034,ACC-10430,MSA-10430-2,2024-01-10,2027-01-10,3,17083654.88,USD,45,active,True,30,False
CON-071035,ACC-10431,MSA-10431-7,2023-08-14,2028-08-14,5,3530422.86,USD,30,active,True,90,False
CON-071036,ACC-10431,MSA-10431-2,2025-07-02,2027-07-02,2,2498845.82,USD,30,active,False,90,False
CON-071037,ACC-10432,MSA-10432-6,2024-10-13,2027-10-13,3,6528147.16,EUR,60,active,False,90,False
CON-071038,ACC-10432,MSA-10432-2,2025-02-19,2028-02-19,3,5282631.06,EUR,45,active,True,60,False
CON-071039,ACC-10433,MSA-10433-8,2022-11-28,2025-11-28,3,4141389.56,USD,45,terminated,True,90,False
CON-071040,ACC-10434,MSA-10434-7,2024-06-04,2027-06-04,3,7865547.0,USD,30,active,True,30,False
CON-071041,ACC-10434,MSA-10434-9,2024-06-24,2025-06-24,1,1345729.09,USD,45,expired,False,120,False
CON-071042,ACC-10435,MSA-10435-2,2025-04-21,2026-04-21,1,973121.29,EUR,60,expired,True,60,False
CON-071043,ACC-10435,MSA-10435-8,2024-04-27,2026-04-27,2,2699557.86,EUR,45,expired,False,60,False
CON-071044,ACC-10435,MSA-10435-6,2023-06-19,2026-06-19,3,18729349.62,EUR,30,active,False,30,False
CON-071045,ACC-10436,MSA-10436-9,2022-06-29,2025-06-28,3,578710.71,USD,30,expired,False,90,False
CON-071046,ACC-10436,MSA-10436-8,2022-06-08,2024-06-08,2,806143.42,USD,30,expired,True,30,False
CON-071047,ACC-10437,MSA-10437-1,2022-09-10,2024-09-10,2,1741684.23,USD,60,terminated,True,30,True
CON-071048,ACC-10437,MSA-10437-2,2023-02-17,2026-02-17,3,9118432.07,USD,45,terminated,False,30,True
CON-071049,ACC-10437,MSA-10437-7,2022-12-31,2025-12-28,3,5070856.57,USD,60,expired,False,120,True
CON-071050,ACC-10437,MSA-10437-8,2023-11-16,2028-11-16,5,6077224.02,USD,60,active,True,30,False
CON-071051,ACC-10438,MSA-10438-8,2024-08-05,2025-08-05,1,380685.15,USD,30,terminated,True,90,False
CON-071052,ACC-10439,MSA-10439-5,2025-01-09,2026-01-09,1,1750583.9,GBP,30,expired,False,60,True
CON-071053,ACC-10439,MSA-10439-2,2022-03-30,2025-03-28,3,11977543.07,GBP,30,expired,False,120,True
CON-071054,ACC-10439,MSA-10439-1,2025-03-16,2027-03-16,2,6318301.84,GBP,45,active,False,30,True
CON-071055,ACC-10439,MSA-10439-5,2024-07-09,2027-07-09,3,10158068.41,GBP,30,active,False,30,True
CON-071056,ACC-10440,MSA-10440-8,2023-01-23,2024-01-23,1,1145210.03,USD,30,expired,False,120,False
CON-071057,ACC-10440,MSA-10440-8,2022-12-30,2024-12-28,2,1906058.85,USD,45,expired,False,90,False
CON-071058,ACC-10441,MSA-10441-8,2024-03-16,2029-03-16,5,4482370.87,GBP,30,active,False,30,False
CON-071059,ACC-10441,MSA-10441-2,2024-11-11,2025-11-11,1,7680927.43,GBP,45,expired,True,30,False
CON-071060,ACC-10442,MSA-10442-2,2022-03-06,2024-03-06,2,8373590.18,USD,30,expired,True,90,False
CON-071061,ACC-10442,MSA-10442-2,2022-10-26,2024-10-26,2,4809170.97,USD,30,expired,True,60,False
CON-071062,ACC-10442,MSA-10442-6,2024-10-19,2025-10-19,1,138138.42,USD,30,expired,False,90,False
CON-071063,ACC-10443,MSA-10443-5,2022-11-30,2025-11-28,3,1392402.12,USD,30,expired,True,60,False
CON-071064,ACC-10443,MSA-10443-2,2022-06-20,2025-06-20,3,1014790.54,USD,30,expired,True,90,False
CON-071065,ACC-10444,MSA-10444-6,2024-11-19,2026-11-19,2,99892.86,USD,30,active,False,60,False
CON-071066,ACC-10444,MSA-10444-1,2022-01-26,2027-01-26,5,1835310.0,USD,30,active,False,90,False
CON-071067,ACC-10445,MSA-10445-5,2023-09-15,2025-09-15,2,1488444.14,JPY,45,expired,False,90,False
CON-071068,ACC-10446,MSA-10446-4,2024-10-27,2027-10-27,3,11251765.32,USD,30,active,True,30,False
CON-071069,ACC-10446,MSA-10446-1,2024-04-04,2027-04-04,3,3298099.19,USD,60,active,True,30,False
CON-071070,ACC-10446,MSA-10446-3,2022-10-03,2024-10-03,2,3927720.3,USD,30,expired,True,60,False
CON-071071,ACC-10447,MSA-10447-3,2023-08-16,2024-08-16,1,2982827.0,GBP,30,expired,True,30,False
CON-071072,ACC-10447,MSA-10447-1,2025-09-08,2026-09-08,1,1272437.15,GBP,30,active,True,90,False
CON-071073,ACC-10448,MSA-10448-7,2023-12-23,2024-12-23,1,14792584.55,USD,30,expired,True,30,False
CON-071074,ACC-10448,MSA-10448-6,2023-12-11,2028-12-11,5,13499187.87,USD,30,active,True,90,False
CON-071075,ACC-10448,MSA-10448-5,2025-12-12,2028-12-12,3,11788395.16,USD,30,active,True,90,False
CON-071076,ACC-10448,MSA-10448-2,2023-05-02,2028-05-02,5,54265512.7,USD,45,active,True,90,False
CON-071077,ACC-10449,MSA-10449-1,2023-10-12,2026-10-12,3,3494709.25,USD,60,active,True,90,False
CON-071078,ACC-10449,MSA-10449-2,2024-10-22,2029-10-22,5,7696653.75,USD,45,active,True,90,False
CON-071079,ACC-10450,MSA-10450-5,2022-01-23,2025-01-23,3,5975589.94,USD,30,expired,True,30,False
CON-071080,ACC-10450,MSA-10450-2,2022-09-07,2025-09-07,3,2154972.29,USD,30,expired,True,60,False
CON-071081,ACC-10451,MSA-10451-9,2025-05-13,2026-05-13,1,7787090.02,USD,45,expired,False,30,False
CON-071082,ACC-10451,MSA-10451-6,2022-06-23,2025-06-23,3,10335825.75,USD,30,expired,False,60,False
CON-071083,ACC-10452,MSA-10452-3,2022-04-22,2023-04-22,1,1213160.28,USD,30,expired,False,90,False
CON-071084,ACC-10452,MSA-10452-3,2022-08-05,2024-08-05,2,1073635.0,USD,60,expired,True,90,False
CON-071085,ACC-10452,MSA-10452-9,2022-08-05,2024-08-05,2,1763961.98,USD,45,terminated,True,60,False
CON-071086,ACC-10453,MSA-10453-8,2022-11-18,2025-11-18,3,1551846.47,USD,60,terminated,True,90,False
CON-071087,ACC-10453,MSA-10453-5,2025-05-03,2028-05-03,3,7079481.91,USD,30,active,True,90,False
CON-071088,ACC-10454,MSA-10454-4,2022-11-13,2023-11-13,1,2367389.7,USD,30,expired,True,30,False
CON-071089,ACC-10454,MSA-10454-5,2022-03-09,2023-03-09,1,2044847.41,USD,45,expired,True,90,False
CON-071090,ACC-10454,MSA-10454-6,2022-10-18,2025-10-18,3,2725628.14,USD,45,expired,True,90,False
CON-071091,ACC-10455,MSA-10455-5,2025-07-11,2027-07-11,2,1647884.88,USD,90,active,False,60,False
CON-071092,ACC-10456,MSA-10456-6,2024-05-24,2025-05-24,1,433981.43,USD,45,terminated,False,30,True
CON-071093,ACC-10457,MSA-10457-7,2025-04-30,2026-04-28,1,895883.77,USD,60,expired,True,60,False
CON-071094,ACC-10458,MSA-10458-6,2025-06-12,2026-06-12,1,1081047.0,USD,30,active,True,60,False
CON-071095,ACC-10458,MSA-10458-3,2023-04-19,2026-04-19,3,3070244.01,USD,30,expired,True,90,False
CON-071096,ACC-10458,MSA-10458-3,2022-08-07,2024-08-07,2,1622766.42,USD,45,terminated,True,90,False
CON-071097,ACC-10459,MSA-10459-5,2024-09-03,2026-09-03,2,2898850.26,USD,45,active,False,90,False
CON-071098,ACC-10459,MSA-10459-5,2025-11-28,2028-11-28,3,9724381.57,USD,30,active,False,90,False
CON-071099,ACC-10459,MSA-10459-3,2023-09-30,2024-09-28,1,2858710.34,USD,30,expired,True,60,False
CON-071100,ACC-10459,MSA-10459-4,2022-06-04,2023-06-04,1,949177.44,USD,45,expired,False,120,False
CON-071101,ACC-10460,MSA-10460-3,2025-07-04,2030-07-04,5,12855836.43,USD,60,active,True,90,False
CON-071102,ACC-10461,MSA-10461-7,2023-07-08,2026-07-08,3,12163970.59,USD,30,active,True,60,False
CON-071103,ACC-10461,MSA-10461-9,2022-07-07,2024-07-07,2,4138751.8,USD,60,expired,False,30,False
CON-071104,ACC-10462,MSA-10462-3,2025-04-02,2027-04-02,2,909410.0,USD,45,active,False,30,False
CON-071105,ACC-10462,MSA-10462-6,2022-11-13,2024-11-13,2,410608.28,USD,30,expired,False,30,False
CON-071106,ACC-10463,MSA-10463-5,2025-08-31,2028-08-28,3,3968504.45,EUR,45,active,False,90,False
CON-071107,ACC-10463,MSA-10463-9,2022-06-12,2027-06-12,5,13426645.05,EUR,30,active,True,60,False
CON-071108,ACC-10463,MSA-10463-8,2022-12-21,2023-12-21,1,1098519.98,EUR,60,expired,True,90,False
CON-071109,ACC-10463,MSA-10463-6,2025-09-27,2026-09-27,1,5758065.41,EUR,60,active,False,90,False
CON-071110,ACC-10464,MSA-10464-5,2023-05-31,2024-05-28,1,2029169.37,USD,90,expired,True,90,False
CON-071111,ACC-10464,MSA-10464-4,2022-01-11,2024-01-11,2,6038475.56,USD,30,expired,True,30,False
CON-071112,ACC-10465,MSA-10465-7,2025-03-06,2028-03-06,3,710657.18,USD,30,active,True,90,False
CON-071113,ACC-10465,MSA-10465-7,2022-06-03,2025-06-03,3,2228049.59,USD,45,expired,False,30,False
CON-071114,ACC-10465,MSA-10465-8,2023-05-22,2024-05-22,1,2756071.23,USD,30,expired,False,60,False
CON-071115,ACC-10465,MSA-10465-4,2024-07-26,2027-07-26,3,1796974.75,USD,45,active,True,120,False
CON-071116,ACC-10466,MSA-10466-6,2022-07-26,2024-07-26,2,838750.52,USD,60,expired,True,30,False
CON-071117,ACC-10466,MSA-10466-4,2023-03-21,2025-03-21,2,12373540.35,USD,45,expired,False,90,False
CON-071118,ACC-10466,MSA-10466-4,2024-11-21,2027-11-21,3,1115164.94,USD,30,active,True,30,False
CON-071119,ACC-10466,MSA-10466-4,2025-06-23,2028-06-23,3,11806813.96,USD,30,active,True,90,False
CON-071120,ACC-10467,MSA-10467-2,2024-06-21,2025-06-21,1,1252530.69,USD,60,expired,True,60,False
CON-071121,ACC-10467,MSA-10467-6,2025-08-07,2026-08-07,1,606025.0,USD,30,active,True,90,False
CON-071122,ACC-10467,MSA-10467-7,2023-08-13,2026-08-13,3,4273981.71,USD,30,active,False,60,False
CON-071123,ACC-10468,MSA-10468-7,2022-04-04,2025-04-04,3,420134.65,USD,45,expired,False,60,False
CON-071124,ACC-10468,MSA-10468-9,2023-06-02,2026-06-02,3,1436678.58,USD,30,active,False,30,False
CON-071125,ACC-10469,MSA-10469-7,2023-10-17,2026-10-17,3,3767061.09,USD,30,active,True,60,False
CON-071126,ACC-10469,MSA-10469-7,2025-10-04,2028-10-04,3,4209910.42,USD,45,active,True,120,False
CON-071127,ACC-10470,MSA-10470-6,2025-08-04,2027-08-04,2,1187948.66,USD,45,active,False,90,False
CON-071128,ACC-10470,MSA-10470-6,2023-02-10,2024-02-10,1,1381427.21,USD,60,expired,True,30,False
CON-071129,ACC-10470,MSA-10470-5,2025-10-11,2030-10-11,5,15100229.64,USD,60,active,True,60,False
CON-071130,ACC-10471,MSA-10471-3,2025-10-29,2028-10-28,3,6206024.88,JPY,30,active,True,60,False
CON-071131,ACC-10471,MSA-10471-7,2022-04-23,2023-04-23,1,1635257.43,JPY,60,expired,False,30,False
CON-071132,ACC-10472,MSA-10472-4,2023-07-14,2024-07-14,1,895925.0,USD,30,terminated,True,90,False
CON-071133,ACC-10473,MSA-10473-3,2022-10-04,2027-10-04,5,8399473.59,USD,30,active,True,90,False
CON-071134,ACC-10473,MSA-10473-1,2023-01-11,2024-01-11,1,256156.87,USD,45,expired,True,90,False
CON-071135,ACC-10474,MSA-10474-4,2025-09-05,2028-09-05,3,6796236.96,USD,45,active,False,30,False
CON-071136,ACC-10474,MSA-10474-1,2024-11-30,2027-11-28,3,2954600.0,USD,30,active,True,90,False
CON-071137,ACC-10475,MSA-10475-5,2023-03-16,2025-03-16,2,1207985.0,USD,30,expired,True,90,False
CON-071138,ACC-10475,MSA-10475-2,2023-03-17,2025-03-17,2,1711350.0,USD,30,expired,True,30,False
CON-071139,ACC-10475,MSA-10475-6,2024-11-04,2027-11-04,3,13245569.84,USD,30,active,True,60,False
CON-071140,ACC-10475,MSA-10475-3,2023-06-16,2024-06-16,1,3741302.26,USD,30,expired,True,60,False
CON-071141,ACC-10476,MSA-10476-2,2025-11-13,2026-11-13,1,3461960.07,USD,45,active,True,60,False
CON-071142,ACC-10476,MSA-10476-1,2023-06-06,2024-06-06,1,640028.56,USD,30,expired,False,60,False
CON-071143,ACC-10476,MSA-10476-8,2022-07-24,2024-07-24,2,537703.11,USD,30,expired,False,30,False
CON-071144,ACC-10476,MSA-10476-3,2024-08-13,2025-08-13,1,281159.14,USD,45,expired,True,60,False
CON-071145,ACC-10477,MSA-10477-7,2022-05-02,2025-05-02,3,18919007.28,USD,90,expired,True,90,False
CON-071146,ACC-10477,MSA-10477-4,2023-08-09,2024-08-09,1,2976040.88,USD,30,expired,False,90,False
CON-071147,ACC-10478,MSA-10478-4,2024-03-10,2027-03-10,3,3488464.29,USD,30,active,True,30,False
CON-071148,ACC-10478,MSA-10478-5,2025-11-12,2028-11-12,3,4900232.38,USD,30,active,True,90,False
CON-071149,ACC-10478,MSA-10478-9,2023-08-18,2024-08-18,1,607670.56,USD,30,terminated,False,90,False
CON-071150,ACC-10479,MSA-10479-8,2023-09-07,2028-09-07,5,4217294.63,USD,60,active,True,90,False
CON-071151,ACC-10480,MSA-10480-2,2022-08-31,2024-08-28,2,1598066.21,USD,30,terminated,True,60,False
CON-071152,ACC-10480,MSA-10480-2,2024-04-08,2029-04-08,5,10611217.86,USD,30,active,False,90,False
CON-071153,ACC-10480,MSA-10480-3,2022-10-29,2024-10-28,2,3310150.0,USD,30,expired,True,30,False
CON-071154,ACC-10480,MSA-10480-5,2022-10-12,2025-10-12,3,984085.76,USD,45,expired,False,60,False
CON-071155,ACC-10481,MSA-10481-6,2022-03-17,2023-03-17,1,727385.86,USD,30,expired,False,30,False
CON-071156,ACC-10481,MSA-10481-4,2025-12-22,2027-12-22,2,2346429.58,USD,30,active,True,90,False
CON-071157,ACC-10482,MSA-10482-6,2022-10-01,2023-10-01,1,827766.99,USD,30,expired,False,90,False
CON-071158,ACC-10482,MSA-10482-3,2025-05-27,2026-05-27,1,1405473.54,USD,45,active,False,60,False
CON-071159,ACC-10483,MSA-10483-9,2025-02-26,2026-02-26,1,2451076.45,USD,45,terminated,True,60,False
CON-071160,ACC-10484,MSA-10484-4,2025-10-15,2028-10-15,3,19311785.05,EUR,30,active,False,90,False
CON-071161,ACC-10484,MSA-10484-1,2025-11-17,2028-11-17,3,6200552.2,EUR,30,active,False,120,True
CON-071162,ACC-10484,MSA-10484-2,2023-02-12,2026-02-12,3,16529248.99,EUR,30,expired,True,90,True
CON-071163,ACC-10484,MSA-10484-5,2022-04-14,2025-04-14,3,6673188.22,EUR,60,expired,False,30,True
CON-071164,ACC-10485,MSA-10485-3,2022-08-08,2023-08-08,1,1167020.73,USD,30,expired,True,30,False
CON-071165,ACC-10485,MSA-10485-8,2023-01-06,2028-01-06,5,2235689.82,USD,45,active,True,30,True
CON-071166,ACC-10486,MSA-10486-2,2022-01-20,2025-01-20,3,2048523.45,USD,30,terminated,True,90,False
CON-071167,ACC-10486,MSA-10486-3,2023-03-30,2028-03-28,5,2709405.0,USD,30,active,False,60,False
CON-071168,ACC-10487,MSA-10487-4,2025-02-24,2027-02-24,2,12782577.16,EUR,60,active,True,90,False
CON-071169,ACC-10488,MSA-10488-9,2023-12-01,2025-12-01,2,3016852.14,USD,60,terminated,False,60,False
CON-071170,ACC-10488,MSA-10488-2,2024-04-16,2026-04-16,2,1528464.26,USD,45,terminated,True,60,False
CON-071171,ACC-10488,MSA-10488-6,2023-07-31,2026-07-28,3,8604914.32,USD,30,active,True,90,False
CON-071172,ACC-10489,MSA-10489-5,2023-08-16,2026-08-16,3,2875173.94,USD,60,active,False,90,False
CON-071173,ACC-10489,MSA-10489-2,2022-12-23,2025-12-23,3,5847417.89,USD,45,expired,False,90,False
CON-071174,ACC-10489,MSA-10489-4,2022-07-12,2023-07-12,1,2603733.92,USD,30,expired,True,60,False
CON-071175,ACC-10490,MSA-10490-2,2022-08-09,2025-08-09,3,13217387.7,USD,45,expired,True,90,False
CON-071176,ACC-10491,MSA-10491-5,2024-06-23,2025-06-23,1,1459619.27,USD,30,expired,False,60,False
CON-071177,ACC-10491,MSA-10491-1,2023-10-18,2026-10-18,3,16780611.64,USD,30,active,False,60,False
CON-071178,ACC-10491,MSA-10491-9,2025-04-01,2028-04-01,3,1754523.53,USD,30,active,True,60,False
CON-071179,ACC-10492,MSA-10492-4,2025-03-29,2028-03-28,3,2213447.43,USD,30,active,True,30,False
CON-071180,ACC-10493,MSA-10493-6,2022-01-12,2023-01-12,1,2427861.06,USD,30,expired,False,120,False
CON-071181,ACC-10493,MSA-10493-5,2024-08-14,2027-08-14,3,1305519.81,USD,30,active,True,90,False
CON-071182,ACC-10493,MSA-10493-4,2025-12-23,2028-12-23,3,2146924.01,USD,60,active,True,60,False
CON-071183,ACC-10494,MSA-10494-3,2023-12-19,2024-12-19,1,3300926.46,USD,90,expired,True,90,False
CON-071184,ACC-10494,MSA-10494-4,2024-07-07,2029-07-07,5,20564930.7,USD,45,active,True,60,False
CON-071185,ACC-10495,MSA-10495-6,2024-04-14,2026-04-14,2,6884385.13,USD,30,expired,True,30,False
CON-071186,ACC-10495,MSA-10495-1,2023-04-03,2028-04-03,5,11150200.0,USD,30,active,False,90,False
CON-071187,ACC-10496,MSA-10496-7,2024-12-22,2025-12-22,1,4339844.75,USD,45,expired,True,30,False
CON-071188,ACC-10496,MSA-10496-6,2023-06-14,2026-06-14,3,13955506.54,USD,45,active,False,30,False
CON-071189,ACC-10497,MSA-10497-6,2023-04-21,2026-04-21,3,6882549.45,USD,45,expired,True,60,False
CON-071190,ACC-10497,MSA-10497-4,2025-11-10,2028-11-10,3,5209806.86,USD,30,active,False,90,False
CON-071191,ACC-10498,MSA-10498-2,2022-10-25,2023-10-25,1,10703454.92,USD,45,terminated,False,90,False
CON-071192,ACC-10498,MSA-10498-5,2023-01-23,2026-01-23,3,1032789.2,USD,45,expired,False,60,False
CON-071193,ACC-10498,MSA-10498-3,2022-07-14,2023-07-14,1,2218309.5,USD,30,expired,True,30,False
CON-071194,ACC-10499,MSA-10499-1,2024-01-21,2029-01-21,5,2355187.5,USD,30,active,False,90,False
CON-071195,ACC-10499,MSA-10499-5,2024-12-08,2025-12-08,1,2183768.66,USD,30,expired,False,60,False
CON-071196,ACC-10500,MSA-10500-6,2022-06-15,2027-06-15,5,4163851.78,USD,90,active,True,120,False
CON-071197,ACC-10500,MSA-10500-8,2022-08-02,2025-08-02,3,1949206.86,USD,30,expired,True,30,False
