entitlement_id,account_id,contract_id,line_item_id,sku,quantity_licensed,start_date,end_date
ENT-0800001,ACC-10001,CON-070001,LI-0500002,SW-NOC-120,1470,2023-01-26,2026-01-26
ENT-0800002,ACC-10001,CON-070001,LI-0500003,SUP-PLA-EDGE,4,2023-01-26,2026-01-26
ENT-0800003,ACC-10001,CON-070001,LI-0500005,SW-ZTN-110,354,2023-01-26,2026-01-26
ENT-0800004,ACC-10001,CON-070001,LI-0500006,SW-NOC-110,1241,2023-01-26,2026-01-26
ENT-0800005,ACC-10001,CON-070002,LI-0500011,SUP-GOL-EDGE,15,2025-09-08,2026-09-08
ENT-0800006,ACC-10001,CON-070002,LI-0500012,SUP-PLA-DC,8,2025-09-08,2026-09-08
ENT-0800007,ACC-10001,CON-070002,LI-0500016,SW-ZTN-120,756,2025-09-08,2026-09-08
ENT-0800008,ACC-10001,CON-070002,LI-0500017,SUP-GOL-DC,8,2025-09-08,2026-09-08
ENT-0800009,ACC-10001,CON-070002,LI-0500018,SUP-PLA-EDGE,10,2025-09-08,2026-09-08
ENT-0800010,ACC-10001,CON-070003,LI-0500023,SW-SDC-120,83,2024-12-29,2029-12-28
ENT-0800011,ACC-10001,CON-070003,LI-0500024,SW-NOC-110,907,2024-12-29,2029-12-28
ENT-0800012,ACC-10001,CON-070003,LI-0500025,SW-NOC-120,500,2024-12-29,2029-12-28
ENT-0800013,ACC-10001,CON-070003,LI-0500027,SUP-BRO-DC,2,2024-12-29,2029-12-28
ENT-0800014,ACC-10001,CON-070003,LI-0500028,SW-OBS-120,509,2024-12-29,2029-12-28
ENT-0800015,ACC-10001,CON-070003,LI-0500029,SW-NOC-120,856,2024-12-29,2029-12-28
ENT-0800016,ACC-10002,CON-070004,LI-0500031,SUP-GOL-DC,12,2024-03-07,2029-03-07
ENT-0800017,ACC-10002,CON-070004,LI-0500032,SUP-BRO-EDGE,17,2024-03-07,2029-03-07
ENT-0800018,ACC-10002,CON-070004,LI-0500033,SW-OBS-130,1457,2028-07-07,2029-03-07
ENT-0800019,ACC-10002,CON-070004,LI-0500034,SUP-SIL-CORE,9,2024-03-07,2029-03-07
ENT-0800020,ACC-10002,CON-070004,LI-0500035,SUP-GOL-CORE,9,2024-03-07,2029-03-07
ENT-0800021,ACC-10002,CON-070004,LI-0500036,SW-OBS-140,1971,2024-03-07,2029-03-07
ENT-0800022,ACC-10002,CON-070005,LI-0500043,SW-SEC-110,160,2022-12-30,2024-12-28
ENT-0800023,ACC-10002,CON-070005,LI-0500045,SW-SDC-140,1509,2022-12-30,2024-12-28
ENT-0800024,ACC-10002,CON-070005,LI-0500046,SUP-BRO-CORE,14,2022-12-30,2024-12-28
ENT-0800025,ACC-10002,CON-070005,LI-0500048,SUP-GOL-DC,7,2022-12-30,2024-12-28
ENT-0800026,ACC-10002,CON-070005,LI-0500050,SW-SEC-140,600,2022-12-30,2024-12-28
ENT-0800027,ACC-10002,CON-070005,LI-0500051,SUP-SIL-DC,14,2022-12-30,2024-12-28
ENT-0800028,ACC-10002,CON-070006,LI-0500052,SUP-BRO-EDGE,4,2025-02-23,2030-02-23
ENT-0800029,ACC-10002,CON-070006,LI-0500057,SW-ZTN-120,1892,2025-02-23,2030-02-23
ENT-0800030,ACC-10002,CON-070006,LI-0500058,SW-ZTN-110,1008,2025-02-23,2030-02-23
ENT-0800031,ACC-10002,CON-070006,LI-0500060,SUP-SIL-CORE,9,2025-02-23,2030-02-23
ENT-0800032,ACC-10002,CON-070006,LI-0500061,SUP-BRO-CORE,4,2025-02-23,2030-02-23
ENT-0800033,ACC-10002,CON-070006,LI-0500062,SUP-GOL-DC,22,2025-09-05,2030-02-23
ENT-0800034,ACC-10002,CON-070006,LI-0500065,SW-NOC-140,580,2025-02-23,2030-02-23
ENT-0800035,ACC-10002,CON-070007,LI-0500067,SW-OBS-130,155,2022-05-28,2025-05-28
ENT-0800036,ACC-10002,CON-070007,LI-0500068,SW-NOC-120,511,2022-05-28,2025-05-28
ENT-0800037,ACC-10002,CON-070007,LI-0500069,SUP-GOL-DC,4,2022-05-28,2025-05-28
ENT-0800038,ACC-10002,CON-070007,LI-0500070,SW-SEC-140,714,2022-05-28,2025-05-28
ENT-0800039,ACC-10002,CON-070007,LI-0500074,SW-ZTN-140,219,2022-05-28,2025-05-28
ENT-0800040,ACC-10002,CON-070007,LI-0500078,SUP-SIL-CORE,24,2022-05-28,2025-05-28
ENT-0800041,ACC-10002,CON-070008,LI-0500080,SUP-BRO-DC,17,2024-12-28,2027-12-28
ENT-0800042,ACC-10002,CON-070008,LI-0500081,SUP-GOL-DC,12,2024-12-28,2027-12-28
ENT-0800043,ACC-10002,CON-070008,LI-0500084,SW-NOC-110,1460,2024-12-28,2027-12-28
ENT-0800044,ACC-10002,CON-070008,LI-0500085,SW-SEC-110,373,2026-10-05,2027-12-28
ENT-0800045,ACC-10003,CON-070009,LI-0500088,SUP-BRO-DC,7,2023-12-06,2028-12-06
ENT-0800046,ACC-10003,CON-070009,LI-0500089,SW-ZTN-140,739,2023-12-06,2028-12-06
ENT-0800047,ACC-10003,CON-070009,LI-0500091,SW-ZTN-130,208,2023-12-06,2028-12-06
ENT-0800048,ACC-10003,CON-070009,LI-0500092,SUP-GOL-DC,20,2023-12-06,2028-12-06
ENT-0800049,ACC-10003,CON-070009,LI-0500093,SW-NOC-130,841,2023-12-06,2028-12-06
ENT-0800050,ACC-10003,CON-070010,LI-0500094,SW-OBS-130,1018,2025-04-04,2027-04-04
ENT-0800051,ACC-10003,CON-070010,LI-0500095,SW-SEC-140,331,2025-04-04,2027-04-04
ENT-0800052,ACC-10003,CON-070010,LI-0500097,SUP-GOL-CORE,15,2025-04-04,2027-04-04
ENT-0800053,ACC-10003,CON-070010,LI-0500100,SUP-SIL-DC,18,2025-04-04,2027-04-04
ENT-0800054,ACC-10003,CON-070010,LI-0500101,SW-OBS-130,723,2025-04-04,2027-04-04
ENT-0800055,ACC-10003,CON-070010,LI-0500102,SW-SDC-120,804,2025-04-04,2027-04-04
ENT-0800056,ACC-10003,CON-070010,LI-0500103,SW-SEC-110,1880,2025-04-04,2027-04-04
ENT-0800057,ACC-10003,CON-070010,LI-0500104,SUP-GOL-CORE,20,2025-04-04,2027-04-04
ENT-0800058,ACC-10003,CON-070011,LI-0500106,SW-SEC-110,1504,2022-08-11,2025-08-11
ENT-0800059,ACC-10003,CON-070011,LI-0500107,SUP-PLA-DC,5,2022-08-11,2025-08-11
ENT-0800060,ACC-10003,CON-070011,LI-0500108,SUP-BRO-EDGE,23,2022-08-11,2025-08-11
ENT-0800061,ACC-10003,CON-070011,LI-0500109,SW-ZTN-130,1611,2022-08-11,2025-08-11
ENT-0800062,ACC-10003,CON-070011,LI-0500110,SW-ZTN-130,632,2022-08-11,2025-08-11
ENT-0800063,ACC-10003,CON-070012,LI-0500111,SUP-PLA-CORE,7,2025-01-10,2026-01-10
ENT-0800064,ACC-10003,CON-070012,LI-0500112,SW-SEC-140,1640,2025-01-10,2026-01-10
ENT-0800065,ACC-10003,CON-070012,LI-0500113,SUP-SIL-CORE,7,2025-01-10,2026-01-10
ENT-0800066,ACC-10003,CON-070012,LI-0500114,SUP-GOL-DC,5,2025-01-10,2026-01-10
ENT-0800067,ACC-10003,CON-070012,LI-0500116,SUP-PLA-EDGE,7,2025-01-10,2026-01-10
ENT-0800068,ACC-10003,CON-070012,LI-0500118,SUP-PLA-EDGE,26,2025-01-10,2026-01-10
ENT-0800069,ACC-10003,CON-070012,LI-0500119,SW-SEC-110,2032,2025-01-10,2026-01-10
ENT-0800070,ACC-10003,CON-070012,LI-0500121,SW-SDC-140,684,2025-01-10,2026-01-10
ENT-0800071,ACC-10003,CON-070013,LI-0500124,SUP-BRO-CORE,23,2025-10-01,2027-10-01
ENT-0800072,ACC-10003,CON-070013,LI-0500127,SW-ZTN-130,530,2025-10-01,2027-10-01
ENT-0800073,ACC-10003,CON-070013,LI-0500128,SW-SDC-110,1042,2025-10-01,2027-10-01
ENT-0800074,ACC-10004,CON-070014,LI-0500130,SUP-PLA-EDGE,2,2023-04-02,2028-04-02
ENT-0800075,ACC-10004,CON-070014,LI-0500131,SW-SEC-110,1405,2023-04-02,2028-04-02
ENT-0800076,ACC-10004,CON-070014,LI-0500133,SUP-SIL-EDGE,8,2023-04-02,2028-04-02
ENT-0800077,ACC-10004,CON-070014,LI-0500134,SW-OBS-140,1896,2023-04-02,2028-04-02
ENT-0800078,ACC-10004,CON-070014,LI-0500136,SUP-SIL-DC,5,2023-04-02,2028-04-02
ENT-0800079,ACC-10004,CON-070014,LI-0500137,SUP-GOL-CORE,23,2023-04-02,2028-04-02
ENT-0800080,ACC-10004,CON-070015,LI-0500138,SW-SEC-110,1810,2024-04-21,2026-04-21
ENT-0800081,ACC-10004,CON-070015,LI-0500140,SW-ZTN-130,517,2025-03-11,2026-04-21
ENT-0800082,ACC-10004,CON-070016,LI-0500142,SUP-SIL-EDGE,23,2025-09-17,2028-09-17
ENT-0800083,ACC-10004,CON-070016,LI-0500143,SW-SDC-140,1532,2025-09-17,2028-09-17
ENT-0800084,ACC-10004,CON-070017,LI-0500147,SUP-GOL-EDGE,20,2025-05-06,2028-05-06
ENT-0800085,ACC-10004,CON-070017,LI-0500148,SW-NOC-110,686,2025-05-06,2028-05-06
ENT-0800086,ACC-10004,CON-070017,LI-0500149,SW-ZTN-110,2145,2025-05-06,2028-05-06
ENT-0800087,ACC-10004,CON-070017,LI-0500150,SUP-BRO-DC,29,2025-05-06,2028-05-06
ENT-0800088,ACC-10004,CON-070017,LI-0500151,SUP-GOL-CORE,29,2025-05-06,2028-05-06
ENT-0800089,ACC-10005,CON-070018,LI-0500154,SUP-SIL-DC,2,2024-12-05,2027-12-05
ENT-0800090,ACC-10005,CON-070018,LI-0500155,SUP-GOL-EDGE,9,2024-12-05,2027-12-05
ENT-0800091,ACC-10005,CON-070018,LI-0500156,SUP-GOL-CORE,17,2024-12-05,2027-12-05
ENT-0800092,ACC-10005,CON-070018,LI-0500158,SW-OBS-110,1269,2024-12-05,2027-12-05
ENT-0800093,ACC-10005,CON-070018,LI-0500159,SUP-BRO-CORE,12,2024-12-05,2027-12-05
ENT-0800094,ACC-10005,CON-070018,LI-0500162,SW-NOC-110,1523,2024-12-05,2027-12-05
ENT-0800095,ACC-10005,CON-070018,LI-0500163,SUP-GOL-DC,2,2024-12-05,2027-12-05
ENT-0800096,ACC-10005,CON-070019,LI-0500164,SW-OBS-140,331,2023-10-09,2025-10-09
ENT-0800097,ACC-10005,CON-070019,LI-0500165,SUP-PLA-CORE,24,2023-10-09,2025-10-09
ENT-0800098,ACC-10005,CON-070019,LI-0500170,SW-ZTN-120,1466,2023-10-09,2025-10-09
ENT-0800099,ACC-10005,CON-070019,LI-0500171,SW-OBS-120,1523,2023-10-09,2025-10-09
ENT-0800100,ACC-10005,CON-070019,LI-0500172,SW-SDC-110,1924,2023-10-09,2025-10-09
ENT-0800101,ACC-10005,CON-070020,LI-0500174,SUP-SIL-DC,22,2024-11-07,2025-11-07
ENT-0800102,ACC-10005,CON-070020,LI-0500176,SUP-PLA-CORE,2,2024-11-07,2025-11-07
ENT-0800103,ACC-10005,CON-070020,LI-0500177,SW-SEC-110,1254,2024-11-07,2025-11-07
ENT-0800104,ACC-10005,CON-070020,LI-0500178,SUP-GOL-EDGE,4,2024-11-07,2025-11-07
ENT-0800105,ACC-10005,CON-070020,LI-0500180,SUP-BRO-EDGE,17,2024-11-07,2025-11-07
ENT-0800106,ACC-10005,CON-070020,LI-0500182,SUP-SIL-CORE,24,2025-07-23,2025-11-07
ENT-0800107,ACC-10005,CON-070021,LI-0500184,SUP-SIL-CORE,9,2027-07-12,2028-09-07
ENT-0800108,ACC-10005,CON-070021,LI-0500186,SW-ZTN-140,489,2025-09-07,2028-09-07
ENT-0800109,ACC-10005,CON-070021,LI-0500187,SW-OBS-140,665,2025-09-07,2028-09-07
ENT-0800110,ACC-10005,CON-070021,LI-0500189,SW-SDC-110,954,2025-09-07,2028-09-07
ENT-0800111,ACC-10005,CON-070021,LI-0500191,SUP-GOL-DC,2,2025-09-07,2028-09-07
ENT-0800112,ACC-10005,CON-070021,LI-0500194,SW-OBS-110,633,2025-09-07,2028-09-07
ENT-0800113,ACC-10005,CON-070022,LI-0500196,SW-NOC-140,1476,2024-04-13,2027-04-13
ENT-0800114,ACC-10005,CON-070022,LI-0500197,SUP-SIL-CORE,14,2024-04-13,2027-04-13
ENT-0800115,ACC-10005,CON-070022,LI-0500198,SW-ZTN-110,712,2024-04-13,2027-04-13
ENT-0800116,ACC-10005,CON-070022,LI-0500201,SW-SEC-140,1979,2024-04-13,2027-04-13
ENT-0800117,ACC-10005,CON-070022,LI-0500202,SUP-GOL-CORE,19,2024-04-13,2027-04-13
ENT-0800118,ACC-10005,CON-070022,LI-0500203,SUP-BRO-EDGE,19,2024-04-13,2027-04-13
ENT-0800119,ACC-10005,CON-070022,LI-0500204,SW-NOC-130,1029,2024-04-13,2027-04-13
ENT-0800120,ACC-10005,CON-070022,LI-0500206,SW-SEC-140,860,2024-04-13,2027-04-13
ENT-0800121,ACC-10005,CON-070022,LI-0500207,SUP-SIL-DC,22,2024-04-13,2027-04-13
ENT-0800122,ACC-10006,CON-070023,LI-0500208,SW-ZTN-120,434,2023-12-02,2025-12-02
ENT-0800123,ACC-10006,CON-070023,LI-0500209,SW-OBS-140,520,2023-12-02,2025-12-02
ENT-0800124,ACC-10006,CON-070023,LI-0500210,SW-OBS-110,444,2023-12-02,2025-12-02
ENT-0800125,ACC-10006,CON-070023,LI-0500212,SUP-SIL-EDGE,8,2023-12-02,2025-12-02
ENT-0800126,ACC-10006,CON-070024,LI-0500213,SUP-PLA-EDGE,12,2023-02-20,2025-02-20
ENT-0800127,ACC-10006,CON-070024,LI-0500214,SW-NOC-140,308,2023-02-20,2025-02-20
ENT-0800128,ACC-10006,CON-070024,LI-0500218,SW-ZTN-130,642,2023-02-20,2025-02-20
ENT-0800129,ACC-10006,CON-070025,LI-0500222,SW-SEC-120,1034,2024-05-16,2025-05-16
ENT-0800130,ACC-10006,CON-070025,LI-0500223,SW-ZTN-110,1040,2024-05-16,2025-05-16
ENT-0800131,ACC-10006,CON-070025,LI-0500224,SUP-BRO-EDGE,2,2024-05-16,2025-05-16
ENT-0800132,ACC-10006,CON-070025,LI-0500225,SUP-GOL-EDGE,20,2024-05-16,2025-05-16
ENT-0800133,ACC-10006,CON-070025,LI-0500229,SUP-PLA-EDGE,12,2024-05-16,2025-05-16
ENT-0800134,ACC-10007,CON-070026,LI-0500231,SUP-GOL-CORE,6,2024-03-31,2026-03-28
ENT-0800135,ACC-10007,CON-070026,LI-0500232,SW-ZTN-130,1488,2024-03-31,2026-03-28
ENT-0800136,ACC-10007,CON-070026,LI-0500233,SUP-BRO-CORE,10,2024-03-31,2026-03-28
ENT-0800137,ACC-10007,CON-070026,LI-0500234,SW-ZTN-120,956,2024-03-31,2026-03-28
ENT-0800138,ACC-10007,CON-070026,LI-0500236,SW-SEC-110,1042,2024-03-31,2026-03-28
ENT-0800139,ACC-10007,CON-070027,LI-0500240,SW-NOC-120,501,2025-03-08,2028-03-08
ENT-0800140,ACC-10007,CON-070027,LI-0500241,SW-SDC-140,1369,2025-03-08,2028-03-08
ENT-0800141,ACC-10007,CON-070027,LI-0500242,SUP-PLA-DC,12,2025-03-08,2028-03-08
ENT-0800142,ACC-10007,CON-070028,LI-0500243,SW-NOC-110,913,2023-06-12,2026-06-12
ENT-0800143,ACC-10007,CON-070028,LI-0500245,SW-ZTN-120,415,2023-06-12,2026-06-12
ENT-0800144,ACC-10007,CON-070028,LI-0500246,SW-OBS-120,794,2023-06-12,2026-06-12
ENT-0800145,ACC-10007,CON-070028,LI-0500247,SW-ZTN-110,1072,2023-06-12,2026-06-12
ENT-0800146,ACC-10007,CON-070028,LI-0500248,SW-SDC-130,214,2023-06-12,2026-06-12
ENT-0800147,ACC-10007,CON-070028,LI-0500251,SUP-SIL-DC,14,2023-06-12,2026-06-12
ENT-0800148,ACC-10007,CON-070029,LI-0500253,SUP-SIL-DC,10,2022-05-27,2025-05-27
ENT-0800149,ACC-10007,CON-070029,LI-0500255,SUP-GOL-CORE,12,2022-05-27,2025-05-27
ENT-0800150,ACC-10008,CON-070030,LI-0500259,SUP-BRO-CORE,20,2025-09-17,2026-09-17
ENT-0800151,ACC-10008,CON-070030,LI-0500262,SW-SEC-110,287,2025-09-17,2026-09-17
ENT-0800152,ACC-10008,CON-070030,LI-0500264,SUP-PLA-DC,12,2025-09-17,2026-09-17
ENT-0800153,ACC-10008,CON-070031,LI-0500266,SUP-SIL-DC,20,2022-12-16,2025-12-16
ENT-0800154,ACC-10008,CON-070031,LI-0500267,SUP-GOL-DC,12,2022-12-16,2025-12-16
ENT-0800155,ACC-10008,CON-070032,LI-0500269,SUP-PLA-CORE,25,2025-05-08,2028-05-08
ENT-0800156,ACC-10008,CON-070032,LI-0500270,SUP-PLA-CORE,23,2025-05-08,2028-05-08
ENT-0800157,ACC-10008,CON-070032,LI-0500271,SW-OBS-140,1342,2025-05-08,2028-05-08
ENT-0800158,ACC-10008,CON-070032,LI-0500272,SW-NOC-130,1236,2025-05-08,2028-05-08
ENT-0800159,ACC-10008,CON-070032,LI-0500273,SW-SDC-120,754,2025-05-08,2028-05-08
ENT-0800160,ACC-10008,CON-070032,LI-0500274,SW-NOC-110,64,2025-05-08,2028-05-08
ENT-0800161,ACC-10008,CON-070032,LI-0500275,SUP-BRO-DC,15,2025-05-08,2028-05-08
ENT-0800162,ACC-10008,CON-070032,LI-0500276,SW-ZTN-120,85,2025-05-08,2028-05-08
ENT-0800163,ACC-10008,CON-070032,LI-0500277,SW-SDC-140,2068,2025-05-08,2028-05-08
ENT-0800164,ACC-10008,CON-070032,LI-0500279,SW-ZTN-140,676,2025-05-08,2028-05-08
ENT-0800165,ACC-10009,CON-070033,LI-0500280,SW-SDC-110,1163,2024-06-14,2029-06-14
ENT-0800166,ACC-10009,CON-070033,LI-0500281,SW-NOC-130,1290,2024-06-14,2029-06-14
ENT-0800167,ACC-10009,CON-070033,LI-0500282,SW-ZTN-110,1840,2024-06-14,2029-06-14
ENT-0800168,ACC-10009,CON-070033,LI-0500283,SUP-PLA-CORE,14,2024-06-14,2029-06-14
ENT-0800169,ACC-10009,CON-070033,LI-0500284,SW-ZTN-120,846,2024-06-14,2029-06-14
ENT-0800170,ACC-10009,CON-070033,LI-0500285,SW-NOC-130,595,2024-06-14,2029-06-14
ENT-0800171,ACC-10009,CON-070034,LI-0500286,SW-SDC-140,612,2025-06-19,2028-06-19
ENT-0800172,ACC-10009,CON-070034,LI-0500287,SW-SEC-110,211,2025-06-19,2028-06-19
ENT-0800173,ACC-10009,CON-070034,LI-0500288,SUP-BRO-EDGE,8,2025-06-19,2028-06-19
ENT-0800174,ACC-10009,CON-070034,LI-0500289,SUP-SIL-CORE,14,2025-06-19,2028-06-19
ENT-0800175,ACC-10009,CON-070034,LI-0500291,SUP-BRO-DC,2,2025-06-19,2028-06-19
ENT-0800176,ACC-10009,CON-070034,LI-0500292,SW-OBS-130,1284,2025-06-19,2028-06-19
ENT-0800177,ACC-10009,CON-070034,LI-0500293,SW-SDC-140,1143,2025-06-19,2028-06-19
ENT-0800178,ACC-10009,CON-070034,LI-0500294,SW-NOC-120,1024,2025-06-19,2028-06-19
ENT-0800179,ACC-10009,CON-070034,LI-0500296,SW-SDC-110,276,2025-06-19,2028-06-19
ENT-0800180,ACC-10009,CON-070034,LI-0500297,SW-SEC-120,623,2025-06-19,2028-06-19
ENT-0800181,ACC-10009,CON-070034,LI-0500298,SW-OBS-110,1171,2025-06-19,2028-06-19
ENT-0800182,ACC-10009,CON-070035,LI-0500299,SUP-SIL-EDGE,2,2023-05-25,2024-05-25
ENT-0800183,ACC-10009,CON-070035,LI-0500301,SW-SEC-130,1437,2023-05-25,2024-05-25
ENT-0800184,ACC-10009,CON-070035,LI-0500303,SW-NOC-120,2221,2023-05-25,2024-05-25
ENT-0800185,ACC-10009,CON-070035,LI-0500304,SUP-GOL-DC,5,2023-05-25,2024-05-25
ENT-0800186,ACC-10009,CON-070035,LI-0500305,SUP-PLA-CORE,14,2023-05-25,2024-05-25
ENT-0800187,ACC-10009,CON-070035,LI-0500306,SW-NOC-120,1996,2023-05-25,2024-05-25
ENT-0800188,ACC-10009,CON-070035,LI-0500307,SUP-BRO-CORE,11,2023-05-25,2024-05-25
ENT-0800189,ACC-10009,CON-070036,LI-0500312,SW-NOC-130,2052,2022-03-28,2024-03-28
ENT-0800190,ACC-10009,CON-070036,LI-0500313,SUP-PLA-CORE,2,2022-10-31,2024-03-28
ENT-0800191,ACC-10009,CON-070036,LI-0500316,SUP-PLA-CORE,16,2022-03-28,2024-03-28
ENT-0800192,ACC-10009,CON-070036,LI-0500317,SUP-GOL-CORE,11,2023-06-17,2024-03-28
ENT-0800193,ACC-10009,CON-070036,LI-0500318,SW-OBS-140,2162,2022-03-28,2024-03-28
ENT-0800194,ACC-10009,CON-070036,LI-0500319,SW-NOC-120,1470,2022-03-28,2024-03-28
ENT-0800195,ACC-10010,CON-070037,LI-0500321,SUP-PLA-EDGE,20,2023-10-25,2028-10-25
ENT-0800196,ACC-10010,CON-070037,LI-0500322,SW-ZTN-110,423,2023-10-25,2028-10-25
ENT-0800197,ACC-10010,CON-070037,LI-0500323,SW-OBS-110,1340,2023-10-25,2028-10-25
ENT-0800198,ACC-10010,CON-070037,LI-0500324,SUP-BRO-EDGE,20,2023-10-25,2028-10-25
ENT-0800199,ACC-10010,CON-070037,LI-0500325,SW-SEC-120,101,2023-10-25,2028-10-25
ENT-0800200,ACC-10010,CON-070037,LI-0500327,SW-NOC-130,1618,2023-10-25,2028-10-25
ENT-0800201,ACC-10010,CON-070038,LI-0500329,SUP-GOL-EDGE,13,2022-11-12,2025-11-12
ENT-0800202,ACC-10010,CON-070038,LI-0500331,SUP-BRO-DC,6,2022-11-12,2025-11-12
ENT-0800203,ACC-10010,CON-070038,LI-0500332,SW-SEC-130,310,2022-11-12,2025-11-12
ENT-0800204,ACC-10010,CON-070038,LI-0500333,SW-NOC-140,131,2022-11-12,2025-11-12
ENT-0800205,ACC-10010,CON-070038,LI-0500334,SUP-GOL-EDGE,18,2022-11-12,2025-11-12
ENT-0800206,ACC-10010,CON-070038,LI-0500337,SW-SEC-130,1611,2022-11-12,2025-11-12
ENT-0800207,ACC-10010,CON-070039,LI-0500338,SUP-PLA-DC,16,2025-08-01,2026-08-01
ENT-0800208,ACC-10010,CON-070039,LI-0500339,SUP-PLA-DC,2,2025-08-01,2026-08-01
ENT-0800209,ACC-10010,CON-070039,LI-0500344,SW-SEC-130,1303,2025-08-01,2026-08-01
ENT-0800210,ACC-10010,CON-070039,LI-0500348,SW-SDC-120,303,2025-08-01,2026-08-01
ENT-0800211,ACC-10011,CON-070040,LI-0500350,SW-OBS-130,1762,2024-06-26,2027-06-26
ENT-0800212,ACC-10011,CON-070040,LI-0500351,SW-OBS-130,1214,2024-06-26,2027-06-26
ENT-0800213,ACC-10011,CON-070040,LI-0500352,SUP-PLA-CORE,20,2024-06-26,2027-06-26
ENT-0800214,ACC-10011,CON-070040,LI-0500353,SUP-SIL-DC,29,2024-06-26,2027-06-26
ENT-0800215,ACC-10011,CON-070040,LI-0500355,SW-ZTN-120,2359,2024-06-26,2027-06-26
ENT-0800216,ACC-10011,CON-070040,LI-0500356,SW-SDC-130,1447,2024-06-26,2027-06-26
ENT-0800217,ACC-10011,CON-070040,LI-0500357,SW-NOC-110,2302,2025-06-12,2027-06-26
ENT-0800218,ACC-10011,CON-070041,LI-0500360,SW-OBS-110,1771,2023-03-31,2024-03-28
ENT-0800219,ACC-10011,CON-070041,LI-0500361,SW-ZTN-130,1828,2023-03-31,2024-03-28
ENT-0800220,ACC-10011,CON-070041,LI-0500362,SW-NOC-120,1486,2023-03-31,2024-03-28
ENT-0800221,ACC-10011,CON-070041,LI-0500363,SUP-BRO-DC,14,2023-03-31,2024-03-28
ENT-0800222,ACC-10011,CON-070041,LI-0500364,SUP-PLA-EDGE,11,2023-03-31,2024-03-28
ENT-0800223,ACC-10011,CON-070041,LI-0500365,SUP-SIL-CORE,5,2023-03-31,2024-03-28
ENT-0800224,ACC-10011,CON-070042,LI-0500366,SW-SEC-120,1570,2023-10-27,2028-10-27
ENT-0800225,ACC-10011,CON-070042,LI-0500368,SUP-SIL-CORE,2,2023-10-27,2028-10-27
ENT-0800226,ACC-10011,CON-070042,LI-0500369,SUP-PLA-EDGE,20,2023-10-27,2028-10-27
ENT-0800227,ACC-10011,CON-070042,LI-0500370,SUP-BRO-EDGE,17,2023-10-27,2028-10-27
ENT-0800228,ACC-10011,CON-070042,LI-0500372,SUP-BRO-CORE,11,2023-10-27,2028-10-27
ENT-0800229,ACC-10011,CON-070042,LI-0500375,SW-NOC-120,1052,2023-10-27,2028-10-27
ENT-0800230,ACC-10011,CON-070043,LI-0500377,SUP-GOL-CORE,29,2025-10-11,2030-10-11
ENT-0800231,ACC-10011,CON-070043,LI-0500379,SUP-GOL-EDGE,8,2025-10-11,2030-10-11
ENT-0800232,ACC-10011,CON-070043,LI-0500383,SUP-PLA-DC,8,2025-10-11,2030-10-11
ENT-0800233,ACC-10011,CON-070043,LI-0500384,SW-SDC-140,1789,2025-10-11,2030-10-11
ENT-0800234,ACC-10011,CON-070043,LI-0500385,SW-SDC-110,2074,2025-10-11,2030-10-11
ENT-0800235,ACC-10011,CON-070043,LI-0500386,SW-ZTN-120,1963,2025-10-11,2030-10-11
ENT-0800236,ACC-10011,CON-070044,LI-0500388,SW-ZTN-130,347,2022-05-27,2025-05-27
ENT-0800237,ACC-10011,CON-070044,LI-0500390,SW-OBS-140,659,2022-05-27,2025-05-27
ENT-0800238,ACC-10012,CON-070045,LI-0500396,SUP-SIL-CORE,1,2022-06-25,2023-06-25
ENT-0800239,ACC-10012,CON-070046,LI-0500399,SW-ZTN-120,899,2025-01-24,2030-01-24
ENT-0800240,ACC-10012,CON-070046,LI-0500401,SW-NOC-110,710,2025-01-24,2030-01-24
ENT-0800241,ACC-10012,CON-070046,LI-0500402,SUP-PLA-CORE,15,2026-03-08,2030-01-24
ENT-0800242,ACC-10012,CON-070046,LI-0500403,SUP-BRO-EDGE,8,2025-01-24,2030-01-24
ENT-0800243,ACC-10012,CON-070046,LI-0500406,SUP-SIL-CORE,10,2025-01-24,2030-01-24
ENT-0800244,ACC-10012,CON-070047,LI-0500407,SW-ZTN-110,1302,2025-08-22,2026-08-22
ENT-0800245,ACC-10012,CON-070047,LI-0500409,SUP-GOL-DC,3,2025-08-22,2026-08-22
ENT-0800246,ACC-10012,CON-070047,LI-0500410,SW-ZTN-110,854,2025-08-22,2026-08-22
ENT-0800247,ACC-10012,CON-070047,LI-0500412,SUP-SIL-CORE,10,2025-08-22,2026-08-22
ENT-0800248,ACC-10012,CON-070047,LI-0500415,SW-SEC-140,932,2025-08-22,2026-08-22
ENT-0800249,ACC-10012,CON-070048,LI-0500417,SW-SEC-140,312,2022-03-02,2025-03-02
ENT-0800250,ACC-10012,CON-070048,LI-0500418,SW-SDC-110,1208,2022-03-02,2025-03-02
ENT-0800251,ACC-10012,CON-070048,LI-0500419,SUP-PLA-DC,12,2022-03-02,2025-03-02
ENT-0800252,ACC-10012,CON-070048,LI-0500421,SW-ZTN-130,313,2022-03-02,2025-03-02
ENT-0800253,ACC-10012,CON-070048,LI-0500422,SUP-SIL-CORE,17,2022-03-02,2025-03-02
ENT-0800254,ACC-10012,CON-070048,LI-0500424,SUP-BRO-DC,17,2022-03-02,2025-03-02
ENT-0800255,ACC-10013,CON-070049,LI-0500426,SUP-PLA-EDGE,7,2024-12-08,2026-12-08
ENT-0800256,ACC-10013,CON-070049,LI-0500428,SUP-BRO-CORE,7,2024-12-08,2026-12-08
ENT-0800257,ACC-10013,CON-070049,LI-0500430,SW-SDC-120,1129,2024-12-08,2026-12-08
ENT-0800258,ACC-10013,CON-070050,LI-0500431,SW-SEC-110,542,2023-08-24,2024-01-20
ENT-0800259,ACC-10013,CON-070050,LI-0500433,SUP-PLA-EDGE,10,2023-01-20,2024-01-20
ENT-0800260,ACC-10013,CON-070050,LI-0500435,SW-OBS-140,268,2023-01-20,2024-01-20
ENT-0800261,ACC-10013,CON-070051,LI-0500436,SW-OBS-140,539,2025-05-23,2028-05-23
ENT-0800262,ACC-10013,CON-070051,LI-0500437,SW-SDC-140,1291,2025-05-23,2028-05-23
ENT-0800263,ACC-10013,CON-070051,LI-0500440,SW-SEC-140,1988,2025-05-23,2028-05-23
ENT-0800264,ACC-10013,CON-070051,LI-0500441,SW-SEC-130,2026,2025-05-23,2028-05-23
ENT-0800265,ACC-10013,CON-070051,LI-0500442,SW-SEC-120,1200,2025-05-23,2028-05-23
ENT-0800266,ACC-10013,CON-070051,LI-0500443,SW-SDC-140,1846,2025-05-23,2028-05-23
ENT-0800267,ACC-10013,CON-070051,LI-0500445,SW-NOC-120,1638,2025-05-23,2028-05-23
ENT-0800268,ACC-10013,CON-070052,LI-0500448,SUP-PLA-DC,2,2025-03-17,2026-03-17
ENT-0800269,ACC-10013,CON-070052,LI-0500449,SW-SDC-130,1246,2025-03-17,2026-03-17
ENT-0800270,ACC-10013,CON-070052,LI-0500450,SUP-BRO-EDGE,10,2025-03-17,2026-03-17
ENT-0800271,ACC-10013,CON-070052,LI-0500452,SW-ZTN-110,1696,2025-03-17,2026-03-17
ENT-0800272,ACC-10013,CON-070052,LI-0500453,SW-SEC-130,818,2025-03-17,2026-03-17
ENT-0800273,ACC-10013,CON-070052,LI-0500454,SW-OBS-120,802,2025-03-17,2026-03-17
ENT-0800274,ACC-10013,CON-070052,LI-0500455,SW-SDC-120,825,2025-03-17,2026-03-17
ENT-0800275,ACC-10013,CON-070052,LI-0500457,SUP-BRO-DC,20,2025-03-17,2026-03-17
ENT-0800276,ACC-10013,CON-070052,LI-0500458,SUP-GOL-CORE,5,2025-03-17,2026-03-17
ENT-0800277,ACC-10013,CON-070052,LI-0500459,SW-NOC-140,529,2025-03-17,2026-03-17
ENT-0800278,ACC-10014,CON-070053,LI-0500463,SUP-BRO-CORE,3,2022-02-21,2025-02-21
ENT-0800279,ACC-10014,CON-070053,LI-0500464,SUP-PLA-CORE,11,2022-02-21,2025-02-21
ENT-0800280,ACC-10014,CON-070053,LI-0500466,SUP-GOL-DC,19,2022-02-21,2025-02-21
ENT-0800281,ACC-10014,CON-070053,LI-0500467,SW-SDC-110,1167,2022-02-21,2025-02-21
ENT-0800282,ACC-10014,CON-070053,LI-0500470,SUP-BRO-DC,1,2022-02-21,2025-02-21
ENT-0800283,ACC-10014,CON-070054,LI-0500474,SUP-GOL-CORE,17,2023-02-20,2024-02-20
ENT-0800284,ACC-10014,CON-070054,LI-0500477,SW-SDC-120,946,2023-02-20,2024-02-20
ENT-0800285,ACC-10014,CON-070054,LI-0500479,SW-ZTN-120,613,2023-02-20,2024-02-20
ENT-0800286,ACC-10014,CON-070055,LI-0500481,SW-ZTN-130,1274,2022-03-17,2025-03-17
ENT-0800287,ACC-10014,CON-070055,LI-0500484,SUP-PLA-EDGE,19,2022-03-17,2025-03-17
ENT-0800288,ACC-10014,CON-070056,LI-0500485,SUP-BRO-EDGE,3,2024-07-21,2026-07-21
ENT-0800289,ACC-10014,CON-070056,LI-0500487,SW-NOC-130,917,2024-07-21,2026-07-21
ENT-0800290,ACC-10014,CON-070056,LI-0500489,SUP-BRO-CORE,9,2024-07-21,2026-07-21
ENT-0800291,ACC-10014,CON-070056,LI-0500492,SW-NOC-130,1032,2024-07-21,2026-07-21
ENT-0800292,ACC-10015,CON-070057,LI-0500494,SUP-PLA-EDGE,29,2023-12-26,2028-12-26
ENT-0800293,ACC-10015,CON-070057,LI-0500495,SUP-PLA-DC,23,2023-12-26,2028-12-26
ENT-0800294,ACC-10015,CON-070057,LI-0500496,SW-SEC-120,1942,2023-12-26,2028-12-26
ENT-0800295,ACC-10015,CON-070057,LI-0500497,SW-OBS-120,667,2024-04-13,2028-12-26
ENT-0800296,ACC-10015,CON-070057,LI-0500498,SW-SDC-130,1990,2023-12-26,2028-12-26
ENT-0800297,ACC-10015,CON-070057,LI-0500499,SUP-PLA-DC,11,2023-12-26,2028-12-26
ENT-0800298,ACC-10015,CON-070058,LI-0500500,SW-ZTN-120,2025,2023-11-15,2026-11-15
ENT-0800299,ACC-10015,CON-070058,LI-0500501,SUP-PLA-CORE,11,2023-11-15,2026-11-15
ENT-0800300,ACC-10015,CON-070058,LI-0500503,SW-ZTN-110,1759,2023-11-15,2026-11-15
ENT-0800301,ACC-10015,CON-070058,LI-0500504,SUP-BRO-EDGE,5,2023-11-15,2026-11-15
ENT-0800302,ACC-10015,CON-070058,LI-0500507,SUP-SIL-EDGE,17,2023-11-15,2026-11-15
ENT-0800303,ACC-10015,CON-070058,LI-0500508,SW-SDC-140,1526,2023-11-15,2026-11-15
ENT-0800304,ACC-10015,CON-070059,LI-0500509,SW-ZTN-120,1101,2025-07-08,2027-07-08
ENT-0800305,ACC-10015,CON-070059,LI-0500510,SW-SDC-120,2349,2027-02-21,2027-07-08
ENT-0800306,ACC-10015,CON-070059,LI-0500511,SUP-SIL-CORE,29,2025-07-08,2027-07-08
ENT-0800307,ACC-10015,CON-070059,LI-0500512,SUP-SIL-DC,26,2025-07-08,2027-07-08
ENT-0800308,ACC-10015,CON-070059,LI-0500514,SUP-SIL-DC,5,2025-07-08,2027-07-08
ENT-0800309,ACC-10015,CON-070059,LI-0500516,SW-SDC-110,1993,2025-07-08,2027-07-08
ENT-0800310,ACC-10015,CON-070059,LI-0500519,SUP-SIL-CORE,17,2025-07-08,2027-07-08
ENT-0800311,ACC-10015,CON-070060,LI-0500521,SW-OBS-120,736,2024-10-14,2026-10-14
ENT-0800312,ACC-10015,CON-070060,LI-0500523,SUP-BRO-EDGE,11,2024-10-14,2026-10-14
ENT-0800313,ACC-10015,CON-070060,LI-0500526,SW-OBS-130,1556,2024-10-14,2026-10-14
ENT-0800314,ACC-10015,CON-070061,LI-0500527,SW-NOC-140,1654,2023-11-02,2026-11-02
ENT-0800315,ACC-10015,CON-070061,LI-0500528,SW-SEC-110,703,2023-11-02,2026-11-02
ENT-0800316,ACC-10015,CON-070061,LI-0500529,SW-SDC-130,1259,2023-11-02,2026-11-02
ENT-0800317,ACC-10015,CON-070061,LI-0500531,SW-ZTN-140,341,2023-11-02,2026-11-02
ENT-0800318,ACC-10016,CON-070062,LI-0500533,SW-SEC-130,545,2023-03-06,2025-03-06
ENT-0800319,ACC-10016,CON-070062,LI-0500540,SW-OBS-120,1504,2023-03-06,2025-03-06
ENT-0800320,ACC-10016,CON-070062,LI-0500541,SW-NOC-130,843,2023-03-06,2025-03-06
ENT-0800321,ACC-10016,CON-070063,LI-0500543,SUP-PLA-CORE,2,2022-04-14,2027-04-14
ENT-0800322,ACC-10016,CON-070063,LI-0500544,SUP-BRO-EDGE,4,2022-04-14,2027-04-14
ENT-0800323,ACC-10016,CON-070063,LI-0500545,SUP-BRO-DC,24,2022-04-14,2027-04-14
ENT-0800324,ACC-10016,CON-070063,LI-0500546,SUP-PLA-CORE,19,2022-04-14,2027-04-14
ENT-0800325,ACC-10016,CON-070064,LI-0500548,SUP-BRO-DC,4,2024-08-11,2025-08-11
ENT-0800326,ACC-10016,CON-070064,LI-0500549,SW-SDC-130,304,2024-08-11,2025-08-11
ENT-0800327,ACC-10016,CON-070064,LI-0500550,SUP-PLA-CORE,19,2024-08-11,2025-08-11
ENT-0800328,ACC-10016,CON-070064,LI-0500551,SW-SEC-140,422,2024-08-11,2025-08-11
ENT-0800329,ACC-10016,CON-070064,LI-0500553,SW-SDC-110,521,2024-08-11,2025-08-11
ENT-0800330,ACC-10016,CON-070064,LI-0500555,SUP-SIL-DC,19,2024-08-11,2025-08-11
ENT-0800331,ACC-10016,CON-070064,LI-0500556,SW-NOC-130,1256,2024-08-11,2025-08-11
ENT-0800332,ACC-10016,CON-070064,LI-0500558,SW-OBS-120,936,2024-08-11,2025-08-11
ENT-0800333,ACC-10016,CON-070065,LI-0500561,SUP-GOL-EDGE,24,2024-12-27,2027-12-27
ENT-0800334,ACC-10016,CON-070065,LI-0500562,SUP-PLA-EDGE,9,2024-12-27,2027-12-27
ENT-0800335,ACC-10016,CON-070065,LI-0500563,SW-SDC-140,1027,2024-12-27,2027-12-27
ENT-0800336,ACC-10016,CON-070065,LI-0500564,SW-SEC-130,1806,2024-12-27,2027-12-27
ENT-0800337,ACC-10016,CON-070065,LI-0500568,SUP-PLA-DC,24,2024-12-27,2027-12-27
ENT-0800338,ACC-10016,CON-070065,LI-0500569,SUP-BRO-CORE,24,2024-12-27,2027-12-27
ENT-0800339,ACC-10017,CON-070066,LI-0500572,SW-OBS-130,1342,2025-05-06,2027-05-06
ENT-0800340,ACC-10017,CON-070066,LI-0500576,SUP-PLA-CORE,7,2025-05-06,2027-05-06
ENT-0800341,ACC-10017,CON-070066,LI-0500577,SW-OBS-120,1071,2025-05-06,2027-05-06
ENT-0800342,ACC-10017,CON-070066,LI-0500578,SUP-GOL-CORE,10,2025-05-06,2027-05-06
ENT-0800343,ACC-10017,CON-070066,LI-0500580,SUP-PLA-CORE,12,2025-05-06,2027-05-06
ENT-0800344,ACC-10017,CON-070066,LI-0500581,SUP-GOL-EDGE,15,2025-05-06,2027-05-06
ENT-0800345,ACC-10017,CON-070067,LI-0500582,SW-OBS-120,222,2024-11-11,2027-11-11
ENT-0800346,ACC-10017,CON-070067,LI-0500584,SUP-SIL-DC,5,2024-11-11,2027-11-11
ENT-0800347,ACC-10017,CON-070067,LI-0500585,SW-NOC-110,669,2024-11-11,2027-11-11
ENT-0800348,ACC-10017,CON-070067,LI-0500587,SUP-PLA-DC,17,2024-11-11,2027-11-11
ENT-0800349,ACC-10017,CON-070068,LI-0500589,SW-OBS-140,1142,2025-09-18,2030-09-18
ENT-0800350,ACC-10017,CON-070068,LI-0500590,SUP-PLA-CORE,7,2025-09-18,2030-09-18
ENT-0800351,ACC-10017,CON-070068,LI-0500591,SW-NOC-130,1739,2029-12-03,2030-09-18
ENT-0800352,ACC-10017,CON-070068,LI-0500592,SW-SDC-140,1764,2025-09-18,2030-09-18
ENT-0800353,ACC-10017,CON-070068,LI-0500593,SUP-BRO-DC,5,2025-09-18,2030-09-18
ENT-0800354,ACC-10018,CON-070069,LI-0500594,SW-SEC-120,1179,2024-05-21,2029-05-21
ENT-0800355,ACC-10018,CON-070069,LI-0500595,SUP-GOL-DC,19,2024-05-21,2029-05-21
ENT-0800356,ACC-10018,CON-070069,LI-0500597,SUP-BRO-EDGE,24,2024-05-21,2029-05-21
ENT-0800357,ACC-10018,CON-070069,LI-0500598,SW-SEC-140,1814,2024-05-21,2029-05-21
ENT-0800358,ACC-10018,CON-070069,LI-0500599,SUP-GOL-EDGE,21,2024-05-21,2029-05-21
ENT-0800359,ACC-10018,CON-070069,LI-0500601,SUP-PLA-DC,14,2024-05-21,2029-05-21
ENT-0800360,ACC-10018,CON-070069,LI-0500602,SW-SDC-140,1761,2024-05-21,2029-05-21
ENT-0800361,ACC-10018,CON-070069,LI-0500604,SW-NOC-130,1347,2024-05-21,2029-05-21
ENT-0800362,ACC-10018,CON-070069,LI-0500605,SW-NOC-130,664,2024-05-21,2029-05-21
ENT-0800363,ACC-10018,CON-070069,LI-0500606,SUP-PLA-DC,4,2024-05-21,2029-05-21
ENT-0800364,ACC-10018,CON-070070,LI-0500607,SW-NOC-120,904,2023-10-02,2025-10-02
ENT-0800365,ACC-10018,CON-070070,LI-0500609,SW-ZTN-110,1215,2023-10-02,2025-10-02
ENT-0800366,ACC-10018,CON-070070,LI-0500610,SUP-SIL-DC,16,2023-10-02,2025-10-02
ENT-0800367,ACC-10018,CON-070070,LI-0500614,SUP-GOL-CORE,24,2023-10-02,2025-10-02
ENT-0800368,ACC-10018,CON-070070,LI-0500615,SW-NOC-120,1677,2023-10-02,2025-10-02
ENT-0800369,ACC-10018,CON-070070,LI-0500618,SW-OBS-110,681,2023-10-02,2025-10-02
ENT-0800370,ACC-10018,CON-070071,LI-0500621,SUP-PLA-CORE,19,2022-08-17,2025-08-17
ENT-0800371,ACC-10018,CON-070071,LI-0500622,SW-SEC-120,702,2022-08-17,2025-08-17
ENT-0800372,ACC-10018,CON-070071,LI-0500623,SUP-SIL-EDGE,19,2022-08-17,2025-08-17
ENT-0800373,ACC-10018,CON-070071,LI-0500625,SUP-BRO-CORE,7,2022-08-17,2025-08-17
ENT-0800374,ACC-10018,CON-070071,LI-0500626,SUP-BRO-DC,19,2022-08-17,2025-08-17
ENT-0800375,ACC-10018,CON-070071,LI-0500628,SW-SDC-130,1848,2022-08-17,2025-08-17
ENT-0800376,ACC-10018,CON-070071,LI-0500629,SUP-SIL-EDGE,24,2022-08-17,2025-08-17
ENT-0800377,ACC-10018,CON-070071,LI-0500631,SW-NOC-140,187,2022-08-17,2025-08-17
ENT-0800378,ACC-10018,CON-070072,LI-0500633,SW-SDC-110,1742,2024-12-26,2025-12-26
ENT-0800379,ACC-10018,CON-070072,LI-0500634,SUP-GOL-CORE,12,2024-12-26,2025-12-26
ENT-0800380,ACC-10018,CON-070072,LI-0500635,SUP-GOL-EDGE,2,2024-12-26,2025-12-26
ENT-0800381,ACC-10018,CON-070072,LI-0500638,SUP-BRO-CORE,21,2024-12-26,2025-12-26
ENT-0800382,ACC-10018,CON-070073,LI-0500640,SW-OBS-110,1672,2023-07-01,2028-07-01
ENT-0800383,ACC-10018,CON-070073,LI-0500641,SUP-GOL-CORE,9,2023-07-01,2028-07-01
ENT-0800384,ACC-10018,CON-070073,LI-0500643,SW-SEC-120,830,2023-07-01,2028-07-01
ENT-0800385,ACC-10018,CON-070073,LI-0500644,SW-NOC-110,226,2024-03-17,2028-07-01
ENT-0800386,ACC-10019,CON-070074,LI-0500645,SW-SEC-130,119,2023-10-26,2024-08-04
ENT-0800387,ACC-10019,CON-070074,LI-0500648,SW-NOC-140,229,2023-08-04,2024-08-04
ENT-0800388,ACC-10019,CON-070074,LI-0500649,SW-SEC-110,829,2023-08-04,2024-08-04
ENT-0800389,ACC-10019,CON-070074,LI-0500650,SUP-PLA-CORE,20,2023-08-04,2024-08-04
ENT-0800390,ACC-10019,CON-070075,LI-0500655,SW-SDC-110,855,2023-07-21,2026-07-21
ENT-0800391,ACC-10019,CON-070075,LI-0500656,SUP-BRO-EDGE,10,2023-07-21,2026-07-21
ENT-0800392,ACC-10019,CON-070075,LI-0500658,SW-NOC-130,1070,2023-07-21,2026-07-21
ENT-0800393,ACC-10019,CON-070075,LI-0500660,SW-SDC-140,275,2023-07-21,2026-07-21
ENT-0800394,ACC-10019,CON-070075,LI-0500661,SUP-GOL-EDGE,8,2023-07-21,2026-07-21
ENT-0800395,ACC-10019,CON-070075,LI-0500662,SUP-BRO-CORE,16,2023-07-21,2026-07-21
ENT-0800396,ACC-10019,CON-070076,LI-0500665,SW-NOC-120,1429,2022-05-25,2023-05-25
ENT-0800397,ACC-10019,CON-070076,LI-0500671,SW-SDC-140,302,2022-05-25,2023-05-25
ENT-0800398,ACC-10019,CON-070076,LI-0500672,SW-OBS-140,741,2022-05-25,2023-05-25
ENT-0800399,ACC-10019,CON-070076,LI-0500673,SUP-GOL-EDGE,2,2022-05-25,2023-05-25
ENT-0800400,ACC-10019,CON-070076,LI-0500674,SW-NOC-130,808,2022-05-25,2023-05-25
ENT-0800401,ACC-10019,CON-070076,LI-0500675,SW-OBS-130,216,2022-05-25,2023-05-25
ENT-0800402,ACC-10019,CON-070077,LI-0500679,SW-SDC-140,225,2022-12-28,2023-12-28
ENT-0800403,ACC-10019,CON-070077,LI-0500680,SUP-GOL-CORE,8,2022-12-28,2023-12-28
ENT-0800404,ACC-10019,CON-070077,LI-0500681,SUP-SIL-EDGE,2,2022-12-28,2023-12-28
ENT-0800405,ACC-10019,CON-070077,LI-0500682,SUP-PLA-EDGE,8,2022-12-28,2023-12-28
ENT-0800406,ACC-10019,CON-070077,LI-0500683,SW-NOC-130,1171,2022-12-28,2023-12-28
ENT-0800407,ACC-10019,CON-070077,LI-0500685,SW-SDC-130,83,2023-03-12,2023-12-28
ENT-0800408,ACC-10019,CON-070077,LI-0500686,SUP-SIL-DC,2,2022-12-28,2023-12-28
ENT-0800409,ACC-10020,CON-070078,LI-0500689,SW-SDC-140,1196,2027-12-15,2028-04-01
ENT-0800410,ACC-10020,CON-070078,LI-0500690,SW-ZTN-140,122,2025-04-01,2028-04-01
ENT-0800411,ACC-10020,CON-070078,LI-0500691,SW-SEC-110,67,2025-04-01,2028-04-01
ENT-0800412,ACC-10020,CON-070078,LI-0500692,SW-NOC-120,584,2025-04-01,2028-04-01
ENT-0800413,ACC-10020,CON-070078,LI-0500693,SUP-BRO-CORE,13,2025-04-01,2028-04-01
ENT-0800414,ACC-10020,CON-070078,LI-0500694,SUP-PLA-EDGE,3,2025-04-01,2028-04-01
ENT-0800415,ACC-10020,CON-070079,LI-0500696,SUP-GOL-EDGE,10,2025-05-03,2028-05-03
ENT-0800416,ACC-10020,CON-070079,LI-0500697,SW-SDC-110,615,2025-05-03,2028-05-03
ENT-0800417,ACC-10020,CON-070079,LI-0500698,SW-ZTN-130,1004,2025-05-03,2028-05-03
ENT-0800418,ACC-10020,CON-070079,LI-0500701,SUP-SIL-CORE,5,2025-05-03,2028-05-03
ENT-0800419,ACC-10020,CON-070079,LI-0500702,SW-SEC-120,1271,2025-05-03,2028-05-03
ENT-0800420,ACC-10020,CON-070079,LI-0500703,SUP-BRO-DC,13,2025-05-03,2028-05-03
ENT-0800421,ACC-10020,CON-070079,LI-0500704,SW-ZTN-130,113,2025-05-03,2028-05-03
ENT-0800422,ACC-10020,CON-070079,LI-0500705,SW-ZTN-140,706,2025-05-03,2028-05-03
ENT-0800423,ACC-10020,CON-070079,LI-0500707,SW-NOC-110,358,2025-05-03,2028-05-03
ENT-0800424,ACC-10020,CON-070080,LI-0500709,SW-ZTN-110,837,2024-09-01,2027-09-01
ENT-0800425,ACC-10020,CON-070080,LI-0500710,SUP-BRO-DC,17,2024-09-01,2027-09-01
ENT-0800426,ACC-10020,CON-070080,LI-0500712,SUP-PLA-EDGE,3,2024-09-01,2027-09-01
ENT-0800427,ACC-10020,CON-070081,LI-0500714,SUP-BRO-CORE,17,2022-08-29,2024-08-28
ENT-0800428,ACC-10020,CON-070081,LI-0500716,SUP-PLA-CORE,6,2022-08-29,2024-08-28
ENT-0800429,ACC-10020,CON-070081,LI-0500718,SUP-BRO-DC,13,2022-08-29,2024-08-28
ENT-0800430,ACC-10020,CON-070081,LI-0500720,SW-NOC-120,1180,2022-08-29,2024-08-28
ENT-0800431,ACC-10020,CON-070081,LI-0500721,SUP-SIL-EDGE,12,2022-08-29,2024-08-28
ENT-0800432,ACC-10020,CON-070081,LI-0500724,SW-NOC-110,897,2022-08-29,2024-08-28
ENT-0800433,ACC-10020,CON-070082,LI-0500726,SUP-SIL-EDGE,3,2025-10-18,2026-10-18
ENT-0800434,ACC-10020,CON-070082,LI-0500727,SW-NOC-140,460,2025-10-18,2026-10-18
ENT-0800435,ACC-10020,CON-070082,LI-0500728,SW-SEC-130,704,2025-10-18,2026-10-18
ENT-0800436,ACC-10020,CON-070082,LI-0500729,SW-NOC-130,873,2025-10-18,2026-10-18
ENT-0800437,ACC-10020,CON-070082,LI-0500733,SW-SEC-130,1158,2025-10-18,2026-10-18
ENT-0800438,ACC-10020,CON-070082,LI-0500734,SW-OBS-110,399,2025-10-18,2026-10-18
ENT-0800439,ACC-10021,CON-070083,LI-0500736,SUP-SIL-DC,7,2022-08-16,2027-08-16
ENT-0800440,ACC-10021,CON-070083,LI-0500739,SUP-GOL-DC,7,2022-08-16,2027-08-16
ENT-0800441,ACC-10021,CON-070083,LI-0500741,SUP-SIL-EDGE,19,2022-08-16,2027-08-16
ENT-0800442,ACC-10021,CON-070083,LI-0500743,SW-SDC-120,1494,2022-08-16,2027-08-16
ENT-0800443,ACC-10021,CON-070083,LI-0500745,SW-SEC-140,1210,2022-08-16,2027-08-16
ENT-0800444,ACC-10021,CON-070084,LI-0500746,SUP-GOL-CORE,17,2022-10-13,2023-04-01
ENT-0800445,ACC-10021,CON-070084,LI-0500749,SUP-BRO-CORE,17,2022-04-01,2023-04-01
ENT-0800446,ACC-10021,CON-070085,LI-0500750,SW-OBS-120,516,2022-09-29,2027-09-28
ENT-0800447,ACC-10021,CON-070085,LI-0500751,SW-NOC-130,78,2022-09-29,2027-09-28
ENT-0800448,ACC-10021,CON-070085,LI-0500752,SUP-SIL-CORE,5,2022-09-29,2027-09-28
ENT-0800449,ACC-10021,CON-070085,LI-0500758,SUP-BRO-CORE,13,2022-09-29,2027-09-28
ENT-0800450,ACC-10022,CON-070086,LI-0500762,SW-OBS-140,164,2023-07-07,2025-07-07
ENT-0800451,ACC-10022,CON-070086,LI-0500765,SW-ZTN-120,1595,2023-07-07,2025-07-07
ENT-0800452,ACC-10022,CON-070086,LI-0500766,SW-SEC-130,355,2023-07-07,2025-07-07
ENT-0800453,ACC-10022,CON-070086,LI-0500767,SW-SEC-140,1234,2023-07-07,2025-07-07
ENT-0800454,ACC-10022,CON-070086,LI-0500768,SW-SDC-140,1668,2023-07-07,2025-07-07
ENT-0800455,ACC-10022,CON-070086,LI-0500769,SUP-PLA-EDGE,8,2023-07-07,2025-07-07
ENT-0800456,ACC-10022,CON-070086,LI-0500770,SUP-SIL-EDGE,12,2023-07-07,2025-07-07
ENT-0800457,ACC-10022,CON-070086,LI-0500771,SW-OBS-110,1154,2023-07-07,2025-07-07
ENT-0800458,ACC-10022,CON-070087,LI-0500772,SUP-GOL-CORE,17,2024-02-03,2027-02-03
ENT-0800459,ACC-10022,CON-070087,LI-0500773,SW-NOC-140,1082,2024-02-03,2027-02-03
ENT-0800460,ACC-10022,CON-070087,LI-0500774,SUP-PLA-CORE,19,2024-02-03,2027-02-03
ENT-0800461,ACC-10022,CON-070087,LI-0500776,SW-NOC-130,464,2024-02-03,2027-02-03
ENT-0800462,ACC-10022,CON-070087,LI-0500778,SUP-BRO-DC,10,2024-02-03,2027-02-03
ENT-0800463,ACC-10022,CON-070088,LI-0500782,SW-ZTN-120,342,2024-12-02,2027-12-02
ENT-0800464,ACC-10022,CON-070088,LI-0500783,SUP-GOL-EDGE,17,2024-12-02,2027-12-02
ENT-0800465,ACC-10022,CON-070088,LI-0500784,SUP-BRO-EDGE,10,2024-12-02,2027-12-02
ENT-0800466,ACC-10022,CON-070088,LI-0500785,SUP-BRO-EDGE,8,2024-12-02,2027-12-02
ENT-0800467,ACC-10022,CON-070088,LI-0500787,SW-ZTN-130,804,2024-12-02,2027-12-02
ENT-0800468,ACC-10022,CON-070088,LI-0500788,SW-OBS-130,1116,2024-12-02,2027-12-02
ENT-0800469,ACC-10022,CON-070088,LI-0500789,SW-ZTN-110,1253,2024-12-02,2027-12-02
ENT-0800470,ACC-10022,CON-070088,LI-0500792,SUP-SIL-CORE,8,2024-12-02,2027-12-02
ENT-0800471,ACC-10022,CON-070088,LI-0500793,SW-OBS-120,156,2024-12-02,2027-12-02
ENT-0800472,ACC-10022,CON-070088,LI-0500794,SUP-SIL-CORE,17,2024-12-02,2027-12-02
ENT-0800473,ACC-10022,CON-070089,LI-0500795,SW-SEC-120,1604,2023-08-08,2024-08-08
ENT-0800474,ACC-10022,CON-070089,LI-0500796,SW-SEC-110,406,2023-08-08,2024-08-08
ENT-0800475,ACC-10022,CON-070089,LI-0500798,SUP-GOL-CORE,10,2023-08-08,2024-08-08
ENT-0800476,ACC-10022,CON-070089,LI-0500799,SW-SEC-130,1283,2023-08-08,2024-08-08
ENT-0800477,ACC-10022,CON-070089,LI-0500800,SUP-PLA-CORE,12,2023-08-08,2024-08-08
ENT-0800478,ACC-10023,CON-070090,LI-0500801,SW-SDC-110,1588,2024-12-28,2027-12-28
ENT-0800479,ACC-10023,CON-070090,LI-0500802,SUP-GOL-CORE,17,2024-12-28,2027-12-28
ENT-0800480,ACC-10023,CON-070090,LI-0500803,SW-ZTN-120,1611,2024-12-28,2027-12-28
ENT-0800481,ACC-10023,CON-070091,LI-0500807,SUP-GOL-EDGE,29,2024-06-24,2025-06-24
ENT-0800482,ACC-10023,CON-070092,LI-0500812,SW-NOC-130,1626,2023-03-31,2026-03-28
ENT-0800483,ACC-10023,CON-070092,LI-0500815,SW-OBS-140,1280,2023-03-31,2026-03-28
ENT-0800484,ACC-10023,CON-070092,LI-0500816,SW-SDC-120,1194,2023-03-31,2026-03-28
ENT-0800485,ACC-10023,CON-070092,LI-0500817,SW-NOC-110,936,2023-03-31,2026-03-28
ENT-0800486,ACC-10023,CON-070093,LI-0500818,SUP-PLA-DC,20,2025-02-22,2030-02-22
ENT-0800487,ACC-10023,CON-070093,LI-0500820,SW-SDC-120,2284,2025-02-22,2030-02-22
ENT-0800488,ACC-10023,CON-070093,LI-0500821,SUP-BRO-DC,29,2025-02-22,2030-02-22
ENT-0800489,ACC-10023,CON-070093,LI-0500822,SUP-BRO-DC,11,2025-02-22,2030-02-22
ENT-0800490,ACC-10023,CON-070093,LI-0500824,SUP-PLA-EDGE,20,2025-02-22,2030-02-22
ENT-0800491,ACC-10023,CON-070093,LI-0500825,SW-SDC-120,2012,2025-02-22,2030-02-22
ENT-0800492,ACC-10023,CON-070094,LI-0500829,SW-SDC-140,1769,2023-09-11,2026-09-11
ENT-0800493,ACC-10023,CON-070094,LI-0500830,SW-SEC-140,154,2023-09-11,2026-09-11
ENT-0800494,ACC-10023,CON-070094,LI-0500831,SUP-BRO-DC,14,2023-09-11,2026-09-11
ENT-0800495,ACC-10023,CON-070094,LI-0500832,SW-SDC-140,450,2023-09-11,2026-09-11
ENT-0800496,ACC-10023,CON-070094,LI-0500834,SW-SDC-140,2160,2023-09-11,2026-09-11
ENT-0800497,ACC-10023,CON-070094,LI-0500835,SUP-BRO-EDGE,5,2023-09-11,2026-09-11
ENT-0800498,ACC-10024,CON-070095,LI-0500837,SW-SDC-140,1583,2023-06-13,2025-06-13
ENT-0800499,ACC-10024,CON-070095,LI-0500840,SW-NOC-120,374,2023-06-13,2025-06-13
ENT-0800500,ACC-10024,CON-070095,LI-0500841,SUP-PLA-DC,6,2023-06-13,2025-06-13
ENT-0800501,ACC-10024,CON-070095,LI-0500842,SW-NOC-120,654,2023-06-13,2025-06-13
ENT-0800502,ACC-10024,CON-070095,LI-0500844,SW-ZTN-110,1462,2023-06-13,2025-06-13
ENT-0800503,ACC-10024,CON-070095,LI-0500845,SW-ZTN-110,480,2023-06-13,2025-06-13
ENT-0800504,ACC-10024,CON-070095,LI-0500846,SW-SEC-120,260,2023-06-13,2025-06-13
ENT-0800505,ACC-10024,CON-070095,LI-0500848,SUP-SIL-DC,10,2023-06-13,2025-06-13
ENT-0800506,ACC-10024,CON-070095,LI-0500849,SW-OBS-140,264,2023-06-13,2025-06-13
ENT-0800507,ACC-10024,CON-070095,LI-0500850,SUP-SIL-DC,6,2025-01-23,2025-06-13
ENT-0800508,ACC-10024,CON-070096,LI-0500852,SUP-BRO-DC,19,2024-09-20,2026-09-20
ENT-0800509,ACC-10024,CON-070096,LI-0500853,SW-SEC-130,1285,2024-09-20,2026-09-20
ENT-0800510,ACC-10024,CON-070096,LI-0500854,SUP-GOL-DC,19,2024-09-20,2026-09-20
ENT-0800511,ACC-10024,CON-070096,LI-0500856,SW-NOC-130,310,2024-09-20,2026-09-20
ENT-0800512,ACC-10024,CON-070096,LI-0500859,SW-ZTN-140,1206,2024-09-20,2026-09-20
ENT-0800513,ACC-10024,CON-070096,LI-0500860,SW-OBS-130,432,2024-09-20,2026-09-20
ENT-0800514,ACC-10024,CON-070097,LI-0500862,SW-SEC-110,1570,2022-08-31,2023-08-28
ENT-0800515,ACC-10024,CON-070097,LI-0500863,SW-SEC-110,514,2022-08-31,2023-08-28
ENT-0800516,ACC-10024,CON-070097,LI-0500864,SUP-BRO-CORE,15,2022-08-31,2023-08-28
ENT-0800517,ACC-10024,CON-070097,LI-0500865,SUP-BRO-CORE,4,2023-03-02,2023-08-28
ENT-0800518,ACC-10024,CON-070097,LI-0500866,SW-SDC-120,146,2022-08-31,2023-08-28
ENT-0800519,ACC-10024,CON-070098,LI-0500868,SW-NOC-130,717,2023-06-03,2026-06-03
ENT-0800520,ACC-10024,CON-070098,LI-0500870,SW-SEC-130,1348,2023-06-03,2026-06-03
ENT-0800521,ACC-10024,CON-070098,LI-0500871,SUP-BRO-DC,12,2023-12-29,2026-06-03
ENT-0800522,ACC-10024,CON-070099,LI-0500873,SUP-PLA-EDGE,8,2023-12-14,2025-12-14
ENT-0800523,ACC-10024,CON-070099,LI-0500875,SW-NOC-110,1219,2023-12-14,2025-12-14
ENT-0800524,ACC-10024,CON-070099,LI-0500877,SUP-GOL-DC,2,2023-12-14,2025-12-14
ENT-0800525,ACC-10024,CON-070099,LI-0500878,SW-NOC-140,525,2023-12-14,2025-12-14
ENT-0800526,ACC-10024,CON-070099,LI-0500879,SUP-PLA-DC,17,2023-12-14,2025-12-14
ENT-0800527,ACC-10025,CON-070100,LI-0500884,SUP-SIL-DC,14,2024-05-18,2029-05-18
ENT-0800528,ACC-10025,CON-070100,LI-0500885,SW-NOC-120,323,2024-05-18,2029-05-18
ENT-0800529,ACC-10025,CON-070100,LI-0500886,SW-NOC-140,1245,2024-05-18,2029-05-18
ENT-0800530,ACC-10025,CON-070101,LI-0500888,SUP-GOL-EDGE,11,2024-04-14,2026-04-14
ENT-0800531,ACC-10025,CON-070101,LI-0500889,SUP-GOL-CORE,17,2024-04-14,2026-04-14
ENT-0800532,ACC-10025,CON-070101,LI-0500890,SW-SDC-140,2119,2024-04-14,2026-04-14
ENT-0800533,ACC-10025,CON-070101,LI-0500893,SW-SDC-110,2187,2024-04-14,2026-04-14
ENT-0800534,ACC-10025,CON-070101,LI-0500895,SUP-BRO-DC,5,2024-04-14,2026-04-14
ENT-0800535,ACC-10025,CON-070102,LI-0500896,SUP-BRO-CORE,11,2025-05-03,2027-05-03
ENT-0800536,ACC-10025,CON-070102,LI-0500897,SW-SDC-140,921,2025-05-03,2027-05-03
ENT-0800537,ACC-10025,CON-070102,LI-0500898,SW-ZTN-130,1878,2025-05-03,2027-05-03
ENT-0800538,ACC-10025,CON-070102,LI-0500899,SUP-PLA-CORE,20,2025-05-03,2027-05-03
ENT-0800539,ACC-10025,CON-070102,LI-0500900,SW-ZTN-140,1304,2025-05-03,2027-05-03
ENT-0800540,ACC-10025,CON-070102,LI-0500901,SUP-GOL-DC,14,2025-05-03,2027-05-03
ENT-0800541,ACC-10025,CON-070102,LI-0500902,SW-SDC-130,401,2025-05-03,2027-05-03
ENT-0800542,ACC-10025,CON-070102,LI-0500903,SW-SDC-140,1587,2025-05-03,2027-05-03
ENT-0800543,ACC-10025,CON-070103,LI-0500907,SW-OBS-120,1964,2023-01-02,2028-01-02
ENT-0800544,ACC-10025,CON-070103,LI-0500908,SW-NOC-130,2083,2023-01-02,2028-01-02
ENT-0800545,ACC-10025,CON-070103,LI-0500910,SW-SEC-130,965,2023-01-02,2028-01-02
ENT-0800546,ACC-10025,CON-070103,LI-0500911,SUP-GOL-CORE,26,2023-01-02,2028-01-02
ENT-0800547,ACC-10025,CON-070103,LI-0500913,SUP-GOL-DC,26,2027-06-14,2028-01-02
ENT-0800548,ACC-10025,CON-070103,LI-0500915,SUP-BRO-CORE,20,2023-01-02,2028-01-02
ENT-0800549,ACC-10026,CON-070104,LI-0500916,SW-OBS-120,1158,2025-02-14,2028-02-14
ENT-0800550,ACC-10026,CON-070104,LI-0500917,SUP-GOL-EDGE,4,2025-02-14,2028-02-14
ENT-0800551,ACC-10026,CON-070104,LI-0500920,SW-ZTN-120,1124,2025-02-14,2028-02-14
ENT-0800552,ACC-10026,CON-070104,LI-0500921,SUP-GOL-CORE,12,2025-02-14,2028-02-14
ENT-0800553,ACC-10026,CON-070104,LI-0500925,SW-OBS-120,546,2025-02-14,2028-02-14
ENT-0800554,ACC-10026,CON-070104,LI-0500926,SUP-PLA-EDGE,1,2025-02-14,2028-02-14
ENT-0800555,ACC-10026,CON-070104,LI-0500927,SUP-SIL-DC,9,2025-02-14,2028-02-14
ENT-0800556,ACC-10026,CON-070104,LI-0500928,SW-ZTN-130,80,2025-02-14,2028-02-14
ENT-0800557,ACC-10026,CON-070104,LI-0500929,SW-OBS-130,641,2025-02-14,2028-02-14
ENT-0800558,ACC-10026,CON-070105,LI-0500932,SUP-PLA-EDGE,3,2024-04-23,2027-04-23
ENT-0800559,ACC-10026,CON-070105,LI-0500934,SUP-BRO-DC,1,2024-04-23,2027-04-23
ENT-0800560,ACC-10026,CON-070105,LI-0500936,SUP-GOL-EDGE,15,2024-04-23,2027-04-23
ENT-0800561,ACC-10026,CON-070106,LI-0500940,SW-SEC-130,571,2023-10-23,2026-10-23
ENT-0800562,ACC-10026,CON-070106,LI-0500941,SW-OBS-130,302,2023-10-23,2026-10-23
ENT-0800563,ACC-10026,CON-070106,LI-0500942,SW-OBS-140,729,2023-10-23,2026-10-23
ENT-0800564,ACC-10026,CON-070106,LI-0500943,SW-NOC-130,887,2023-10-23,2026-10-23
ENT-0800565,ACC-10026,CON-070106,LI-0500944,SW-OBS-110,113,2023-10-23,2026-10-23
ENT-0800566,ACC-10026,CON-070106,LI-0500945,SW-ZTN-130,675,2023-10-23,2026-10-23
ENT-0800567,ACC-10026,CON-070106,LI-0500947,SUP-PLA-EDGE,3,2023-10-23,2026-10-23
ENT-0800568,ACC-10026,CON-070106,LI-0500948,SUP-SIL-CORE,3,2023-10-23,2026-10-23
ENT-0800569,ACC-10026,CON-070106,LI-0500949,SW-ZTN-110,791,2023-10-23,2026-10-23
ENT-0800570,ACC-10026,CON-070106,LI-0500950,SW-OBS-140,159,2023-10-23,2026-10-23
ENT-0800571,ACC-10027,CON-070107,LI-0500952,SUP-PLA-EDGE,16,2024-04-03,2027-04-03
ENT-0800572,ACC-10027,CON-070107,LI-0500954,SW-ZTN-110,388,2024-04-03,2027-04-03
ENT-0800573,ACC-10027,CON-070107,LI-0500956,SW-SDC-130,538,2024-04-03,2027-04-03
ENT-0800574,ACC-10027,CON-070107,LI-0500958,SW-SDC-120,1087,2024-04-03,2027-04-03
ENT-0800575,ACC-10027,CON-070107,LI-0500959,SW-NOC-120,1006,2024-04-03,2027-04-03
ENT-0800576,ACC-10027,CON-070108,LI-0500960,SW-OBS-120,846,2022-11-05,2024-11-05
ENT-0800577,ACC-10027,CON-070108,LI-0500961,SW-NOC-130,1213,2022-11-05,2024-11-05
ENT-0800578,ACC-10027,CON-070108,LI-0500962,SW-SDC-120,536,2022-11-05,2024-11-05
ENT-0800579,ACC-10027,CON-070108,LI-0500963,SUP-PLA-CORE,5,2022-11-05,2024-11-05
ENT-0800580,ACC-10027,CON-070108,LI-0500966,SW-SEC-140,615,2022-11-05,2024-11-05
ENT-0800581,ACC-10027,CON-070108,LI-0500967,SUP-GOL-DC,12,2022-11-05,2024-11-05
ENT-0800582,ACC-10027,CON-070108,LI-0500969,SW-OBS-110,295,2023-10-15,2024-11-05
ENT-0800583,ACC-10027,CON-070108,LI-0500972,SW-NOC-110,145,2022-11-05,2024-11-05
ENT-0800584,ACC-10027,CON-070109,LI-0500975,SW-SEC-110,478,2024-04-13,2026-04-13
ENT-0800585,ACC-10027,CON-070109,LI-0500976,SW-ZTN-110,266,2024-04-13,2026-04-13
ENT-0800586,ACC-10027,CON-070109,LI-0500977,SW-ZTN-130,1011,2024-04-13,2026-04-13
ENT-0800587,ACC-10027,CON-070109,LI-0500978,SW-NOC-130,482,2024-04-13,2026-04-13
ENT-0800588,ACC-10027,CON-070109,LI-0500980,SW-SDC-110,1423,2024-04-13,2026-04-13
ENT-0800589,ACC-10027,CON-070109,LI-0500981,SW-SDC-120,446,2024-04-13,2026-04-13
ENT-0800590,ACC-10027,CON-070110,LI-0500983,SW-SDC-140,1027,2025-04-22,2026-04-22
ENT-0800591,ACC-10027,CON-070110,LI-0500985,SUP-GOL-EDGE,14,2025-04-22,2026-04-22
ENT-0800592,ACC-10027,CON-070110,LI-0500986,SW-OBS-110,311,2025-04-22,2026-04-22
ENT-0800593,ACC-10028,CON-070111,LI-0500989,SW-OBS-120,1675,2025-05-25,2030-05-25
ENT-0800594,ACC-10028,CON-070111,LI-0500990,SW-OBS-140,1791,2025-05-25,2030-05-25
ENT-0800595,ACC-10028,CON-070112,LI-0500992,SW-SEC-140,812,2024-03-06,2025-03-06
ENT-0800596,ACC-10028,CON-070112,LI-0500993,SW-SEC-120,1169,2024-03-06,2025-03-06
ENT-0800597,ACC-10028,CON-070113,LI-0500995,SW-SDC-120,900,2024-10-03,2027-10-03
ENT-0800598,ACC-10028,CON-070113,LI-0500996,SUP-BRO-CORE,7,2024-10-03,2027-10-03
ENT-0800599,ACC-10028,CON-070113,LI-0500997,SW-ZTN-110,227,2024-10-03,2027-10-03
ENT-0800600,ACC-10028,CON-070113,LI-0500998,SW-ZTN-140,1902,2024-10-03,2027-10-03
ENT-0800601,ACC-10028,CON-070113,LI-0500999,SW-OBS-130,1206,2024-10-03,2027-10-03
ENT-0800602,ACC-10028,CON-070113,LI-0501001,SW-SDC-130,1680,2024-10-03,2027-10-03
ENT-0800603,ACC-10028,CON-070113,LI-0501005,SW-SEC-110,1562,2024-10-03,2027-10-03
ENT-0800604,ACC-10029,CON-070114,LI-0501006,SW-ZTN-130,612,2022-12-22,2023-12-22
ENT-0800605,ACC-10029,CON-070114,LI-0501009,SW-SDC-110,1035,2022-12-22,2023-12-22
ENT-0800606,ACC-10029,CON-070114,LI-0501010,SUP-BRO-EDGE,15,2022-12-22,2023-12-22
ENT-0800607,ACC-10029,CON-070114,LI-0501012,SW-SEC-130,498,2022-12-22,2023-12-22
ENT-0800608,ACC-10029,CON-070114,LI-0501016,SW-ZTN-130,246,2023-07-04,2023-12-22
ENT-0800609,ACC-10029,CON-070114,LI-0501017,SW-SDC-120,831,2022-12-22,2023-12-22
ENT-0800610,ACC-10029,CON-070114,LI-0501019,SW-SEC-130,374,2022-12-22,2023-12-22
ENT-0800611,ACC-10029,CON-070115,LI-0501020,SUP-BRO-DC,11,2024-10-09,2025-10-09
ENT-0800612,ACC-10029,CON-070115,LI-0501021,SW-ZTN-140,416,2024-10-09,2025-10-09
ENT-0800613,ACC-10029,CON-070115,LI-0501024,SUP-BRO-DC,1,2024-10-09,2025-10-09
ENT-0800614,ACC-10029,CON-070115,LI-0501025,SW-OBS-110,452,2024-10-09,2025-10-09
ENT-0800615,ACC-10029,CON-070115,LI-0501026,SUP-SIL-EDGE,10,2024-10-09,2025-10-09
ENT-0800616,ACC-10029,CON-070115,LI-0501027,SW-SDC-130,190,2025-01-11,2025-10-09
ENT-0800617,ACC-10029,CON-070115,LI-0501028,SUP-SIL-DC,11,2024-10-09,2025-10-09
ENT-0800618,ACC-10029,CON-070115,LI-0501029,SUP-PLA-DC,11,2024-10-09,2025-10-09
ENT-0800619,ACC-10029,CON-070116,LI-0501031,SW-SEC-140,862,2025-02-14,2028-02-14
ENT-0800620,ACC-10029,CON-070117,LI-0501034,SW-NOC-120,1052,2022-09-28,2024-09-28
ENT-0800621,ACC-10029,CON-070117,LI-0501035,SW-SEC-120,918,2022-09-28,2024-09-28
ENT-0800622,ACC-10029,CON-070117,LI-0501037,SW-OBS-130,1278,2022-09-28,2024-09-28
ENT-0800623,ACC-10029,CON-070117,LI-0501039,SUP-BRO-EDGE,5,2022-09-28,2024-09-28
ENT-0800624,ACC-10029,CON-070117,LI-0501040,SW-OBS-110,1343,2022-09-28,2024-09-28
ENT-0800625,ACC-10029,CON-070117,LI-0501041,SW-SDC-120,533,2022-09-28,2024-09-28
ENT-0800626,ACC-10029,CON-070117,LI-0501044,SW-SEC-120,591,2022-09-28,2024-09-28
ENT-0800627,ACC-10029,CON-070117,LI-0501045,SW-SDC-140,304,2022-09-28,2024-09-28
ENT-0800628,ACC-10029,CON-070118,LI-0501047,SW-SEC-120,1270,2022-11-01,2025-11-01
ENT-0800629,ACC-10029,CON-070118,LI-0501048,SUP-BRO-CORE,13,2023-12-31,2025-11-01
ENT-0800630,ACC-10030,CON-070119,LI-0501050,SW-OBS-120,352,2022-07-11,2024-07-11
ENT-0800631,ACC-10030,CON-070119,LI-0501052,SW-ZTN-130,407,2022-07-11,2024-07-11
ENT-0800632,ACC-10030,CON-070119,LI-0501053,SW-NOC-110,948,2022-07-11,2024-07-11
ENT-0800633,ACC-10030,CON-070119,LI-0501054,SW-SEC-120,760,2022-07-11,2024-07-11
ENT-0800634,ACC-10030,CON-070119,LI-0501056,SUP-PLA-CORE,3,2022-07-11,2024-07-11
ENT-0800635,ACC-10030,CON-070120,LI-0501058,SUP-BRO-CORE,10,2025-10-25,2030-10-25
ENT-0800636,ACC-10030,CON-070120,LI-0501059,SUP-BRO-CORE,13,2025-10-25,2030-10-25
ENT-0800637,ACC-10030,CON-070120,LI-0501061,SUP-SIL-CORE,16,2025-10-25,2030-10-25
ENT-0800638,ACC-10030,CON-070121,LI-0501064,SUP-BRO-EDGE,8,2025-09-05,2027-09-05
ENT-0800639,ACC-10030,CON-070121,LI-0501065,SW-NOC-120,1324,2025-09-05,2027-09-05
ENT-0800640,ACC-10030,CON-070121,LI-0501066,SUP-PLA-EDGE,11,2025-09-05,2027-09-05
ENT-0800641,ACC-10030,CON-070121,LI-0501067,SW-OBS-110,348,2025-09-05,2027-09-05
ENT-0800642,ACC-10030,CON-070121,LI-0501068,SW-SDC-110,195,2026-06-05,2027-09-05
ENT-0800643,ACC-10030,CON-070121,LI-0501069,SW-SEC-120,711,2025-09-05,2027-09-05
ENT-0800644,ACC-10030,CON-070121,LI-0501070,SUP-SIL-CORE,5,2025-09-05,2027-09-05
ENT-0800645,ACC-10030,CON-070121,LI-0501071,SUP-GOL-CORE,11,2025-09-05,2027-09-05
ENT-0800646,ACC-10030,CON-070121,LI-0501073,SW-OBS-140,1189,2025-09-05,2027-09-05
ENT-0800647,ACC-10031,CON-070122,LI-0501075,SUP-BRO-CORE,13,2025-05-14,2030-05-14
ENT-0800648,ACC-10031,CON-070122,LI-0501076,SUP-PLA-EDGE,5,2025-05-14,2030-05-14
ENT-0800649,ACC-10031,CON-070122,LI-0501077,SW-SDC-120,228,2027-06-12,2030-05-14
ENT-0800650,ACC-10031,CON-070122,LI-0501078,SW-SDC-130,1364,2025-05-14,2030-05-14
ENT-0800651,ACC-10031,CON-070122,LI-0501079,SUP-PLA-CORE,5,2025-05-14,2030-05-14
ENT-0800652,ACC-10031,CON-070122,LI-0501081,SUP-GOL-EDGE,3,2025-05-14,2030-05-14
ENT-0800653,ACC-10031,CON-070122,LI-0501082,SW-SDC-140,631,2025-05-14,2030-05-14
ENT-0800654,ACC-10031,CON-070122,LI-0501083,SUP-BRO-DC,9,2025-05-14,2030-05-14
ENT-0800655,ACC-10031,CON-070123,LI-0501085,SW-NOC-140,1040,2022-04-03,2025-04-03
ENT-0800656,ACC-10031,CON-070123,LI-0501086,SW-NOC-140,951,2022-04-03,2025-04-03
ENT-0800657,ACC-10031,CON-070123,LI-0501087,SW-ZTN-130,540,2022-04-03,2025-04-03
ENT-0800658,ACC-10031,CON-070123,LI-0501088,SUP-PLA-EDGE,3,2022-04-03,2025-04-03
ENT-0800659,ACC-10031,CON-070123,LI-0501090,SUP-GOL-CORE,5,2022-04-03,2025-04-03
ENT-0800660,ACC-10031,CON-070123,LI-0501091,SUP-GOL-EDGE,1,2022-04-03,2025-04-03
ENT-0800661,ACC-10031,CON-070123,LI-0501092,SUP-PLA-DC,9,2022-04-03,2025-04-03
ENT-0800662,ACC-10031,CON-070123,LI-0501093,SUP-PLA-DC,15,2022-04-03,2025-04-03
ENT-0800663,ACC-10031,CON-070123,LI-0501095,SUP-SIL-DC,5,2022-04-03,2025-04-03
ENT-0800664,ACC-10031,CON-070124,LI-0501097,SW-ZTN-120,81,2023-02-01,2024-08-06
ENT-0800665,ACC-10031,CON-070124,LI-0501098,SW-NOC-110,380,2022-08-06,2024-08-06
ENT-0800666,ACC-10031,CON-070124,LI-0501100,SW-ZTN-140,1461,2022-08-06,2024-08-06
ENT-0800667,ACC-10031,CON-070124,LI-0501101,SUP-PLA-EDGE,19,2022-08-06,2024-08-06
ENT-0800668,ACC-10031,CON-070124,LI-0501102,SW-SDC-110,635,2022-08-06,2024-08-06
ENT-0800669,ACC-10031,CON-070124,LI-0501104,SW-NOC-110,1402,2022-08-06,2024-08-06
ENT-0800670,ACC-10031,CON-070124,LI-0501105,SW-NOC-110,454,2022-08-06,2024-08-06
ENT-0800671,ACC-10031,CON-070125,LI-0501107,SUP-BRO-DC,15,2023-09-09,2028-09-09
ENT-0800672,ACC-10031,CON-070125,LI-0501110,SW-SDC-140,85,2023-09-09,2028-09-09
ENT-0800673,ACC-10031,CON-070125,LI-0501111,SW-ZTN-130,519,2023-09-09,2028-09-09
ENT-0800674,ACC-10031,CON-070125,LI-0501114,SW-SDC-120,856,2023-09-09,2028-09-09
ENT-0800675,ACC-10031,CON-070125,LI-0501115,SW-ZTN-130,1208,2023-09-09,2028-09-09
ENT-0800676,ACC-10031,CON-070125,LI-0501116,SUP-SIL-CORE,1,2023-09-09,2028-09-09
ENT-0800677,ACC-10031,CON-070125,LI-0501117,SUP-GOL-CORE,17,2023-09-09,2028-09-09
ENT-0800678,ACC-10032,CON-070126,LI-0501119,SUP-SIL-CORE,16,2024-05-14,2025-05-14
ENT-0800679,ACC-10032,CON-070126,LI-0501120,SW-NOC-140,1217,2024-05-14,2025-05-14
ENT-0800680,ACC-10032,CON-070126,LI-0501121,SW-OBS-140,1109,2024-05-14,2025-05-14
ENT-0800681,ACC-10032,CON-070126,LI-0501122,SW-NOC-110,435,2024-05-14,2025-05-14
ENT-0800682,ACC-10032,CON-070126,LI-0501125,SUP-PLA-CORE,13,2024-05-14,2025-05-14
ENT-0800683,ACC-10032,CON-070126,LI-0501126,SW-SDC-130,364,2024-05-14,2025-05-14
ENT-0800684,ACC-10032,CON-070126,LI-0501128,SW-OBS-140,1164,2024-05-14,2025-05-14
ENT-0800685,ACC-10032,CON-070127,LI-0501133,SW-ZTN-120,167,2025-05-25,2026-05-25
ENT-0800686,ACC-10032,CON-070127,LI-0501136,SW-ZTN-110,130,2025-05-25,2026-05-25
ENT-0800687,ACC-10032,CON-070127,LI-0501138,SW-SEC-140,339,2025-05-25,2026-05-25
ENT-0800688,ACC-10032,CON-070127,LI-0501139,SUP-GOL-CORE,11,2025-05-25,2026-05-25
ENT-0800689,ACC-10032,CON-070127,LI-0501140,SW-OBS-140,165,2025-05-25,2026-05-25
ENT-0800690,ACC-10032,CON-070127,LI-0501141,SW-ZTN-120,683,2025-05-25,2026-05-25
ENT-0800691,ACC-10032,CON-070128,LI-0501145,SW-NOC-120,1247,2022-08-02,2024-08-02
ENT-0800692,ACC-10033,CON-070129,LI-0501146,SW-ZTN-110,928,2023-08-22,2028-08-22
ENT-0800693,ACC-10033,CON-070129,LI-0501147,SW-NOC-140,315,2023-08-22,2028-08-22
ENT-0800694,ACC-10033,CON-070129,LI-0501148,SW-OBS-130,288,2023-08-22,2028-08-22
ENT-0800695,ACC-10033,CON-070129,LI-0501149,SUP-SIL-EDGE,13,2023-08-22,2028-08-22
ENT-0800696,ACC-10033,CON-070129,LI-0501151,SW-SDC-140,649,2023-08-22,2028-08-22
ENT-0800697,ACC-10033,CON-070129,LI-0501152,SW-SEC-120,194,2023-08-22,2028-08-22
ENT-0800698,ACC-10033,CON-070129,LI-0501153,SW-SDC-120,683,2023-08-22,2028-08-22
ENT-0800699,ACC-10033,CON-070129,LI-0501155,SUP-GOL-DC,12,2023-08-22,2028-08-22
ENT-0800700,ACC-10033,CON-070129,LI-0501156,SW-SEC-110,805,2023-08-22,2028-08-22
ENT-0800701,ACC-10033,CON-070130,LI-0501159,SW-NOC-130,192,2024-11-23,2025-11-23
ENT-0800702,ACC-10033,CON-070130,LI-0501161,SW-SEC-120,813,2024-11-23,2025-11-23
ENT-0800703,ACC-10033,CON-070130,LI-0501162,SW-NOC-120,1216,2024-11-23,2025-11-23
ENT-0800704,ACC-10033,CON-070130,LI-0501164,SUP-BRO-EDGE,15,2024-11-23,2025-11-23
ENT-0800705,ACC-10033,CON-070130,LI-0501165,SUP-GOL-EDGE,12,2024-11-23,2025-11-23
ENT-0800706,ACC-10033,CON-070130,LI-0501168,SW-ZTN-110,1128,2024-11-23,2025-11-23
ENT-0800707,ACC-10033,CON-070130,LI-0501169,SW-SDC-110,834,2024-11-23,2025-11-23
ENT-0800708,ACC-10033,CON-070131,LI-0501171,SW-NOC-120,997,2023-09-10,2025-09-10
ENT-0800709,ACC-10033,CON-070131,LI-0501172,SW-SEC-110,966,2023-09-10,2025-09-10
ENT-0800710,ACC-10033,CON-070131,LI-0501173,SUP-SIL-CORE,6,2023-09-10,2025-09-10
ENT-0800711,ACC-10033,CON-070131,LI-0501174,SW-ZTN-120,597,2023-09-10,2025-09-10
ENT-0800712,ACC-10033,CON-070131,LI-0501175,SUP-PLA-CORE,5,2025-05-14,2025-09-10
ENT-0800713,ACC-10033,CON-070132,LI-0501177,SW-OBS-140,503,2023-09-15,2026-09-15
ENT-0800714,ACC-10033,CON-070132,LI-0501178,SUP-SIL-DC,3,2025-09-10,2026-09-15
ENT-0800715,ACC-10033,CON-070132,LI-0501179,SW-NOC-140,840,2023-09-15,2026-09-15
ENT-0800716,ACC-10033,CON-070132,LI-0501180,SUP-PLA-DC,1,2023-09-15,2026-09-15
ENT-0800717,ACC-10033,CON-070132,LI-0501183,SUP-PLA-CORE,15,2023-09-15,2026-09-15
ENT-0800718,ACC-10033,CON-070132,LI-0501185,SUP-PLA-CORE,17,2023-09-15,2026-09-15
ENT-0800719,ACC-10034,CON-070133,LI-0501187,SW-SDC-120,739,2024-11-23,2025-11-23
ENT-0800720,ACC-10034,CON-070133,LI-0501188,SUP-BRO-EDGE,11,2024-11-23,2025-11-23
ENT-0800721,ACC-10034,CON-070133,LI-0501191,SUP-PLA-EDGE,14,2024-11-23,2025-11-23
ENT-0800722,ACC-10034,CON-070133,LI-0501193,SW-SDC-120,787,2024-11-23,2025-11-23
ENT-0800723,ACC-10034,CON-070133,LI-0501194,SUP-GOL-CORE,11,2024-11-23,2025-11-23
ENT-0800724,ACC-10034,CON-070134,LI-0501197,SW-SEC-120,989,2024-09-19,2027-09-19
ENT-0800725,ACC-10034,CON-070134,LI-0501198,SW-NOC-140,1062,2024-09-19,2027-09-19
ENT-0800726,ACC-10034,CON-070134,LI-0501199,SUP-BRO-CORE,3,2024-09-19,2027-09-19
ENT-0800727,ACC-10034,CON-070134,LI-0501200,SW-OBS-120,109,2024-09-19,2027-09-19
ENT-0800728,ACC-10034,CON-070135,LI-0501201,SW-NOC-110,283,2024-02-06,2027-02-06
ENT-0800729,ACC-10034,CON-070135,LI-0501204,SW-SDC-140,44,2024-02-06,2027-02-06
ENT-0800730,ACC-10034,CON-070135,LI-0501205,SW-OBS-140,155,2024-02-06,2027-02-06
ENT-0800731,ACC-10034,CON-070135,LI-0501206,SW-SDC-120,857,2024-02-06,2027-02-06
ENT-0800732,ACC-10034,CON-070135,LI-0501209,SUP-PLA-DC,16,2024-02-06,2027-02-06
ENT-0800733,ACC-10035,CON-070136,LI-0501216,SUP-PLA-EDGE,8,2025-07-03,2026-07-03
ENT-0800734,ACC-10035,CON-070136,LI-0501218,SW-SEC-130,1075,2025-07-03,2026-07-03
ENT-0800735,ACC-10035,CON-070136,LI-0501220,SUP-GOL-CORE,14,2025-07-03,2026-07-03
ENT-0800736,ACC-10035,CON-070136,LI-0501221,SUP-BRO-CORE,14,2025-07-03,2026-07-03
ENT-0800737,ACC-10035,CON-070136,LI-0501223,SW-SEC-140,1220,2025-07-03,2026-07-03
ENT-0800738,ACC-10035,CON-070136,LI-0501224,SW-ZTN-130,782,2025-07-03,2026-07-03
ENT-0800739,ACC-10035,CON-070136,LI-0501225,SW-ZTN-120,1055,2025-07-03,2026-07-03
ENT-0800740,ACC-10035,CON-070137,LI-0501226,SW-SDC-120,341,2022-02-17,2024-02-17
ENT-0800741,ACC-10035,CON-070137,LI-0501228,SW-NOC-130,232,2022-02-17,2024-02-17
ENT-0800742,ACC-10035,CON-070137,LI-0501230,SW-SEC-120,467,2022-02-17,2024-02-17
ENT-0800743,ACC-10035,CON-070137,LI-0501231,SUP-BRO-DC,8,2022-02-17,2024-02-17
ENT-0800744,ACC-10035,CON-070137,LI-0501232,SW-SEC-120,138,2022-02-17,2024-02-17
ENT-0800745,ACC-10035,CON-070137,LI-0501234,SUP-SIL-CORE,11,2022-02-17,2024-02-17
ENT-0800746,ACC-10035,CON-070138,LI-0501238,SW-NOC-140,490,2023-10-26,2024-10-26
ENT-0800747,ACC-10035,CON-070138,LI-0501240,SUP-GOL-CORE,1,2023-10-26,2024-10-26
ENT-0800748,ACC-10035,CON-070139,LI-0501244,SUP-GOL-EDGE,13,2025-02-10,2027-02-10
ENT-0800749,ACC-10035,CON-070139,LI-0501247,SW-SEC-120,450,2025-02-10,2027-02-10
ENT-0800750,ACC-10035,CON-070139,LI-0501248,SUP-GOL-EDGE,14,2025-02-10,2027-02-10
ENT-0800751,ACC-10035,CON-070139,LI-0501249,SUP-BRO-EDGE,13,2025-02-10,2027-02-10
ENT-0800752,ACC-10035,CON-070139,LI-0501251,SW-SEC-120,40,2025-02-10,2027-02-10
ENT-0800753,ACC-10035,CON-070139,LI-0501252,SW-SDC-140,496,2025-02-10,2027-02-10
ENT-0800754,ACC-10035,CON-070139,LI-0501254,SW-SEC-130,1019,2025-02-10,2027-02-10
ENT-0800755,ACC-10035,CON-070139,LI-0501255,SW-OBS-120,116,2025-02-10,2027-02-10
ENT-0800756,ACC-10035,CON-070139,LI-0501256,SUP-GOL-DC,16,2025-02-10,2027-02-10
ENT-0800757,ACC-10036,CON-070140,LI-0501257,SW-SEC-130,1784,2025-02-13,2027-02-13
ENT-0800758,ACC-10036,CON-070140,LI-0501258,SUP-SIL-DC,16,2025-02-13,2027-02-13
ENT-0800759,ACC-10036,CON-070140,LI-0501261,SUP-GOL-CORE,27,2025-02-13,2027-02-13
ENT-0800760,ACC-10036,CON-070140,LI-0501262,SW-SEC-110,1883,2025-02-13,2027-02-13
ENT-0800761,ACC-10036,CON-070140,LI-0501263,SUP-PLA-EDGE,21,2025-04-23,2027-02-13
ENT-0800762,ACC-10036,CON-070140,LI-0501264,SW-SEC-120,1230,2025-02-13,2027-02-13
ENT-0800763,ACC-10036,CON-070140,LI-0501265,SW-SDC-140,1172,2025-02-13,2027-02-13
ENT-0800764,ACC-10036,CON-070140,LI-0501266,SUP-PLA-CORE,5,2025-02-13,2027-02-13
ENT-0800765,ACC-10036,CON-070141,LI-0501267,SUP-PLA-EDGE,16,2023-12-24,2025-12-24
ENT-0800766,ACC-10036,CON-070141,LI-0501269,SW-SEC-130,1317,2024-03-13,2025-12-24
ENT-0800767,ACC-10036,CON-070141,LI-0501270,SW-OBS-110,1979,2023-12-24,2025-12-24
ENT-0800768,ACC-10036,CON-070141,LI-0501272,SUP-PLA-EDGE,13,2023-12-24,2025-12-24
ENT-0800769,ACC-10036,CON-070141,LI-0501274,SUP-GOL-CORE,16,2025-07-10,2025-12-24
ENT-0800770,ACC-10036,CON-070142,LI-0501277,SUP-PLA-CORE,27,2023-02-01,2026-02-01
ENT-0800771,ACC-10036,CON-070142,LI-0501278,SW-NOC-130,1721,2023-02-01,2026-02-01
ENT-0800772,ACC-10036,CON-070142,LI-0501279,SUP-BRO-CORE,8,2023-02-01,2026-02-01
ENT-0800773,ACC-10036,CON-070142,LI-0501280,SW-ZTN-130,708,2023-02-01,2026-02-01
ENT-0800774,ACC-10036,CON-070142,LI-0501281,SW-OBS-110,606,2023-02-01,2026-02-01
ENT-0800775,ACC-10036,CON-070142,LI-0501286,SW-SDC-120,837,2023-02-01,2026-02-01
ENT-0800776,ACC-10037,CON-070143,LI-0501290,SW-NOC-130,919,2023-02-03,2028-02-03
ENT-0800777,ACC-10037,CON-070143,LI-0501291,SW-SEC-140,1102,2023-02-03,2028-02-03
ENT-0800778,ACC-10037,CON-070143,LI-0501293,SW-SEC-130,290,2023-02-03,2028-02-03
ENT-0800779,ACC-10037,CON-070143,LI-0501295,SW-NOC-140,79,2023-02-03,2028-02-03
ENT-0800780,ACC-10037,CON-070143,LI-0501296,SUP-BRO-EDGE,15,2023-02-03,2028-02-03
ENT-0800781,ACC-10037,CON-070143,LI-0501297,SW-OBS-130,423,2023-02-03,2028-02-03
ENT-0800782,ACC-10037,CON-070144,LI-0501299,SUP-BRO-CORE,15,2024-11-30,2027-11-28
ENT-0800783,ACC-10037,CON-070144,LI-0501300,SUP-BRO-CORE,12,2024-11-30,2027-11-28
ENT-0800784,ACC-10037,CON-070144,LI-0501301,SW-NOC-130,131,2024-11-30,2027-11-28
ENT-0800785,ACC-10037,CON-070144,LI-0501302,SW-SDC-110,520,2024-11-30,2027-11-28
ENT-0800786,ACC-10037,CON-070144,LI-0501305,SW-SDC-120,138,2024-11-30,2027-11-28
ENT-0800787,ACC-10037,CON-070145,LI-0501309,SW-SDC-130,698,2023-08-27,2025-08-27
ENT-0800788,ACC-10037,CON-070145,LI-0501310,SUP-PLA-EDGE,3,2023-08-27,2025-08-27
ENT-0800789,ACC-10037,CON-070145,LI-0501311,SW-NOC-110,737,2023-08-27,2025-08-27
ENT-0800790,ACC-10037,CON-070145,LI-0501312,SW-ZTN-130,334,2023-08-27,2025-08-27
ENT-0800791,ACC-10037,CON-070145,LI-0501313,SW-NOC-110,955,2023-08-27,2025-08-27
ENT-0800792,ACC-10037,CON-070145,LI-0501314,SW-ZTN-130,336,2023-08-27,2025-08-27
ENT-0800793,ACC-10037,CON-070146,LI-0501318,SUP-PLA-EDGE,10,2025-06-25,2028-06-25
ENT-0800794,ACC-10037,CON-070146,LI-0501321,SW-OBS-120,967,2025-06-25,2028-06-25
ENT-0800795,ACC-10037,CON-070146,LI-0501323,SUP-PLA-CORE,4,2027-01-25,2028-06-25
ENT-0800796,ACC-10037,CON-070146,LI-0501324,SW-ZTN-120,120,2025-06-25,2028-06-25
ENT-0800797,ACC-10037,CON-070146,LI-0501325,SUP-SIL-EDGE,6,2025-06-25,2028-06-25
ENT-0800798,ACC-10037,CON-070146,LI-0501326,SW-SEC-130,143,2025-06-25,2028-06-25
ENT-0800799,ACC-10038,CON-070147,LI-0501327,SW-ZTN-130,883,2023-11-10,2025-11-10
ENT-0800800,ACC-10038,CON-070147,LI-0501329,SUP-GOL-CORE,2,2023-11-10,2025-11-10
ENT-0800801,ACC-10038,CON-070147,LI-0501330,SUP-BRO-EDGE,9,2023-11-10,2025-11-10
ENT-0800802,ACC-10038,CON-070147,LI-0501331,SUP-GOL-CORE,23,2023-11-10,2025-11-10
ENT-0800803,ACC-10038,CON-070147,LI-0501334,SW-SDC-110,563,2023-11-10,2025-11-10
ENT-0800804,ACC-10038,CON-070147,LI-0501335,SW-NOC-110,950,2025-01-09,2025-11-10
ENT-0800805,ACC-10038,CON-070147,LI-0501336,SW-NOC-110,1422,2023-11-10,2025-11-10
ENT-0800806,ACC-10038,CON-070147,LI-0501338,SW-ZTN-130,943,2024-02-08,2025-11-10
ENT-0800807,ACC-10038,CON-070147,LI-0501339,SW-SEC-130,544,2023-11-10,2025-11-10
ENT-0800808,ACC-10038,CON-070148,LI-0501340,SUP-GOL-DC,9,2022-12-23,2027-12-23
ENT-0800809,ACC-10038,CON-070148,LI-0501341,SUP-BRO-EDGE,7,2022-12-23,2027-12-23
ENT-0800810,ACC-10038,CON-070148,LI-0501342,SW-NOC-140,110,2022-12-23,2027-12-23
ENT-0800811,ACC-10038,CON-070148,LI-0501343,SW-SEC-110,991,2022-12-23,2027-12-23
ENT-0800812,ACC-10038,CON-070148,LI-0501345,SW-OBS-120,1180,2022-12-23,2027-12-23
ENT-0800813,ACC-10038,CON-070148,LI-0501348,SUP-PLA-DC,4,2022-12-23,2027-12-23
ENT-0800814,ACC-10038,CON-070149,LI-0501349,SUP-GOL-EDGE,14,2023-01-28,2028-01-28
ENT-0800815,ACC-10038,CON-070149,LI-0501353,SUP-SIL-DC,9,2027-09-13,2028-01-28
ENT-0800816,ACC-10038,CON-070149,LI-0501357,SUP-PLA-CORE,23,2023-01-28,2028-01-28
ENT-0800817,ACC-10038,CON-070149,LI-0501359,SW-ZTN-110,979,2023-01-28,2028-01-28
ENT-0800818,ACC-10038,CON-070149,LI-0501360,SUP-GOL-CORE,7,2023-01-28,2028-01-28
ENT-0800819,ACC-10038,CON-070150,LI-0501361,SUP-GOL-CORE,11,2024-09-16,2026-09-16
ENT-0800820,ACC-10038,CON-070150,LI-0501364,SW-SEC-140,1031,2024-09-16,2026-09-16
ENT-0800821,ACC-10038,CON-070150,LI-0501365,SW-SDC-120,986,2024-09-16,2026-09-16
ENT-0800822,ACC-10038,CON-070150,LI-0501366,SUP-SIL-DC,11,2024-09-16,2026-09-16
ENT-0800823,ACC-10038,CON-070150,LI-0501368,SUP-GOL-DC,14,2024-09-16,2026-09-16
ENT-0800824,ACC-10038,CON-070150,LI-0501369,SUP-BRO-EDGE,19,2024-09-16,2026-09-16
ENT-0800825,ACC-10038,CON-070150,LI-0501370,SW-OBS-130,1106,2024-09-16,2026-09-16
ENT-0800826,ACC-10038,CON-070150,LI-0501371,SUP-GOL-EDGE,16,2024-09-16,2026-09-16
ENT-0800827,ACC-10039,CON-070151,LI-0501373,SUP-BRO-CORE,7,2024-06-23,2027-06-23
ENT-0800828,ACC-10039,CON-070151,LI-0501374,SUP-GOL-DC,13,2024-06-23,2027-06-23
ENT-0800829,ACC-10039,CON-070151,LI-0501375,SW-OBS-110,396,2024-06-23,2027-06-23
ENT-0800830,ACC-10039,CON-070151,LI-0501376,SW-NOC-130,604,2025-03-15,2027-06-23
ENT-0800831,ACC-10039,CON-070151,LI-0501378,SUP-SIL-CORE,7,2024-06-23,2027-06-23
ENT-0800832,ACC-10039,CON-070152,LI-0501379,SW-ZTN-120,448,2026-05-23,2027-05-22
ENT-0800833,ACC-10039,CON-070152,LI-0501381,SW-SDC-110,676,2025-05-22,2027-05-22
ENT-0800834,ACC-10039,CON-070153,LI-0501385,SW-SDC-130,573,2025-02-05,2028-02-05
ENT-0800835,ACC-10039,CON-070153,LI-0501386,SUP-SIL-DC,6,2025-02-05,2028-02-05
ENT-0800836,ACC-10039,CON-070153,LI-0501387,SUP-PLA-DC,10,2025-02-05,2028-02-05
ENT-0800837,ACC-10039,CON-070153,LI-0501388,SW-SDC-130,916,2025-08-26,2028-02-05
ENT-0800838,ACC-10039,CON-070153,LI-0501389,SW-ZTN-130,239,2025-02-05,2028-02-05
ENT-0800839,ACC-10039,CON-070153,LI-0501392,SUP-GOL-EDGE,10,2025-02-05,2028-02-05
ENT-0800840,ACC-10039,CON-070153,LI-0501395,SUP-BRO-EDGE,4,2025-02-05,2028-02-05
ENT-0800841,ACC-10039,CON-070154,LI-0501398,SUP-GOL-EDGE,6,2025-05-19,2027-05-19
ENT-0800842,ACC-10039,CON-070154,LI-0501400,SW-SDC-130,1043,2025-05-19,2027-05-19
ENT-0800843,ACC-10039,CON-070154,LI-0501401,SW-NOC-130,307,2025-05-19,2027-05-19
ENT-0800844,ACC-10039,CON-070154,LI-0501403,SW-NOC-110,332,2025-05-19,2027-05-19
ENT-0800845,ACC-10039,CON-070154,LI-0501406,SUP-GOL-CORE,1,2025-05-19,2027-05-19
ENT-0800846,ACC-10039,CON-070154,LI-0501407,SW-NOC-110,307,2025-05-19,2027-05-19
ENT-0800847,ACC-10039,CON-070154,LI-0501408,SW-SDC-120,653,2025-05-19,2027-05-19
ENT-0800848,ACC-10040,CON-070155,LI-0501412,SUP-SIL-CORE,22,2022-05-21,2025-05-21
ENT-0800849,ACC-10040,CON-070155,LI-0501413,SW-SDC-130,680,2022-05-21,2025-05-21
ENT-0800850,ACC-10040,CON-070155,LI-0501414,SW-SEC-110,1066,2022-05-21,2025-05-21
ENT-0800851,ACC-10040,CON-070155,LI-0501416,SUP-SIL-EDGE,19,2022-05-21,2025-05-21
ENT-0800852,ACC-10040,CON-070155,LI-0501418,SUP-PLA-EDGE,2,2022-05-21,2025-05-21
ENT-0800853,ACC-10040,CON-070156,LI-0501420,SUP-BRO-DC,15,2024-07-23,2027-07-23
ENT-0800854,ACC-10040,CON-070156,LI-0501425,SUP-BRO-DC,11,2024-07-23,2027-07-23
ENT-0800855,ACC-10040,CON-070157,LI-0501428,SW-NOC-140,891,2024-04-22,2026-04-22
ENT-0800856,ACC-10040,CON-070157,LI-0501431,SW-OBS-110,525,2024-04-22,2026-04-22
ENT-0800857,ACC-10040,CON-070157,LI-0501432,SUP-GOL-CORE,2,2024-04-22,2026-04-22
ENT-0800858,ACC-10040,CON-070157,LI-0501433,SUP-PLA-DC,17,2024-04-22,2026-04-22
ENT-0800859,ACC-10040,CON-070157,LI-0501434,SW-SDC-110,496,2024-04-22,2026-04-22
ENT-0800860,ACC-10040,CON-070157,LI-0501435,SW-NOC-110,623,2024-04-22,2026-04-22
ENT-0800861,ACC-10040,CON-070157,LI-0501436,SUP-BRO-DC,13,2024-04-22,2026-04-22
ENT-0800862,ACC-10040,CON-070157,LI-0501437,SW-SDC-130,1155,2024-04-22,2026-04-22
ENT-0800863,ACC-10040,CON-070157,LI-0501438,SW-NOC-130,1299,2024-04-22,2026-04-22
ENT-0800864,ACC-10040,CON-070158,LI-0501440,SW-ZTN-140,281,2022-12-16,2023-12-16
ENT-0800865,ACC-10040,CON-070158,LI-0501442,SW-SDC-110,436,2022-12-16,2023-12-16
ENT-0800866,ACC-10041,CON-070159,LI-0501444,SUP-SIL-EDGE,20,2025-10-14,2027-10-14
ENT-0800867,ACC-10041,CON-070159,LI-0501447,SUP-GOL-CORE,2,2025-10-14,2027-10-14
ENT-0800868,ACC-10041,CON-070159,LI-0501448,SUP-BRO-EDGE,18,2025-10-14,2027-10-14
ENT-0800869,ACC-10041,CON-070159,LI-0501449,SW-SEC-140,1049,2025-10-14,2027-10-14
ENT-0800870,ACC-10041,CON-070159,LI-0501450,SW-SEC-130,303,2026-01-10,2027-10-14
ENT-0800871,ACC-10041,CON-070159,LI-0501451,SW-NOC-110,951,2025-10-14,2027-10-14
ENT-0800872,ACC-10041,CON-070159,LI-0501452,SUP-PLA-CORE,5,2025-10-14,2027-10-14
ENT-0800873,ACC-10041,CON-070159,LI-0501453,SW-NOC-140,1812,2025-10-14,2027-10-14
ENT-0800874,ACC-10041,CON-070159,LI-0501454,SW-SEC-120,180,2025-10-14,2027-10-14
ENT-0800875,ACC-10041,CON-070159,LI-0501455,SW-NOC-140,923,2025-10-14,2027-10-14
ENT-0800876,ACC-10041,CON-070160,LI-0501457,SUP-BRO-CORE,15,2025-01-14,2026-01-14
ENT-0800877,ACC-10041,CON-070160,LI-0501458,SW-NOC-110,1121,2025-01-14,2026-01-14
ENT-0800878,ACC-10041,CON-070160,LI-0501459,SW-NOC-110,1087,2025-01-14,2026-01-14
ENT-0800879,ACC-10041,CON-070160,LI-0501461,SW-OBS-110,1774,2025-01-14,2026-01-14
ENT-0800880,ACC-10041,CON-070160,LI-0501463,SUP-GOL-EDGE,12,2025-01-14,2026-01-14
ENT-0800881,ACC-10041,CON-070160,LI-0501464,SW-SDC-140,331,2025-01-14,2026-01-14
ENT-0800882,ACC-10041,CON-070160,LI-0501465,SW-ZTN-130,514,2025-01-14,2026-01-14
ENT-0800883,ACC-10041,CON-070161,LI-0501467,SW-OBS-130,1818,2025-07-16,2028-07-16
ENT-0800884,ACC-10041,CON-070161,LI-0501468,SUP-SIL-DC,2,2025-07-16,2028-07-16
ENT-0800885,ACC-10041,CON-070161,LI-0501469,SW-ZTN-130,1244,2025-07-16,2028-07-16
ENT-0800886,ACC-10041,CON-070161,LI-0501470,SUP-PLA-CORE,10,2025-07-16,2028-07-16
ENT-0800887,ACC-10041,CON-070161,LI-0501471,SUP-PLA-DC,2,2025-07-16,2028-07-16
ENT-0800888,ACC-10041,CON-070161,LI-0501472,SW-ZTN-140,390,2025-07-16,2028-07-16
ENT-0800889,ACC-10041,CON-070161,LI-0501473,SUP-PLA-DC,18,2025-07-16,2028-07-16
ENT-0800890,ACC-10041,CON-070161,LI-0501475,SW-SDC-140,843,2025-07-16,2028-07-16
ENT-0800891,ACC-10042,CON-070162,LI-0501479,SW-NOC-110,480,2025-05-09,2028-05-09
ENT-0800892,ACC-10042,CON-070162,LI-0501481,SW-ZTN-120,148,2025-05-09,2028-05-09
ENT-0800893,ACC-10042,CON-070162,LI-0501482,SUP-PLA-CORE,7,2025-05-09,2028-05-09
ENT-0800894,ACC-10042,CON-070162,LI-0501483,SW-SEC-140,1201,2025-05-09,2028-05-09
ENT-0800895,ACC-10042,CON-070162,LI-0501484,SUP-GOL-DC,11,2025-05-09,2028-05-09
ENT-0800896,ACC-10042,CON-070162,LI-0501485,SW-NOC-110,168,2025-05-09,2028-05-09
ENT-0800897,ACC-10042,CON-070163,LI-0501487,SW-ZTN-120,434,2022-12-22,2025-12-22
ENT-0800898,ACC-10042,CON-070163,LI-0501488,SUP-BRO-CORE,12,2022-12-22,2025-12-22
ENT-0800899,ACC-10042,CON-070163,LI-0501489,SW-OBS-120,358,2022-12-22,2025-12-22
ENT-0800900,ACC-10042,CON-070163,LI-0501490,SW-SEC-140,852,2022-12-22,2025-12-22
ENT-0800901,ACC-10042,CON-070163,LI-0501491,SW-SEC-140,622,2022-12-22,2025-12-22
ENT-0800902,ACC-10042,CON-070163,LI-0501493,SUP-GOL-CORE,3,2022-12-22,2025-12-22
ENT-0800903,ACC-10042,CON-070163,LI-0501495,SUP-GOL-CORE,14,2022-12-22,2025-12-22
ENT-0800904,ACC-10042,CON-070163,LI-0501499,SUP-SIL-CORE,18,2022-12-22,2025-12-22
ENT-0800905,ACC-10042,CON-070164,LI-0501500,SW-SDC-130,627,2023-06-11,2028-06-11
ENT-0800906,ACC-10042,CON-070164,LI-0501501,SW-SDC-110,1114,2023-06-11,2028-06-11
ENT-0800907,ACC-10042,CON-070164,LI-0501502,SW-NOC-130,679,2023-06-11,2028-06-11
ENT-0800908,ACC-10042,CON-070164,LI-0501503,SUP-GOL-CORE,7,2023-06-11,2028-06-11
ENT-0800909,ACC-10042,CON-070164,LI-0501504,SW-SEC-130,53,2026-05-31,2028-06-11
ENT-0800910,ACC-10042,CON-070164,LI-0501505,SUP-PLA-DC,11,2023-06-11,2028-06-11
ENT-0800911,ACC-10042,CON-070164,LI-0501507,SW-OBS-140,776,2023-06-11,2028-06-11
ENT-0800912,ACC-10042,CON-070164,LI-0501508,SW-ZTN-130,180,2023-06-11,2028-06-11
ENT-0800913,ACC-10042,CON-070164,LI-0501509,SW-NOC-120,282,2023-06-11,2028-06-11
ENT-0800914,ACC-10043,CON-070165,LI-0501510,SW-SDC-140,1981,2023-12-15,2025-12-15
ENT-0800915,ACC-10043,CON-070165,LI-0501511,SUP-PLA-DC,2,2023-12-15,2025-12-15
ENT-0800916,ACC-10043,CON-070165,LI-0501512,SUP-GOL-EDGE,11,2023-12-15,2025-12-15
ENT-0800917,ACC-10043,CON-070165,LI-0501514,SUP-PLA-CORE,2,2023-12-15,2025-12-15
ENT-0800918,ACC-10043,CON-070165,LI-0501515,SW-SEC-110,857,2023-12-15,2025-12-15
ENT-0800919,ACC-10043,CON-070165,LI-0501517,SW-ZTN-140,1811,2023-12-15,2025-12-15
ENT-0800920,ACC-10043,CON-070165,LI-0501520,SUP-PLA-EDGE,5,2023-12-15,2025-12-15
ENT-0800921,ACC-10043,CON-070166,LI-0501522,SUP-GOL-DC,20,2023-09-11,2028-09-11
ENT-0800922,ACC-10043,CON-070166,LI-0501523,SW-SDC-120,2333,2023-09-11,2028-09-11
ENT-0800923,ACC-10043,CON-070166,LI-0501524,SW-NOC-130,399,2023-09-11,2028-09-11
ENT-0800924,ACC-10043,CON-070166,LI-0501526,SW-SEC-130,2322,2023-09-11,2028-09-11
ENT-0800925,ACC-10043,CON-070166,LI-0501527,SUP-SIL-CORE,2,2023-09-11,2028-09-11
ENT-0800926,ACC-10043,CON-070166,LI-0501530,SW-OBS-120,2275,2023-09-11,2028-09-11
ENT-0800927,ACC-10043,CON-070166,LI-0501531,SW-SEC-120,1197,2023-09-11,2028-09-11
ENT-0800928,ACC-10043,CON-070166,LI-0501533,SUP-GOL-DC,5,2023-09-11,2028-09-11
ENT-0800929,ACC-10043,CON-070167,LI-0501537,SUP-BRO-DC,5,2022-05-01,2023-05-01
ENT-0800930,ACC-10043,CON-070167,LI-0501538,SW-SDC-110,446,2022-05-01,2023-05-01
ENT-0800931,ACC-10043,CON-070167,LI-0501539,SW-OBS-130,161,2022-05-01,2023-05-01
ENT-0800932,ACC-10043,CON-070168,LI-0501540,SUP-BRO-EDGE,14,2022-07-26,2023-07-26
ENT-0800933,ACC-10043,CON-070168,LI-0501542,SUP-BRO-EDGE,5,2022-07-26,2023-07-26
ENT-0800934,ACC-10044,CON-070169,LI-0501546,SW-SDC-110,1085,2025-05-22,2027-05-22
ENT-0800935,ACC-10044,CON-070169,LI-0501548,SUP-BRO-EDGE,21,2025-05-22,2027-05-22
ENT-0800936,ACC-10044,CON-070169,LI-0501549,SW-SDC-110,2021,2025-05-22,2027-05-22
ENT-0800937,ACC-10044,CON-070169,LI-0501550,SUP-BRO-DC,2,2025-05-22,2027-05-22
ENT-0800938,ACC-10044,CON-070169,LI-0501551,SW-ZTN-110,819,2025-05-22,2027-05-22
ENT-0800939,ACC-10044,CON-070170,LI-0501553,SW-OBS-130,110,2025-09-14,2030-09-14
ENT-0800940,ACC-10044,CON-070170,LI-0501554,SUP-BRO-EDGE,15,2025-09-14,2030-09-14
ENT-0800941,ACC-10044,CON-070170,LI-0501555,SUP-SIL-EDGE,26,2025-09-14,2030-09-14
ENT-0800942,ACC-10044,CON-070170,LI-0501557,SUP-GOL-CORE,5,2025-09-14,2030-09-14
ENT-0800943,ACC-10044,CON-070170,LI-0501558,SUP-SIL-CORE,26,2025-09-14,2030-09-14
ENT-0800944,ACC-10044,CON-070170,LI-0501559,SW-SEC-110,1467,2025-09-14,2030-09-14
ENT-0800945,ACC-10044,CON-070170,LI-0501561,SW-NOC-130,877,2025-09-14,2030-09-14
ENT-0800946,ACC-10044,CON-070170,LI-0501564,SW-ZTN-120,714,2025-09-14,2030-09-14
ENT-0800947,ACC-10044,CON-070170,LI-0501565,SW-SEC-120,2097,2025-09-14,2030-09-14
ENT-0800948,ACC-10044,CON-070171,LI-0501567,SUP-SIL-EDGE,13,2023-10-31,2025-10-28
ENT-0800949,ACC-10044,CON-070171,LI-0501568,SW-NOC-140,1860,2023-10-31,2025-10-28
ENT-0800950,ACC-10044,CON-070171,LI-0501570,SW-NOC-130,1931,2023-10-31,2025-10-28
ENT-0800951,ACC-10044,CON-070171,LI-0501572,SW-ZTN-140,239,2023-10-31,2025-10-28
ENT-0800952,ACC-10044,CON-070171,LI-0501573,SW-SDC-110,2000,2023-10-31,2025-10-28
ENT-0800953,ACC-10044,CON-070171,LI-0501574,SW-SDC-110,1828,2023-10-31,2025-10-28
ENT-0800954,ACC-10044,CON-070172,LI-0501575,SW-OBS-110,376,2024-06-13,2026-06-13
ENT-0800955,ACC-10044,CON-070172,LI-0501576,SW-NOC-140,305,2024-06-13,2026-06-13
ENT-0800956,ACC-10044,CON-070172,LI-0501577,SW-ZTN-130,571,2024-06-13,2026-06-13
ENT-0800957,ACC-10044,CON-070172,LI-0501579,SW-OBS-130,1091,2024-06-13,2026-06-13
ENT-0800958,ACC-10044,CON-070172,LI-0501580,SW-NOC-110,903,2024-06-13,2026-06-13
ENT-0800959,ACC-10044,CON-070172,LI-0501581,SW-ZTN-120,577,2024-06-13,2026-06-13
ENT-0800960,ACC-10045,CON-070173,LI-0501582,SUP-PLA-CORE,26,2022-09-16,2023-09-16
ENT-0800961,ACC-10045,CON-070173,LI-0501586,SUP-GOL-CORE,8,2022-09-16,2023-09-16
ENT-0800962,ACC-10045,CON-070173,LI-0501588,SUP-PLA-DC,2,2022-09-16,2023-09-16
ENT-0800963,ACC-10045,CON-070173,LI-0501592,SW-SEC-130,1431,2022-09-16,2023-09-16
ENT-0800964,ACC-10045,CON-070173,LI-0501593,SW-SDC-110,229,2022-09-16,2023-09-16
ENT-0800965,ACC-10045,CON-070174,LI-0501594,SW-NOC-120,560,2023-03-08,2026-03-08
ENT-0800966,ACC-10045,CON-070174,LI-0501596,SUP-PLA-CORE,8,2023-03-08,2026-03-08
ENT-0800967,ACC-10045,CON-070174,LI-0501597,SW-ZTN-120,1148,2023-03-08,2026-03-08
ENT-0800968,ACC-10045,CON-070174,LI-0501599,SW-SDC-110,264,2023-03-08,2026-03-08
ENT-0800969,ACC-10045,CON-070174,LI-0501600,SW-OBS-120,846,2023-03-08,2026-03-08
ENT-0800970,ACC-10045,CON-070175,LI-0501602,SW-ZTN-130,215,2025-01-27,2030-01-27
ENT-0800971,ACC-10045,CON-070175,LI-0501603,SUP-PLA-DC,13,2025-01-27,2030-01-27
ENT-0800972,ACC-10045,CON-070175,LI-0501605,SW-SDC-140,870,2025-01-27,2030-01-27
ENT-0800973,ACC-10045,CON-070175,LI-0501607,SW-SEC-130,2095,2025-01-27,2030-01-27
ENT-0800974,ACC-10045,CON-070175,LI-0501608,SW-OBS-140,2070,2025-01-27,2030-01-27
ENT-0800975,ACC-10045,CON-070175,LI-0501609,SW-NOC-140,1938,2025-01-27,2030-01-27
ENT-0800976,ACC-10045,CON-070176,LI-0501611,SW-NOC-140,1048,2022-12-11,2025-12-11
ENT-0800977,ACC-10045,CON-070176,LI-0501612,SUP-BRO-DC,2,2022-12-11,2025-12-11
ENT-0800978,ACC-10045,CON-070176,LI-0501613,SW-ZTN-110,1860,2022-12-11,2025-12-11
ENT-0800979,ACC-10046,CON-070177,LI-0501615,SW-ZTN-140,374,2024-09-27,2027-09-27
ENT-0800980,ACC-10046,CON-070177,LI-0501619,SW-SDC-130,746,2025-03-25,2027-09-27
ENT-0800981,ACC-10046,CON-070177,LI-0501622,SW-ZTN-130,960,2024-09-27,2027-09-27
ENT-0800982,ACC-10046,CON-070178,LI-0501624,SW-SDC-120,614,2023-01-06,2026-01-06
ENT-0800983,ACC-10046,CON-070178,LI-0501626,SW-ZTN-120,398,2023-01-06,2026-01-06
ENT-0800984,ACC-10046,CON-070178,LI-0501627,SW-NOC-110,796,2023-01-06,2026-01-06
ENT-0800985,ACC-10046,CON-070178,LI-0501628,SW-ZTN-120,1055,2023-01-06,2026-01-06
ENT-0800986,ACC-10046,CON-070179,LI-0501633,SUP-BRO-EDGE,5,2023-10-06,2026-10-06
ENT-0800987,ACC-10046,CON-070179,LI-0501634,SUP-PLA-CORE,5,2023-10-06,2026-10-06
ENT-0800988,ACC-10046,CON-070179,LI-0501635,SUP-SIL-CORE,1,2023-10-06,2026-10-06
ENT-0800989,ACC-10047,CON-070180,LI-0501639,SUP-GOL-CORE,17,2024-11-29,2025-11-28
ENT-0800990,ACC-10047,CON-070180,LI-0501642,SW-NOC-120,779,2025-03-05,2025-11-28
ENT-0800991,ACC-10047,CON-070180,LI-0501643,SUP-SIL-CORE,11,2024-11-29,2025-11-28
ENT-0800992,ACC-10047,CON-070180,LI-0501644,SW-ZTN-140,1722,2024-11-29,2025-11-28
ENT-0800993,ACC-10047,CON-070180,LI-0501645,SW-OBS-140,902,2024-11-29,2025-11-28
ENT-0800994,ACC-10047,CON-070181,LI-0501647,SW-OBS-110,2093,2023-06-07,2026-06-07
ENT-0800995,ACC-10047,CON-070181,LI-0501650,SW-SEC-130,2207,2023-06-07,2026-06-07
ENT-0800996,ACC-10047,CON-070181,LI-0501651,SW-ZTN-110,1880,2023-06-07,2026-06-07
ENT-0800997,ACC-10047,CON-070181,LI-0501655,SUP-GOL-DC,5,2023-06-07,2026-06-07
ENT-0800998,ACC-10047,CON-070181,LI-0501657,SW-NOC-130,1156,2023-06-07,2026-06-07
ENT-0800999,ACC-10047,CON-070181,LI-0501658,SUP-SIL-CORE,8,2023-06-07,2026-06-07
ENT-0801000,ACC-10047,CON-070181,LI-0501659,SW-SEC-140,890,2024-08-26,2026-06-07
ENT-0801001,ACC-10047,CON-070182,LI-0501660,SW-SEC-120,1646,2022-08-04,2024-08-04
ENT-0801002,ACC-10047,CON-070182,LI-0501661,SW-OBS-120,1830,2022-08-04,2024-08-04
ENT-0801003,ACC-10047,CON-070182,LI-0501664,SUP-PLA-EDGE,5,2022-08-04,2024-08-04
ENT-0801004,ACC-10048,CON-070183,LI-0501665,SW-ZTN-120,1121,2025-10-20,2027-10-20
ENT-0801005,ACC-10048,CON-070183,LI-0501666,SW-SDC-110,908,2025-10-20,2027-10-20
ENT-0801006,ACC-10048,CON-070183,LI-0501667,SUP-SIL-CORE,1,2025-10-20,2027-10-20
ENT-0801007,ACC-10048,CON-070183,LI-0501668,SUP-PLA-DC,5,2025-10-20,2027-10-20
ENT-0801008,ACC-10048,CON-070183,LI-0501669,SW-SEC-110,729,2025-10-20,2027-10-20
ENT-0801009,ACC-10048,CON-070183,LI-0501670,SW-OBS-110,139,2025-10-20,2027-10-20
ENT-0801010,ACC-10048,CON-070183,LI-0501672,SW-SEC-140,1273,2025-10-20,2027-10-20
ENT-0801011,ACC-10048,CON-070183,LI-0501673,SW-SDC-130,375,2025-10-20,2027-10-20
ENT-0801012,ACC-10048,CON-070183,LI-0501674,SW-OBS-140,892,2025-10-20,2027-10-20
ENT-0801013,ACC-10048,CON-070183,LI-0501675,SUP-SIL-CORE,12,2025-10-20,2027-10-20
ENT-0801014,ACC-10048,CON-070183,LI-0501676,SUP-PLA-DC,7,2025-10-20,2027-10-20
ENT-0801015,ACC-10048,CON-070184,LI-0501678,SW-SEC-140,212,2024-04-12,2026-04-12
ENT-0801016,ACC-10048,CON-070184,LI-0501679,SUP-BRO-EDGE,3,2024-04-12,2026-04-12
ENT-0801017,ACC-10048,CON-070184,LI-0501680,SUP-GOL-DC,14,2024-04-12,2026-04-12
ENT-0801018,ACC-10048,CON-070184,LI-0501681,SW-NOC-110,812,2024-04-12,2026-04-12
ENT-0801019,ACC-10048,CON-070184,LI-0501683,SW-ZTN-120,1308,2024-04-12,2026-04-12
ENT-0801020,ACC-10048,CON-070184,LI-0501684,SW-NOC-110,1161,2024-04-12,2026-04-12
ENT-0801021,ACC-10048,CON-070184,LI-0501685,SUP-PLA-DC,1,2024-04-12,2026-04-12
ENT-0801022,ACC-10048,CON-070185,LI-0501687,SUP-PLA-EDGE,14,2023-05-16,2025-05-16
ENT-0801023,ACC-10048,CON-070185,LI-0501688,SUP-PLA-CORE,15,2023-05-16,2025-05-16
ENT-0801024,ACC-10048,CON-070185,LI-0501689,SUP-BRO-DC,3,2023-05-16,2025-05-16
ENT-0801025,ACC-10048,CON-070185,LI-0501690,SUP-BRO-DC,15,2023-05-16,2025-05-16
ENT-0801026,ACC-10048,CON-070185,LI-0501691,SW-NOC-120,809,2023-05-16,2025-05-16
ENT-0801027,ACC-10048,CON-070185,LI-0501692,SW-SEC-120,720,2023-05-16,2025-05-16
ENT-0801028,ACC-10048,CON-070185,LI-0501694,SUP-GOL-DC,3,2023-05-16,2025-05-16
ENT-0801029,ACC-10048,CON-070185,LI-0501697,SUP-GOL-EDGE,7,2023-05-16,2025-05-16
ENT-0801030,ACC-10048,CON-070186,LI-0501700,SW-NOC-110,678,2023-12-26,2025-12-26
ENT-0801031,ACC-10048,CON-070186,LI-0501703,SW-NOC-130,1002,2023-12-26,2025-12-26
ENT-0801032,ACC-10049,CON-070187,LI-0501705,SW-OBS-140,620,2024-08-21,2025-08-21
ENT-0801033,ACC-10049,CON-070187,LI-0501708,SUP-PLA-CORE,15,2024-08-21,2025-08-21
ENT-0801034,ACC-10049,CON-070187,LI-0501712,SUP-GOL-EDGE,11,2024-08-21,2025-08-21
ENT-0801035,ACC-10049,CON-070187,LI-0501714,SW-SDC-140,1323,2024-08-21,2025-08-21
ENT-0801036,ACC-10049,CON-070188,LI-0501715,SUP-PLA-CORE,5,2025-01-31,2028-01-28
ENT-0801037,ACC-10049,CON-070188,LI-0501716,SW-SDC-110,1008,2025-01-31,2028-01-28
ENT-0801038,ACC-10049,CON-070188,LI-0501717,SW-SDC-110,298,2025-01-31,2028-01-28
ENT-0801039,ACC-10049,CON-070188,LI-0501718,SW-NOC-140,86,2025-01-31,2028-01-28
ENT-0801040,ACC-10049,CON-070188,LI-0501720,SW-SEC-140,146,2025-01-31,2028-01-28
ENT-0801041,ACC-10049,CON-070188,LI-0501721,SUP-SIL-DC,13,2025-01-31,2028-01-28
ENT-0801042,ACC-10049,CON-070188,LI-0501722,SW-NOC-110,879,2025-01-31,2028-01-28
ENT-0801043,ACC-10049,CON-070188,LI-0501725,SUP-PLA-DC,16,2025-01-31,2028-01-28
ENT-0801044,ACC-10049,CON-070189,LI-0501730,SW-SEC-110,815,2024-09-19,2028-06-24
ENT-0801045,ACC-10049,CON-070190,LI-0501733,SW-SEC-140,472,2024-12-11,2026-12-11
ENT-0801046,ACC-10049,CON-070190,LI-0501739,SW-NOC-110,146,2024-12-11,2026-12-11
ENT-0801047,ACC-10049,CON-070191,LI-0501741,SW-SDC-120,401,2025-05-27,2030-05-27
ENT-0801048,ACC-10049,CON-070191,LI-0501742,SUP-GOL-CORE,11,2025-05-27,2030-05-27
ENT-0801049,ACC-10049,CON-070191,LI-0501745,SW-OBS-140,1472,2025-05-27,2030-05-27
ENT-0801050,ACC-10050,CON-070192,LI-0501746,SUP-GOL-EDGE,4,2023-03-07,2025-03-07
ENT-0801051,ACC-10050,CON-070192,LI-0501747,SW-SEC-110,1656,2023-03-07,2025-03-07
ENT-0801052,ACC-10050,CON-070192,LI-0501750,SUP-BRO-CORE,4,2023-03-07,2025-03-07
ENT-0801053,ACC-10050,CON-070192,LI-0501751,SW-ZTN-140,930,2023-03-07,2025-03-07
ENT-0801054,ACC-10050,CON-070192,LI-0501753,SW-SEC-110,170,2023-03-07,2025-03-07
ENT-0801055,ACC-10050,CON-070192,LI-0501754,SW-SDC-120,1455,2023-03-07,2025-03-07
ENT-0801056,ACC-10050,CON-070192,LI-0501757,SUP-GOL-EDGE,4,2023-03-07,2025-03-07
ENT-0801057,ACC-10050,CON-070193,LI-0501759,SUP-SIL-CORE,2,2025-11-27,2027-11-27
ENT-0801058,ACC-10050,CON-070193,LI-0501760,SUP-BRO-EDGE,9,2025-11-27,2027-11-27
ENT-0801059,ACC-10050,CON-070193,LI-0501764,SW-SDC-110,1076,2025-11-27,2027-11-27
ENT-0801060,ACC-10050,CON-070194,LI-0501768,SUP-PLA-DC,22,2022-11-24,2025-11-24
ENT-0801061,ACC-10050,CON-070194,LI-0501769,SW-SEC-140,811,2022-11-24,2025-11-24
ENT-0801062,ACC-10050,CON-070194,LI-0501770,SW-ZTN-120,361,2022-11-24,2025-11-24
ENT-0801063,ACC-10050,CON-070194,LI-0501771,SUP-BRO-EDGE,22,2022-11-24,2025-11-24
ENT-0801064,ACC-10050,CON-070194,LI-0501773,SUP-SIL-CORE,7,2022-11-24,2025-11-24
ENT-0801065,ACC-10050,CON-070194,LI-0501774,SW-NOC-120,1688,2022-11-24,2025-11-24
ENT-0801066,ACC-10050,CON-070194,LI-0501777,SW-OBS-140,883,2022-11-24,2025-11-24
ENT-0801067,ACC-10051,CON-070195,LI-0501778,SUP-SIL-DC,1,2025-06-06,2026-06-06
ENT-0801068,ACC-10051,CON-070195,LI-0501779,SW-NOC-110,196,2025-06-06,2026-06-06
ENT-0801069,ACC-10051,CON-070195,LI-0501781,SUP-BRO-EDGE,4,2025-06-06,2026-06-06
ENT-0801070,ACC-10051,CON-070195,LI-0501782,SW-ZTN-130,67,2025-06-06,2026-06-06
ENT-0801071,ACC-10051,CON-070195,LI-0501784,SW-ZTN-140,296,2025-06-06,2026-06-06
ENT-0801072,ACC-10051,CON-070195,LI-0501785,SUP-GOL-CORE,2,2025-06-06,2026-06-06
ENT-0801073,ACC-10052,CON-070196,LI-0501787,SW-NOC-130,201,2023-04-20,2024-04-20
ENT-0801074,ACC-10052,CON-070196,LI-0501788,SW-SEC-120,77,2023-04-20,2024-04-20
ENT-0801075,ACC-10052,CON-070196,LI-0501789,SUP-GOL-CORE,1,2023-04-20,2024-04-20
ENT-0801076,ACC-10052,CON-070196,LI-0501791,SUP-BRO-DC,2,2023-04-20,2024-04-20
ENT-0801077,ACC-10052,CON-070196,LI-0501792,SW-SEC-130,36,2023-04-20,2024-04-20
ENT-0801078,ACC-10052,CON-070196,LI-0501795,SUP-BRO-DC,1,2023-04-20,2024-04-20
ENT-0801079,ACC-10052,CON-070197,LI-0501796,SW-NOC-120,60,2022-08-14,2025-08-14
ENT-0801080,ACC-10052,CON-070197,LI-0501798,SW-ZTN-140,14,2022-08-14,2025-08-14
ENT-0801081,ACC-10052,CON-070197,LI-0501799,SW-NOC-110,50,2022-08-14,2025-08-14
ENT-0801082,ACC-10052,CON-070197,LI-0501800,SW-OBS-130,282,2022-08-14,2025-08-14
ENT-0801083,ACC-10052,CON-070197,LI-0501801,SW-SEC-110,194,2022-08-14,2025-08-14
ENT-0801084,ACC-10052,CON-070197,LI-0501802,SW-SDC-130,72,2022-08-14,2025-08-14
ENT-0801085,ACC-10052,CON-070197,LI-0501803,SUP-GOL-CORE,1,2022-08-14,2025-08-14
ENT-0801086,ACC-10052,CON-070197,LI-0501805,SUP-GOL-DC,1,2022-11-27,2025-08-14
ENT-0801087,ACC-10052,CON-070197,LI-0501806,SW-NOC-140,219,2022-08-14,2025-08-14
ENT-0801088,ACC-10053,CON-070198,LI-0501810,SW-SEC-120,88,2022-08-19,2025-08-19
ENT-0801089,ACC-10053,CON-070198,LI-0501812,SUP-PLA-EDGE,3,2022-08-19,2025-08-19
ENT-0801090,ACC-10053,CON-070198,LI-0501814,SW-SEC-120,297,2022-08-19,2025-08-19
ENT-0801091,ACC-10053,CON-070198,LI-0501818,SUP-BRO-CORE,3,2022-08-19,2025-08-19
ENT-0801092,ACC-10053,CON-070198,LI-0501820,SUP-PLA-DC,1,2022-08-19,2025-08-19
ENT-0801093,ACC-10053,CON-070199,LI-0501821,SW-SEC-110,272,2022-10-28,2023-10-28
ENT-0801094,ACC-10053,CON-070199,LI-0501823,SUP-BRO-CORE,6,2022-10-28,2023-10-28
ENT-0801095,ACC-10053,CON-070199,LI-0501824,SW-OBS-110,111,2022-10-28,2023-10-28
ENT-0801096,ACC-10053,CON-070199,LI-0501825,SW-SEC-110,135,2022-10-28,2023-10-28
ENT-0801097,ACC-10053,CON-070199,LI-0501826,SUP-SIL-DC,3,2022-10-28,2023-10-28
ENT-0801098,ACC-10053,CON-070199,LI-0501827,SW-SDC-140,472,2022-10-28,2023-10-28
ENT-0801099,ACC-10053,CON-070199,LI-0501828,SW-ZTN-140,434,2022-10-28,2023-10-28
ENT-0801100,ACC-10053,CON-070199,LI-0501829,SUP-PLA-CORE,2,2022-10-28,2023-10-28
ENT-0801101,ACC-10054,CON-070200,LI-0501831,SUP-GOL-EDGE,9,2025-01-03,2028-01-03
ENT-0801102,ACC-10054,CON-070200,LI-0501832,SW-SEC-140,813,2025-01-03,2028-01-03
ENT-0801103,ACC-10054,CON-070200,LI-0501833,SW-OBS-140,29,2025-01-03,2028-01-03
ENT-0801104,ACC-10054,CON-070200,LI-0501834,SW-NOC-110,433,2025-01-03,2028-01-03
ENT-0801105,ACC-10054,CON-070200,LI-0501835,SW-SEC-110,149,2026-02-24,2028-01-03
ENT-0801106,ACC-10054,CON-070201,LI-0501838,SW-SEC-140,89,2022-10-23,2023-10-23
ENT-0801107,ACC-10054,CON-070201,LI-0501841,SUP-SIL-DC,1,2022-10-23,2023-10-23
ENT-0801108,ACC-10054,CON-070201,LI-0501843,SW-ZTN-140,203,2023-03-25,2023-10-23
ENT-0801109,ACC-10054,CON-070201,LI-0501844,SUP-BRO-DC,2,2022-10-23,2023-10-23
ENT-0801110,ACC-10054,CON-070201,LI-0501845,SW-NOC-110,664,2022-10-23,2023-10-23
ENT-0801111,ACC-10054,CON-070201,LI-0501847,SW-SDC-140,859,2022-10-23,2023-10-23
ENT-0801112,ACC-10054,CON-070201,LI-0501848,SUP-GOL-DC,5,2022-10-23,2023-10-23
ENT-0801113,ACC-10054,CON-070202,LI-0501850,SUP-PLA-CORE,1,2025-08-13,2028-08-13
ENT-0801114,ACC-10054,CON-070202,LI-0501851,SUP-BRO-DC,9,2025-08-13,2028-08-13
ENT-0801115,ACC-10054,CON-070203,LI-0501853,SW-ZTN-110,369,2023-06-13,2026-06-13
ENT-0801116,ACC-10054,CON-070203,LI-0501854,SUP-GOL-EDGE,3,2023-06-13,2026-06-13
ENT-0801117,ACC-10054,CON-070203,LI-0501856,SW-SEC-110,858,2023-06-13,2026-06-13
ENT-0801118,ACC-10054,CON-070203,LI-0501858,SW-SEC-120,862,2023-06-13,2026-06-13
ENT-0801119,ACC-10054,CON-070203,LI-0501860,SW-SDC-130,561,2023-06-13,2026-06-13
ENT-0801120,ACC-10054,CON-070203,LI-0501861,SW-SDC-110,452,2023-06-13,2026-06-13
ENT-0801121,ACC-10054,CON-070203,LI-0501862,SW-OBS-140,751,2023-06-13,2026-06-13
ENT-0801122,ACC-10054,CON-070203,LI-0501863,SUP-SIL-CORE,2,2023-06-13,2026-06-13
ENT-0801123,ACC-10055,CON-070204,LI-0501866,SUP-SIL-EDGE,7,2022-01-23,2024-01-23
ENT-0801124,ACC-10055,CON-070204,LI-0501867,SUP-BRO-EDGE,3,2022-01-23,2024-01-23
ENT-0801125,ACC-10055,CON-070204,LI-0501869,SW-NOC-120,64,2022-01-23,2024-01-23
ENT-0801126,ACC-10055,CON-070204,LI-0501871,SW-OBS-120,375,2022-01-23,2024-01-23
ENT-0801127,ACC-10055,CON-070204,LI-0501872,SW-OBS-130,690,2022-01-23,2024-01-23
ENT-0801128,ACC-10055,CON-070205,LI-0501875,SW-SDC-110,446,2024-10-28,2027-10-28
ENT-0801129,ACC-10055,CON-070205,LI-0501877,SW-SDC-130,91,2024-10-28,2027-10-28
ENT-0801130,ACC-10055,CON-070205,LI-0501878,SUP-BRO-CORE,3,2024-10-28,2027-10-28
ENT-0801131,ACC-10056,CON-070206,LI-0501880,SW-SEC-110,556,2024-10-24,2027-10-24
ENT-0801132,ACC-10056,CON-070206,LI-0501881,SUP-PLA-EDGE,10,2026-12-22,2027-10-24
ENT-0801133,ACC-10056,CON-070206,LI-0501883,SW-ZTN-140,965,2024-10-24,2027-10-24
ENT-0801134,ACC-10056,CON-070206,LI-0501884,SW-SEC-110,904,2024-10-24,2027-10-24
ENT-0801135,ACC-10056,CON-070206,LI-0501885,SW-SDC-140,185,2024-10-24,2027-10-24
ENT-0801136,ACC-10056,CON-070206,LI-0501886,SUP-BRO-DC,7,2024-10-24,2027-10-24
ENT-0801137,ACC-10056,CON-070206,LI-0501887,SW-NOC-130,799,2024-10-24,2027-10-24
ENT-0801138,ACC-10056,CON-070206,LI-0501888,SW-OBS-130,295,2024-10-24,2027-10-24
ENT-0801139,ACC-10056,CON-070207,LI-0501894,SUP-SIL-DC,7,2024-08-01,2029-08-01
ENT-0801140,ACC-10056,CON-070207,LI-0501896,SW-OBS-140,820,2024-08-01,2029-08-01
ENT-0801141,ACC-10056,CON-070207,LI-0501897,SUP-SIL-DC,8,2024-08-01,2029-08-01
ENT-0801142,ACC-10056,CON-070207,LI-0501898,SW-SDC-120,811,2024-08-01,2029-08-01
ENT-0801143,ACC-10057,CON-070208,LI-0501899,SW-NOC-110,122,2023-05-17,2026-05-17
ENT-0801144,ACC-10057,CON-070208,LI-0501900,SUP-SIL-CORE,4,2023-05-17,2026-05-17
ENT-0801145,ACC-10057,CON-070208,LI-0501901,SW-SDC-110,66,2023-05-17,2026-05-17
ENT-0801146,ACC-10057,CON-070208,LI-0501902,SW-SDC-130,476,2023-05-17,2026-05-17
ENT-0801147,ACC-10057,CON-070208,LI-0501903,SUP-GOL-CORE,5,2023-05-17,2026-05-17
ENT-0801148,ACC-10057,CON-070208,LI-0501904,SW-SDC-130,91,2023-05-17,2026-05-17
ENT-0801149,ACC-10057,CON-070208,LI-0501907,SW-OBS-130,251,2023-05-17,2026-05-17
ENT-0801150,ACC-10057,CON-070208,LI-0501908,SW-SDC-140,162,2023-05-17,2026-05-17
ENT-0801151,ACC-10057,CON-070208,LI-0501909,SW-SDC-140,95,2023-05-17,2026-05-17
ENT-0801152,ACC-10058,CON-070209,LI-0501911,SW-SDC-110,84,2022-03-06,2027-03-06
ENT-0801153,ACC-10058,CON-070209,LI-0501914,SW-SDC-120,287,2022-03-06,2027-03-06
ENT-0801154,ACC-10058,CON-070209,LI-0501915,SW-SEC-120,105,2022-03-06,2027-03-06
ENT-0801155,ACC-10058,CON-070209,LI-0501917,SW-SDC-130,434,2022-03-06,2027-03-06
ENT-0801156,ACC-10058,CON-070209,LI-0501919,SW-NOC-130,442,2022-03-06,2027-03-06
ENT-0801157,ACC-10058,CON-070209,LI-0501920,SW-OBS-120,184,2022-03-06,2027-03-06
ENT-0801158,ACC-10058,CON-070209,LI-0501921,SW-SDC-120,495,2022-03-06,2027-03-06
ENT-0801159,ACC-10058,CON-070209,LI-0501922,SUP-PLA-DC,2,2022-03-06,2027-03-06
ENT-0801160,ACC-10058,CON-070209,LI-0501923,SW-SDC-120,370,2022-03-06,2027-03-06
ENT-0801161,ACC-10058,CON-070210,LI-0501925,SUP-PLA-EDGE,9,2025-02-22,2030-02-22
ENT-0801162,ACC-10058,CON-070210,LI-0501926,SW-OBS-130,37,2025-02-22,2030-02-22
ENT-0801163,ACC-10058,CON-070210,LI-0501927,SW-SDC-130,168,2025-02-22,2030-02-22
ENT-0801164,ACC-10058,CON-070210,LI-0501928,SUP-SIL-DC,1,2025-02-22,2030-02-22
ENT-0801165,ACC-10058,CON-070210,LI-0501932,SW-ZTN-130,118,2029-06-28,2030-02-22
ENT-0801166,ACC-10058,CON-070210,LI-0501933,SW-SEC-130,435,2025-02-22,2030-02-22
ENT-0801167,ACC-10058,CON-070210,LI-0501934,SW-SEC-120,611,2025-02-22,2030-02-22
ENT-0801168,ACC-10058,CON-070210,LI-0501936,SUP-PLA-CORE,9,2025-02-22,2030-02-22
ENT-0801169,ACC-10059,CON-070211,LI-0501937,SW-NOC-140,697,2023-09-21,2024-09-21
ENT-0801170,ACC-10059,CON-070211,LI-0501939,SUP-SIL-DC,8,2023-09-21,2024-09-21
ENT-0801171,ACC-10059,CON-070211,LI-0501940,SW-OBS-130,132,2023-09-21,2024-09-21
ENT-0801172,ACC-10059,CON-070211,LI-0501941,SW-SDC-130,435,2023-09-21,2024-09-21
ENT-0801173,ACC-10059,CON-070211,LI-0501942,SW-ZTN-120,596,2023-09-21,2024-09-21
ENT-0801174,ACC-10059,CON-070211,LI-0501943,SUP-GOL-EDGE,6,2023-09-21,2024-09-21
ENT-0801175,ACC-10059,CON-070211,LI-0501944,SUP-PLA-CORE,6,2023-09-21,2024-09-21
ENT-0801176,ACC-10059,CON-070212,LI-0501950,SUP-GOL-CORE,8,2022-03-08,2025-03-08
ENT-0801177,ACC-10059,CON-070212,LI-0501951,SW-SEC-130,475,2022-03-08,2025-03-08
ENT-0801178,ACC-10059,CON-070212,LI-0501952,SUP-SIL-DC,7,2022-03-08,2025-03-08
ENT-0801179,ACC-10059,CON-070212,LI-0501955,SUP-PLA-CORE,4,2022-03-08,2025-03-08
ENT-0801180,ACC-10059,CON-070212,LI-0501960,SW-ZTN-130,437,2022-03-08,2025-03-08
ENT-0801181,ACC-10059,CON-070212,LI-0501962,SW-SDC-110,72,2022-03-08,2025-03-08
ENT-0801182,ACC-10060,CON-070213,LI-0501963,SUP-SIL-DC,9,2022-12-22,2024-12-22
ENT-0801183,ACC-10060,CON-070213,LI-0501964,SW-SEC-140,127,2022-12-22,2024-12-22
ENT-0801184,ACC-10060,CON-070213,LI-0501967,SW-OBS-110,598,2022-12-22,2024-12-22
ENT-0801185,ACC-10060,CON-070213,LI-0501971,SUP-BRO-CORE,10,2022-12-22,2024-12-22
ENT-0801186,ACC-10060,CON-070213,LI-0501972,SUP-PLA-DC,3,2022-12-22,2024-12-22
ENT-0801187,ACC-10060,CON-070214,LI-0501973,SUP-SIL-CORE,4,2025-08-29,2028-08-28
ENT-0801188,ACC-10060,CON-070214,LI-0501975,SUP-GOL-EDGE,5,2025-08-29,2028-08-28
ENT-0801189,ACC-10060,CON-070214,LI-0501976,SW-OBS-110,110,2025-08-29,2028-08-28
ENT-0801190,ACC-10060,CON-070214,LI-0501977,SW-NOC-110,686,2025-08-29,2028-08-28
ENT-0801191,ACC-10060,CON-070215,LI-0501980,SW-NOC-130,537,2023-01-05,2026-01-05
ENT-0801192,ACC-10060,CON-070215,LI-0501982,SW-NOC-110,453,2023-01-05,2026-01-05
ENT-0801193,ACC-10060,CON-070215,LI-0501983,SW-NOC-130,242,2023-01-05,2026-01-05
ENT-0801194,ACC-10060,CON-070216,LI-0501985,SW-NOC-110,209,2023-01-04,2024-01-04
ENT-0801195,ACC-10060,CON-070216,LI-0501986,SUP-PLA-CORE,10,2023-01-04,2024-01-04
ENT-0801196,ACC-10060,CON-070216,LI-0501989,SW-ZTN-140,591,2023-07-16,2024-01-04
ENT-0801197,ACC-10060,CON-070216,LI-0501992,SW-ZTN-120,48,2023-01-04,2024-01-04
ENT-0801198,ACC-10061,CON-070217,LI-0501993,SW-OBS-130,59,2023-03-21,2026-03-21
ENT-0801199,ACC-10061,CON-070217,LI-0501994,SUP-PLA-DC,1,2023-03-21,2026-03-21
ENT-0801200,ACC-10061,CON-070217,LI-0501996,SW-OBS-140,268,2023-03-21,2026-03-21
ENT-0801201,ACC-10061,CON-070218,LI-0501998,SW-OBS-110,72,2024-10-12,2027-10-12
ENT-0801202,ACC-10061,CON-070218,LI-0502001,SW-SEC-130,273,2024-10-12,2027-10-12
ENT-0801203,ACC-10061,CON-070218,LI-0502002,SW-SDC-130,163,2024-10-12,2027-10-12
ENT-0801204,ACC-10061,CON-070218,LI-0502004,SUP-PLA-EDGE,2,2024-10-12,2027-10-12
ENT-0801205,ACC-10061,CON-070218,LI-0502005,SW-ZTN-130,137,2024-10-12,2027-10-12
ENT-0801206,ACC-10061,CON-070218,LI-0502006,SUP-PLA-CORE,1,2024-10-12,2027-10-12
ENT-0801207,ACC-10062,CON-070219,LI-0502007,SW-ZTN-110,450,2023-08-25,2024-08-25
ENT-0801208,ACC-10062,CON-070219,LI-0502010,SUP-BRO-CORE,4,2023-08-25,2024-08-25
ENT-0801209,ACC-10062,CON-070219,LI-0502013,SW-NOC-110,887,2023-08-25,2024-08-25
ENT-0801210,ACC-10062,CON-070219,LI-0502014,SUP-GOL-CORE,11,2023-08-25,2024-08-25
ENT-0801211,ACC-10062,CON-070219,LI-0502017,SW-SEC-130,152,2023-08-25,2024-08-25
ENT-0801212,ACC-10062,CON-070219,LI-0502019,SW-SDC-120,845,2023-08-25,2024-08-25
ENT-0801213,ACC-10062,CON-070220,LI-0502020,SW-NOC-120,619,2023-02-10,2028-02-10
ENT-0801214,ACC-10062,CON-070220,LI-0502022,SUP-GOL-CORE,3,2023-02-10,2028-02-10
ENT-0801215,ACC-10062,CON-070220,LI-0502023,SW-ZTN-130,487,2023-02-10,2028-02-10
ENT-0801216,ACC-10062,CON-070220,LI-0502024,SUP-BRO-EDGE,5,2027-09-01,2028-02-10
ENT-0801217,ACC-10062,CON-070220,LI-0502026,SW-OBS-120,185,2023-02-10,2028-02-10
ENT-0801218,ACC-10062,CON-070221,LI-0502027,SUP-BRO-EDGE,7,2024-12-28,2026-12-28
ENT-0801219,ACC-10062,CON-070221,LI-0502028,SW-NOC-130,591,2024-12-28,2026-12-28
ENT-0801220,ACC-10062,CON-070221,LI-0502031,SW-ZTN-120,403,2024-12-28,2026-12-28
ENT-0801221,ACC-10062,CON-070221,LI-0502035,SW-ZTN-140,152,2025-04-15,2026-12-28
ENT-0801222,ACC-10062,CON-070221,LI-0502036,SW-NOC-110,195,2024-12-28,2026-12-28
ENT-0801223,ACC-10062,CON-070221,LI-0502037,SW-OBS-130,852,2024-12-28,2026-12-28
ENT-0801224,ACC-10063,CON-070222,LI-0502039,SUP-BRO-EDGE,1,2022-09-02,2023-04-18
ENT-0801225,ACC-10063,CON-070222,LI-0502040,SUP-BRO-CORE,3,2022-04-18,2023-04-18
ENT-0801226,ACC-10063,CON-070222,LI-0502044,SUP-BRO-DC,7,2022-04-18,2023-04-18
ENT-0801227,ACC-10063,CON-070222,LI-0502045,SUP-GOL-EDGE,6,2022-04-18,2023-04-18
ENT-0801228,ACC-10064,CON-070223,LI-0502047,SW-NOC-130,135,2024-09-15,2026-09-15
ENT-0801229,ACC-10064,CON-070223,LI-0502049,SUP-SIL-EDGE,1,2024-09-15,2026-09-15
ENT-0801230,ACC-10064,CON-070223,LI-0502051,SW-NOC-110,327,2024-09-15,2026-09-15
ENT-0801231,ACC-10064,CON-070223,LI-0502053,SW-OBS-130,109,2024-09-15,2026-09-15
ENT-0801232,ACC-10064,CON-070224,LI-0502057,SUP-GOL-CORE,4,2023-10-04,2024-10-04
ENT-0801233,ACC-10064,CON-070224,LI-0502058,SUP-GOL-EDGE,1,2023-10-04,2024-10-04
ENT-0801234,ACC-10064,CON-070224,LI-0502059,SUP-GOL-EDGE,1,2023-10-04,2024-10-04
ENT-0801235,ACC-10064,CON-070224,LI-0502060,SW-ZTN-130,317,2023-10-04,2024-10-04
ENT-0801236,ACC-10065,CON-070225,LI-0502062,SW-SDC-130,327,2022-02-28,2023-02-28
ENT-0801237,ACC-10065,CON-070225,LI-0502063,SUP-GOL-DC,1,2022-02-28,2023-02-28
ENT-0801238,ACC-10065,CON-070225,LI-0502066,SUP-GOL-CORE,4,2022-02-28,2023-02-28
ENT-0801239,ACC-10065,CON-070225,LI-0502067,SUP-BRO-EDGE,5,2022-02-28,2023-02-28
ENT-0801240,ACC-10065,CON-070225,LI-0502071,SUP-BRO-CORE,1,2022-02-28,2023-02-28
ENT-0801241,ACC-10065,CON-070225,LI-0502072,SW-NOC-140,211,2022-02-28,2023-02-28
ENT-0801242,ACC-10065,CON-070226,LI-0502075,SW-SEC-140,659,2023-07-19,2026-07-19
ENT-0801243,ACC-10065,CON-070226,LI-0502076,SUP-PLA-DC,4,2023-07-19,2026-07-19
ENT-0801244,ACC-10065,CON-070226,LI-0502077,SUP-BRO-DC,3,2023-07-19,2026-07-19
ENT-0801245,ACC-10065,CON-070226,LI-0502078,SW-OBS-120,634,2023-07-19,2026-07-19
ENT-0801246,ACC-10065,CON-070226,LI-0502079,SW-NOC-110,102,2023-07-19,2026-07-19
ENT-0801247,ACC-10065,CON-070226,LI-0502080,SW-ZTN-140,435,2023-07-19,2026-07-19
ENT-0801248,ACC-10065,CON-070226,LI-0502081,SUP-PLA-DC,3,2023-07-19,2026-07-19
ENT-0801249,ACC-10065,CON-070226,LI-0502082,SUP-PLA-CORE,1,2023-07-19,2026-07-19
ENT-0801250,ACC-10065,CON-070226,LI-0502084,SUP-BRO-DC,1,2023-07-19,2026-07-19
ENT-0801251,ACC-10065,CON-070226,LI-0502085,SUP-GOL-EDGE,5,2024-06-13,2026-07-19
ENT-0801252,ACC-10065,CON-070227,LI-0502087,SW-SEC-140,431,2024-08-28,2027-08-28
ENT-0801253,ACC-10065,CON-070227,LI-0502088,SW-NOC-110,514,2024-08-28,2027-08-28
ENT-0801254,ACC-10065,CON-070227,LI-0502091,SW-NOC-140,107,2024-08-28,2027-08-28
ENT-0801255,ACC-10065,CON-070227,LI-0502092,SW-OBS-130,414,2024-08-28,2027-08-28
ENT-0801256,ACC-10065,CON-070227,LI-0502093,SUP-SIL-DC,7,2024-08-28,2027-08-28
ENT-0801257,ACC-10065,CON-070227,LI-0502094,SW-SDC-140,241,2024-08-28,2027-08-28
ENT-0801258,ACC-10065,CON-070227,LI-0502095,SW-NOC-110,327,2024-08-28,2027-08-28
ENT-0801259,ACC-10065,CON-070227,LI-0502097,SUP-PLA-EDGE,6,2024-08-28,2027-08-28
ENT-0801260,ACC-10066,CON-070228,LI-0502100,SW-SDC-120,146,2024-04-20,2026-04-20
ENT-0801261,ACC-10066,CON-070228,LI-0502101,SW-NOC-130,83,2024-04-20,2026-04-20
ENT-0801262,ACC-10066,CON-070228,LI-0502102,SW-SDC-110,253,2024-04-20,2026-04-20
ENT-0801263,ACC-10066,CON-070228,LI-0502103,SUP-SIL-CORE,3,2024-04-20,2026-04-20
ENT-0801264,ACC-10066,CON-070228,LI-0502104,SW-SDC-130,210,2024-04-20,2026-04-20
ENT-0801265,ACC-10066,CON-070228,LI-0502105,SW-OBS-140,136,2024-04-20,2026-04-20
ENT-0801266,ACC-10066,CON-070228,LI-0502108,SUP-SIL-DC,3,2024-04-20,2026-04-20
ENT-0801267,ACC-10067,CON-070229,LI-0502113,SW-SDC-140,357,2023-08-17,2026-08-17
ENT-0801268,ACC-10067,CON-070229,LI-0502115,SW-SEC-130,351,2023-08-17,2026-08-17
ENT-0801269,ACC-10067,CON-070229,LI-0502116,SUP-BRO-CORE,1,2023-08-17,2026-08-17
ENT-0801270,ACC-10067,CON-070229,LI-0502117,SUP-BRO-EDGE,7,2023-08-17,2026-08-17
ENT-0801271,ACC-10067,CON-070229,LI-0502118,SW-NOC-110,85,2023-08-17,2026-08-17
ENT-0801272,ACC-10067,CON-070229,LI-0502120,SW-ZTN-110,789,2023-08-17,2026-08-17
ENT-0801273,ACC-10067,CON-070229,LI-0502123,SW-SEC-130,522,2023-08-17,2026-08-17
ENT-0801274,ACC-10067,CON-070230,LI-0502127,SW-ZTN-140,383,2023-05-25,2024-05-25
ENT-0801275,ACC-10067,CON-070230,LI-0502128,SW-SDC-120,805,2023-05-25,2024-05-25
ENT-0801276,ACC-10067,CON-070230,LI-0502129,SW-ZTN-130,186,2023-05-25,2024-05-25
ENT-0801277,ACC-10067,CON-070230,LI-0502132,SW-NOC-130,368,2023-05-25,2024-05-25
ENT-0801278,ACC-10067,CON-070230,LI-0502136,SW-OBS-140,563,2023-05-25,2024-05-25
ENT-0801279,ACC-10068,CON-070231,LI-0502139,SW-SEC-140,477,2022-10-15,2023-10-15
ENT-0801280,ACC-10068,CON-070231,LI-0502140,SUP-BRO-DC,7,2022-10-15,2023-10-15
ENT-0801281,ACC-10068,CON-070231,LI-0502141,SW-ZTN-130,250,2023-03-24,2023-10-15
ENT-0801282,ACC-10068,CON-070231,LI-0502142,SW-SEC-110,336,2022-10-15,2023-10-15
ENT-0801283,ACC-10068,CON-070231,LI-0502143,SUP-GOL-CORE,6,2022-10-15,2023-10-15
ENT-0801284,ACC-10068,CON-070231,LI-0502144,SW-NOC-120,85,2023-07-14,2023-10-15
ENT-0801285,ACC-10068,CON-070231,LI-0502145,SW-NOC-140,282,2022-10-15,2023-10-15
ENT-0801286,ACC-10068,CON-070232,LI-0502148,SUP-PLA-DC,3,2022-09-06,2027-09-06
ENT-0801287,ACC-10068,CON-070232,LI-0502149,SUP-GOL-DC,6,2022-09-06,2027-09-06
ENT-0801288,ACC-10068,CON-070232,LI-0502151,SW-NOC-110,401,2022-09-06,2027-09-06
ENT-0801289,ACC-10068,CON-070232,LI-0502153,SW-SEC-110,495,2022-09-06,2027-09-06
ENT-0801290,ACC-10068,CON-070232,LI-0502154,SW-ZTN-110,95,2022-09-06,2027-09-06
ENT-0801291,ACC-10068,CON-070232,LI-0502155,SW-NOC-140,393,2025-09-05,2027-09-06
ENT-0801292,ACC-10068,CON-070232,LI-0502156,SW-SDC-130,327,2023-07-12,2027-09-06
ENT-0801293,ACC-10068,CON-070232,LI-0502157,SW-OBS-120,338,2022-09-06,2027-09-06
ENT-0801294,ACC-10068,CON-070232,LI-0502158,SW-SEC-120,204,2022-09-06,2027-09-06
ENT-0801295,ACC-10068,CON-070232,LI-0502160,SUP-PLA-CORE,6,2022-09-06,2027-09-06
ENT-0801296,ACC-10068,CON-070233,LI-0502163,SW-OBS-120,247,2025-07-26,2028-07-26
ENT-0801297,ACC-10068,CON-070233,LI-0502164,SW-ZTN-130,407,2025-07-26,2028-07-26
ENT-0801298,ACC-10068,CON-070233,LI-0502165,SW-OBS-110,327,2025-07-26,2028-07-26
ENT-0801299,ACC-10068,CON-070233,LI-0502166,SUP-BRO-CORE,6,2025-07-26,2028-07-26
ENT-0801300,ACC-10069,CON-070234,LI-0502169,SUP-BRO-DC,4,2025-03-01,2026-03-01
ENT-0801301,ACC-10069,CON-070234,LI-0502170,SW-SDC-130,162,2025-06-09,2026-03-01
ENT-0801302,ACC-10069,CON-070234,LI-0502172,SUP-GOL-DC,2,2025-03-01,2026-03-01
ENT-0801303,ACC-10069,CON-070234,LI-0502174,SUP-BRO-DC,1,2025-03-01,2026-03-01
ENT-0801304,ACC-10069,CON-070234,LI-0502175,SW-ZTN-130,196,2025-03-01,2026-03-01
ENT-0801305,ACC-10069,CON-070235,LI-0502179,SW-ZTN-110,369,2022-05-20,2024-05-20
ENT-0801306,ACC-10069,CON-070235,LI-0502180,SUP-BRO-DC,3,2022-05-20,2024-05-20
ENT-0801307,ACC-10069,CON-070235,LI-0502182,SUP-GOL-EDGE,1,2022-12-28,2024-05-20
ENT-0801308,ACC-10069,CON-070235,LI-0502184,SW-SDC-140,380,2022-05-20,2024-05-20
ENT-0801309,ACC-10069,CON-070235,LI-0502185,SUP-SIL-EDGE,2,2022-05-20,2024-05-20
ENT-0801310,ACC-10069,CON-070235,LI-0502186,SW-SEC-120,406,2022-05-20,2024-05-20
ENT-0801311,ACC-10069,CON-070235,LI-0502187,SW-SDC-120,47,2022-05-20,2024-05-20
ENT-0801312,ACC-10069,CON-070235,LI-0502189,SUP-GOL-CORE,3,2022-05-20,2024-05-20
ENT-0801313,ACC-10069,CON-070235,LI-0502190,SW-NOC-110,107,2022-05-20,2024-05-20
ENT-0801314,ACC-10070,CON-070236,LI-0502191,SW-OBS-120,101,2024-10-02,2027-10-02
ENT-0801315,ACC-10070,CON-070236,LI-0502193,SW-SEC-130,44,2024-10-02,2027-10-02
ENT-0801316,ACC-10070,CON-070236,LI-0502194,SW-NOC-140,92,2025-04-23,2027-10-02
ENT-0801317,ACC-10070,CON-070236,LI-0502195,SUP-BRO-EDGE,2,2024-10-02,2027-10-02
ENT-0801318,ACC-10070,CON-070236,LI-0502198,SW-ZTN-110,212,2024-10-02,2027-10-02
ENT-0801319,ACC-10070,CON-070236,LI-0502199,SW-SEC-130,242,2024-10-02,2027-10-02
ENT-0801320,ACC-10070,CON-070236,LI-0502200,SW-ZTN-110,153,2024-10-02,2027-10-02
ENT-0801321,ACC-10071,CON-070237,LI-0502204,SUP-SIL-DC,1,2025-03-11,2027-03-11
ENT-0801322,ACC-10071,CON-070237,LI-0502205,SUP-SIL-CORE,6,2025-03-11,2027-03-11
ENT-0801323,ACC-10071,CON-070237,LI-0502206,SW-OBS-140,131,2025-03-11,2027-03-11
ENT-0801324,ACC-10071,CON-070237,LI-0502207,SW-SEC-120,446,2025-03-11,2027-03-11
ENT-0801325,ACC-10071,CON-070237,LI-0502208,SW-ZTN-130,380,2025-03-11,2027-03-11
ENT-0801326,ACC-10071,CON-070237,LI-0502213,SUP-GOL-EDGE,6,2025-03-11,2027-03-11
ENT-0801327,ACC-10071,CON-070238,LI-0502218,SW-SDC-140,219,2025-01-25,2030-01-25
ENT-0801328,ACC-10071,CON-070238,LI-0502221,SW-OBS-140,652,2025-01-25,2030-01-25
ENT-0801329,ACC-10071,CON-070239,LI-0502223,SUP-PLA-CORE,1,2023-02-06,2025-02-06
ENT-0801330,ACC-10071,CON-070239,LI-0502224,SW-NOC-120,589,2023-02-06,2025-02-06
ENT-0801331,ACC-10071,CON-070239,LI-0502226,SW-SDC-120,821,2023-02-06,2025-02-06
ENT-0801332,ACC-10071,CON-070239,LI-0502227,SW-SDC-130,202,2023-02-06,2025-02-06
ENT-0801333,ACC-10071,CON-070239,LI-0502228,SW-OBS-140,538,2023-02-06,2025-02-06
ENT-0801334,ACC-10071,CON-070239,LI-0502229,SW-SDC-120,117,2023-02-06,2025-02-06
ENT-0801335,ACC-10071,CON-070239,LI-0502230,SW-NOC-130,877,2024-06-02,2025-02-06
ENT-0801336,ACC-10071,CON-070239,LI-0502231,SW-ZTN-120,847,2023-04-22,2025-02-06
ENT-0801337,ACC-10071,CON-070239,LI-0502232,SW-SEC-140,116,2023-02-06,2025-02-06
ENT-0801338,ACC-10072,CON-070240,LI-0502233,SUP-PLA-CORE,1,2023-12-18,2025-12-18
ENT-0801339,ACC-10072,CON-070240,LI-0502235,SW-NOC-140,224,2023-12-18,2025-12-18
ENT-0801340,ACC-10072,CON-070240,LI-0502236,SUP-SIL-CORE,2,2023-12-18,2025-12-18
ENT-0801341,ACC-10072,CON-070240,LI-0502237,SUP-PLA-DC,1,2023-12-18,2025-12-18
ENT-0801342,ACC-10072,CON-070240,LI-0502238,SUP-SIL-EDGE,2,2023-12-18,2025-12-18
ENT-0801343,ACC-10072,CON-070240,LI-0502239,SW-OBS-140,189,2023-12-18,2025-12-18
ENT-0801344,ACC-10072,CON-070240,LI-0502240,SUP-PLA-CORE,1,2023-12-18,2025-12-18
ENT-0801345,ACC-10072,CON-070240,LI-0502241,SW-OBS-110,112,2023-12-18,2025-12-18
ENT-0801346,ACC-10072,CON-070240,LI-0502243,SUP-PLA-DC,3,2023-12-18,2025-12-18
ENT-0801347,ACC-10072,CON-070240,LI-0502245,SUP-GOL-DC,1,2023-12-18,2025-12-18
ENT-0801348,ACC-10072,CON-070241,LI-0502246,SW-NOC-120,85,2024-02-02,2027-02-02
ENT-0801349,ACC-10072,CON-070241,LI-0502248,SUP-BRO-EDGE,1,2024-02-02,2027-02-02
ENT-0801350,ACC-10072,CON-070241,LI-0502249,SW-SDC-110,106,2024-02-02,2027-02-02
ENT-0801351,ACC-10072,CON-070241,LI-0502250,SW-NOC-130,27,2024-02-02,2027-02-02
ENT-0801352,ACC-10073,CON-070242,LI-0502252,SW-SDC-120,234,2025-12-31,2029-02-16
ENT-0801353,ACC-10073,CON-070242,LI-0502256,SW-ZTN-130,101,2024-02-16,2029-02-16
ENT-0801354,ACC-10073,CON-070242,LI-0502257,SW-OBS-130,316,2024-02-16,2029-02-16
ENT-0801355,ACC-10074,CON-070243,LI-0502258,SW-OBS-120,402,2025-02-07,2026-02-07
ENT-0801356,ACC-10074,CON-070243,LI-0502259,SUP-PLA-EDGE,7,2025-02-07,2026-02-07
ENT-0801357,ACC-10074,CON-070243,LI-0502260,SW-OBS-110,134,2025-02-07,2026-02-07
ENT-0801358,ACC-10074,CON-070243,LI-0502262,SW-SEC-140,112,2025-02-07,2026-02-07
ENT-0801359,ACC-10074,CON-070243,LI-0502263,SUP-SIL-CORE,3,2025-02-07,2026-02-07
ENT-0801360,ACC-10074,CON-070243,LI-0502264,SW-SEC-140,408,2025-02-07,2026-02-07
ENT-0801361,ACC-10074,CON-070243,LI-0502265,SW-ZTN-130,301,2025-06-17,2026-02-07
ENT-0801362,ACC-10074,CON-070243,LI-0502267,SW-ZTN-140,26,2025-02-07,2026-02-07
ENT-0801363,ACC-10074,CON-070243,LI-0502268,SW-ZTN-130,493,2025-02-07,2026-02-07
ENT-0801364,ACC-10074,CON-070243,LI-0502269,SUP-SIL-CORE,2,2025-02-07,2026-02-07
ENT-0801365,ACC-10074,CON-070243,LI-0502270,SUP-BRO-EDGE,5,2025-04-17,2026-02-07
ENT-0801366,ACC-10074,CON-070243,LI-0502271,SW-OBS-140,363,2025-02-07,2026-02-07
ENT-0801367,ACC-10075,CON-070244,LI-0502273,SW-NOC-130,553,2022-06-12,2025-06-12
ENT-0801368,ACC-10075,CON-070244,LI-0502274,SW-OBS-110,337,2022-06-12,2025-06-12
ENT-0801369,ACC-10075,CON-070244,LI-0502277,SW-SEC-140,165,2022-06-12,2025-06-12
ENT-0801370,ACC-10075,CON-070244,LI-0502278,SW-SEC-120,843,2022-06-12,2025-06-12
ENT-0801371,ACC-10075,CON-070244,LI-0502279,SUP-GOL-CORE,11,2022-06-12,2025-06-12
ENT-0801372,ACC-10075,CON-070245,LI-0502282,SUP-PLA-EDGE,4,2022-05-05,2025-05-05
ENT-0801373,ACC-10075,CON-070245,LI-0502283,SUP-BRO-CORE,10,2022-05-05,2025-05-05
ENT-0801374,ACC-10075,CON-070245,LI-0502284,SW-ZTN-110,121,2022-05-05,2025-05-05
ENT-0801375,ACC-10075,CON-070245,LI-0502285,SW-OBS-130,708,2022-05-05,2025-05-05
ENT-0801376,ACC-10075,CON-070245,LI-0502286,SW-SDC-120,114,2022-05-05,2025-05-05
ENT-0801377,ACC-10076,CON-070246,LI-0502288,SW-ZTN-140,79,2024-02-07,2029-02-07
ENT-0801378,ACC-10076,CON-070246,LI-0502289,SW-NOC-120,456,2024-02-07,2029-02-07
ENT-0801379,ACC-10076,CON-070246,LI-0502290,SW-ZTN-130,72,2024-02-07,2029-02-07
ENT-0801380,ACC-10076,CON-070246,LI-0502291,SW-SEC-130,489,2024-02-07,2029-02-07
ENT-0801381,ACC-10076,CON-070246,LI-0502295,SW-SEC-110,588,2024-02-07,2029-02-07
ENT-0801382,ACC-10076,CON-070247,LI-0502299,SW-ZTN-110,674,2023-04-05,2026-04-05
ENT-0801383,ACC-10076,CON-070247,LI-0502301,SW-OBS-120,388,2023-04-05,2026-04-05
ENT-0801384,ACC-10076,CON-070247,LI-0502302,SW-OBS-140,370,2023-04-05,2026-04-05
ENT-0801385,ACC-10076,CON-070247,LI-0502303,SW-NOC-140,1040,2023-04-05,2026-04-05
ENT-0801386,ACC-10076,CON-070247,LI-0502306,SW-OBS-140,984,2023-04-05,2026-04-05
ENT-0801387,ACC-10076,CON-070247,LI-0502307,SW-SEC-140,686,2023-04-05,2026-04-05
ENT-0801388,ACC-10076,CON-070247,LI-0502308,SUP-SIL-EDGE,14,2023-04-05,2026-04-05
ENT-0801389,ACC-10076,CON-070248,LI-0502309,SW-ZTN-130,1001,2023-05-17,2026-05-17
ENT-0801390,ACC-10076,CON-070248,LI-0502311,SUP-BRO-CORE,2,2023-05-17,2026-05-17
ENT-0801391,ACC-10076,CON-070248,LI-0502312,SUP-GOL-DC,4,2023-05-17,2026-05-17
ENT-0801392,ACC-10076,CON-070248,LI-0502313,SW-SEC-130,296,2023-05-17,2026-05-17
ENT-0801393,ACC-10076,CON-070248,LI-0502315,SUP-GOL-EDGE,7,2023-05-17,2026-05-17
ENT-0801394,ACC-10076,CON-070248,LI-0502316,SW-SDC-140,1113,2023-05-17,2026-05-17
ENT-0801395,ACC-10076,CON-070248,LI-0502317,SW-NOC-120,660,2024-01-02,2026-05-17
ENT-0801396,ACC-10076,CON-070248,LI-0502318,SW-NOC-130,226,2023-05-17,2026-05-17
ENT-0801397,ACC-10077,CON-070249,LI-0502319,SUP-PLA-DC,4,2024-04-03,2025-04-03
ENT-0801398,ACC-10077,CON-070249,LI-0502321,SUP-BRO-CORE,1,2024-04-03,2025-04-03
ENT-0801399,ACC-10077,CON-070249,LI-0502323,SUP-GOL-EDGE,7,2024-04-03,2025-04-03
ENT-0801400,ACC-10077,CON-070249,LI-0502325,SW-SEC-110,763,2024-04-03,2025-04-03
ENT-0801401,ACC-10077,CON-070250,LI-0502326,SW-SDC-130,406,2022-01-16,2023-01-16
ENT-0801402,ACC-10077,CON-070250,LI-0502327,SW-SEC-120,536,2022-01-16,2023-01-16
ENT-0801403,ACC-10077,CON-070250,LI-0502328,SUP-SIL-CORE,1,2022-01-16,2023-01-16
ENT-0801404,ACC-10077,CON-070250,LI-0502330,SW-ZTN-110,607,2022-01-16,2023-01-16
ENT-0801405,ACC-10077,CON-070250,LI-0502331,SW-SDC-120,311,2022-01-16,2023-01-16
ENT-0801406,ACC-10077,CON-070250,LI-0502332,SUP-SIL-DC,2,2022-01-16,2023-01-16
ENT-0801407,ACC-10077,CON-070250,LI-0502333,SUP-BRO-EDGE,3,2022-01-16,2023-01-16
ENT-0801408,ACC-10077,CON-070251,LI-0502335,SW-OBS-110,514,2023-08-07,2024-08-07
ENT-0801409,ACC-10077,CON-070251,LI-0502336,SW-SEC-120,314,2023-08-07,2024-08-07
ENT-0801410,ACC-10077,CON-070251,LI-0502337,SUP-SIL-CORE,9,2023-08-07,2024-08-07
ENT-0801411,ACC-10077,CON-070251,LI-0502338,SW-SEC-140,695,2023-08-07,2024-08-07
ENT-0801412,ACC-10077,CON-070251,LI-0502340,SUP-GOL-DC,2,2023-10-16,2024-08-07
ENT-0801413,ACC-10077,CON-070251,LI-0502341,SW-ZTN-120,565,2023-08-07,2024-08-07
ENT-0801414,ACC-10077,CON-070251,LI-0502342,SW-NOC-110,516,2023-08-07,2024-08-07
ENT-0801415,ACC-10078,CON-070252,LI-0502343,SW-ZTN-110,118,2025-03-15,2026-03-15
ENT-0801416,ACC-10078,CON-070252,LI-0502346,SW-SDC-140,226,2025-03-15,2026-03-15
ENT-0801417,ACC-10078,CON-070252,LI-0502347,SW-SEC-110,238,2025-03-15,2026-03-15
ENT-0801418,ACC-10078,CON-070252,LI-0502348,SW-NOC-140,298,2025-03-15,2026-03-15
ENT-0801419,ACC-10078,CON-070252,LI-0502349,SW-SEC-140,592,2025-03-15,2026-03-15
ENT-0801420,ACC-10078,CON-070252,LI-0502352,SW-ZTN-110,549,2025-03-15,2026-03-15
ENT-0801421,ACC-10078,CON-070252,LI-0502353,SW-OBS-130,49,2025-03-15,2026-03-15
ENT-0801422,ACC-10078,CON-070253,LI-0502354,SW-NOC-120,519,2025-02-17,2028-02-17
ENT-0801423,ACC-10078,CON-070253,LI-0502355,SUP-SIL-EDGE,2,2025-02-17,2028-02-17
ENT-0801424,ACC-10078,CON-070253,LI-0502356,SW-SEC-140,550,2025-02-17,2028-02-17
ENT-0801425,ACC-10078,CON-070253,LI-0502357,SW-SDC-140,138,2025-02-17,2028-02-17
ENT-0801426,ACC-10078,CON-070253,LI-0502358,SW-SEC-120,598,2025-02-17,2028-02-17
ENT-0801427,ACC-10078,CON-070253,LI-0502359,SUP-BRO-DC,3,2025-02-17,2028-02-17
ENT-0801428,ACC-10078,CON-070253,LI-0502360,SUP-BRO-CORE,6,2025-02-17,2028-02-17
ENT-0801429,ACC-10078,CON-070253,LI-0502361,SW-SEC-130,21,2025-02-17,2028-02-17
ENT-0801430,ACC-10078,CON-070253,LI-0502362,SW-SDC-140,459,2025-02-17,2028-02-17
ENT-0801431,ACC-10078,CON-070253,LI-0502363,SW-SEC-120,49,2025-02-17,2028-02-17
ENT-0801432,ACC-10078,CON-070253,LI-0502364,SW-OBS-110,503,2025-02-17,2028-02-17
ENT-0801433,ACC-10078,CON-070253,LI-0502365,SW-ZTN-130,204,2025-02-17,2028-02-17
ENT-0801434,ACC-10078,CON-070253,LI-0502367,SW-SEC-120,255,2025-02-17,2028-02-17
ENT-0801435,ACC-10079,CON-070254,LI-0502368,SW-SDC-140,437,2024-03-14,2027-03-14
ENT-0801436,ACC-10079,CON-070254,LI-0502369,SW-NOC-140,1067,2024-03-14,2027-03-14
ENT-0801437,ACC-10079,CON-070254,LI-0502371,SUP-PLA-CORE,9,2024-03-14,2027-03-14
ENT-0801438,ACC-10079,CON-070254,LI-0502373,SW-OBS-140,986,2024-03-14,2027-03-14
ENT-0801439,ACC-10079,CON-070254,LI-0502374,SW-SEC-110,695,2024-03-14,2027-03-14
ENT-0801440,ACC-10079,CON-070254,LI-0502375,SW-SDC-140,855,2024-03-14,2027-03-14
ENT-0801441,ACC-10079,CON-070254,LI-0502376,SW-SEC-140,72,2024-03-14,2027-03-14
ENT-0801442,ACC-10079,CON-070254,LI-0502377,SUP-GOL-DC,5,2024-03-14,2027-03-14
ENT-0801443,ACC-10079,CON-070254,LI-0502378,SUP-GOL-EDGE,1,2024-03-14,2027-03-14
ENT-0801444,ACC-10079,CON-070254,LI-0502379,SW-OBS-130,390,2024-03-14,2027-03-14
ENT-0801445,ACC-10079,CON-070255,LI-0502380,SW-NOC-120,399,2024-06-24,2026-06-24
ENT-0801446,ACC-10079,CON-070255,LI-0502381,SUP-SIL-EDGE,8,2024-06-24,2026-06-24
ENT-0801447,ACC-10079,CON-070255,LI-0502382,SW-NOC-120,454,2024-06-24,2026-06-24
ENT-0801448,ACC-10079,CON-070255,LI-0502383,SUP-SIL-EDGE,13,2024-06-24,2026-06-24
ENT-0801449,ACC-10079,CON-070255,LI-0502385,SUP-BRO-CORE,13,2024-06-24,2026-06-24
ENT-0801450,ACC-10079,CON-070255,LI-0502386,SW-SEC-110,861,2024-06-24,2026-06-24
ENT-0801451,ACC-10079,CON-070256,LI-0502388,SW-ZTN-110,320,2025-02-06,2028-02-06
ENT-0801452,ACC-10079,CON-070256,LI-0502389,SUP-SIL-EDGE,4,2025-02-06,2028-02-06
ENT-0801453,ACC-10079,CON-070256,LI-0502390,SW-SDC-110,1016,2025-02-06,2028-02-06
ENT-0801454,ACC-10079,CON-070256,LI-0502391,SUP-BRO-DC,8,2025-02-06,2028-02-06
ENT-0801455,ACC-10080,CON-070257,LI-0502393,SW-SDC-140,98,2022-03-15,2025-03-15
ENT-0801456,ACC-10080,CON-070257,LI-0502395,SW-SEC-140,85,2022-03-15,2025-03-15
ENT-0801457,ACC-10080,CON-070257,LI-0502396,SUP-BRO-CORE,10,2022-03-15,2025-03-15
ENT-0801458,ACC-10080,CON-070257,LI-0502398,SUP-BRO-CORE,2,2022-03-15,2025-03-15
ENT-0801459,ACC-10080,CON-070257,LI-0502399,SW-SDC-120,65,2024-09-10,2025-03-15
ENT-0801460,ACC-10080,CON-070257,LI-0502400,SW-ZTN-120,935,2022-03-15,2025-03-15
ENT-0801461,ACC-10080,CON-070257,LI-0502402,SW-SDC-110,323,2022-03-15,2025-03-15
ENT-0801462,ACC-10080,CON-070257,LI-0502403,SW-OBS-120,516,2022-03-15,2025-03-15
ENT-0801463,ACC-10080,CON-070258,LI-0502406,SUP-GOL-EDGE,13,2024-07-28,2029-07-28
ENT-0801464,ACC-10080,CON-070258,LI-0502407,SW-OBS-120,1080,2024-07-28,2029-07-28
ENT-0801465,ACC-10080,CON-070258,LI-0502409,SW-SDC-140,1118,2024-07-28,2029-07-28
ENT-0801466,ACC-10080,CON-070258,LI-0502410,SW-OBS-140,847,2024-07-28,2029-07-28
ENT-0801467,ACC-10080,CON-070258,LI-0502411,SW-SDC-130,368,2024-07-28,2029-07-28
ENT-0801468,ACC-10081,CON-070259,LI-0502412,SUP-BRO-CORE,5,2024-09-03,2027-09-03
ENT-0801469,ACC-10081,CON-070259,LI-0502413,SW-NOC-130,129,2024-09-03,2027-09-03
ENT-0801470,ACC-10081,CON-070259,LI-0502421,SUP-PLA-EDGE,10,2024-09-03,2027-09-03
ENT-0801471,ACC-10081,CON-070259,LI-0502424,SUP-GOL-DC,8,2024-09-03,2027-09-03
ENT-0801472,ACC-10081,CON-070260,LI-0502426,SW-SDC-120,783,2025-12-22,2028-12-22
ENT-0801473,ACC-10081,CON-070260,LI-0502427,SW-SEC-110,846,2027-08-06,2028-12-22
ENT-0801474,ACC-10081,CON-070260,LI-0502428,SW-NOC-140,206,2025-12-22,2028-12-22
ENT-0801475,ACC-10081,CON-070260,LI-0502430,SW-SDC-140,210,2025-12-22,2028-12-22
ENT-0801476,ACC-10081,CON-070260,LI-0502431,SUP-GOL-DC,8,2025-12-22,2028-12-22
ENT-0801477,ACC-10081,CON-070260,LI-0502432,SW-ZTN-120,479,2025-12-22,2028-12-22
ENT-0801478,ACC-10081,CON-070260,LI-0502433,SUP-SIL-CORE,2,2025-12-22,2028-12-22
ENT-0801479,ACC-10081,CON-070260,LI-0502434,SUP-SIL-CORE,5,2025-12-22,2028-12-22
ENT-0801480,ACC-10081,CON-070260,LI-0502435,SW-ZTN-140,428,2025-12-22,2028-12-22
ENT-0801481,ACC-10082,CON-070261,LI-0502436,SW-SDC-140,349,2024-01-31,2025-01-28
ENT-0801482,ACC-10082,CON-070261,LI-0502437,SUP-SIL-DC,2,2024-01-31,2025-01-28
ENT-0801483,ACC-10082,CON-070261,LI-0502438,SW-SDC-140,24,2024-01-31,2025-01-28
ENT-0801484,ACC-10082,CON-070261,LI-0502439,SW-SEC-120,124,2024-01-31,2025-01-28
ENT-0801485,ACC-10082,CON-070261,LI-0502441,SW-SEC-130,515,2024-01-31,2025-01-28
ENT-0801486,ACC-10083,CON-070262,LI-0502445,SW-OBS-120,189,2022-01-29,2023-01-28
ENT-0801487,ACC-10083,CON-070262,LI-0502446,SW-SDC-110,134,2022-01-29,2023-01-28
ENT-0801488,ACC-10083,CON-070262,LI-0502449,SUP-BRO-DC,2,2022-01-29,2023-01-28
ENT-0801489,ACC-10083,CON-070262,LI-0502450,SUP-BRO-DC,4,2022-01-29,2023-01-28
ENT-0801490,ACC-10083,CON-070262,LI-0502451,SW-SDC-110,171,2022-01-29,2023-01-28
ENT-0801491,ACC-10084,CON-070263,LI-0502454,SW-SDC-140,10,2022-01-06,2027-01-06
ENT-0801492,ACC-10084,CON-070263,LI-0502455,SUP-BRO-EDGE,1,2022-01-06,2027-01-06
ENT-0801493,ACC-10084,CON-070263,LI-0502456,SUP-GOL-CORE,2,2022-01-06,2027-01-06
ENT-0801494,ACC-10084,CON-070263,LI-0502458,SW-NOC-140,109,2022-01-06,2027-01-06
ENT-0801495,ACC-10084,CON-070264,LI-0502459,SUP-GOL-DC,2,2025-12-17,2028-12-17
ENT-0801496,ACC-10084,CON-070264,LI-0502460,SW-ZTN-140,98,2025-12-17,2028-12-17
ENT-0801497,ACC-10084,CON-070264,LI-0502462,SW-SDC-120,241,2025-12-17,2028-12-17
ENT-0801498,ACC-10084,CON-070264,LI-0502463,SUP-PLA-DC,2,2025-12-17,2028-12-17
ENT-0801499,ACC-10084,CON-070264,LI-0502464,SW-ZTN-120,190,2025-12-17,2028-12-17
ENT-0801500,ACC-10084,CON-070264,LI-0502466,SUP-GOL-CORE,2,2025-12-17,2028-12-17
ENT-0801501,ACC-10085,CON-070265,LI-0502467,SUP-SIL-EDGE,3,2023-01-02,2026-01-02
ENT-0801502,ACC-10085,CON-070265,LI-0502468,SW-SEC-130,14,2023-01-02,2026-01-02
ENT-0801503,ACC-10086,CON-070266,LI-0502471,SW-OBS-110,189,2024-03-26,2025-03-26
ENT-0801504,ACC-10086,CON-070266,LI-0502472,SUP-PLA-EDGE,1,2024-03-26,2025-03-26
ENT-0801505,ACC-10086,CON-070267,LI-0502475,SW-NOC-110,404,2022-03-20,2024-03-20
ENT-0801506,ACC-10086,CON-070267,LI-0502476,SW-SEC-110,463,2022-03-20,2024-03-20
ENT-0801507,ACC-10086,CON-070267,LI-0502479,SUP-SIL-DC,1,2022-03-20,2024-03-20
ENT-0801508,ACC-10086,CON-070267,LI-0502482,SW-OBS-130,466,2022-03-20,2024-03-20
ENT-0801509,ACC-10086,CON-070267,LI-0502483,SW-ZTN-130,474,2022-03-20,2024-03-20
ENT-0801510,ACC-10087,CON-070268,LI-0502484,SUP-BRO-EDGE,2,2025-09-29,2028-09-28
ENT-0801511,ACC-10087,CON-070268,LI-0502486,SW-NOC-130,205,2025-09-29,2028-09-28
ENT-0801512,ACC-10087,CON-070268,LI-0502487,SW-OBS-110,662,2025-09-29,2028-09-28
ENT-0801513,ACC-10087,CON-070268,LI-0502489,SUP-PLA-DC,1,2025-09-29,2028-09-28
ENT-0801514,ACC-10087,CON-070268,LI-0502490,SUP-GOL-DC,6,2025-09-29,2028-09-28
ENT-0801515,ACC-10087,CON-070268,LI-0502492,SUP-BRO-CORE,10,2025-09-29,2028-09-28
ENT-0801516,ACC-10087,CON-070268,LI-0502493,SUP-BRO-CORE,2,2025-09-29,2028-09-28
ENT-0801517,ACC-10087,CON-070268,LI-0502496,SW-NOC-110,202,2025-09-29,2028-09-28
ENT-0801518,ACC-10087,CON-070268,LI-0502497,SW-SEC-130,693,2025-09-29,2028-09-28
ENT-0801519,ACC-10087,CON-070269,LI-0502498,SUP-PLA-CORE,4,2023-05-21,2025-05-21
ENT-0801520,ACC-10087,CON-070269,LI-0502500,SUP-BRO-DC,5,2023-05-21,2025-05-21
ENT-0801521,ACC-10087,CON-070269,LI-0502502,SW-SEC-130,310,2023-05-21,2025-05-21
ENT-0801522,ACC-10087,CON-070270,LI-0502506,SW-SEC-120,63,2024-12-07,2029-12-07
ENT-0801523,ACC-10087,CON-070270,LI-0502509,SW-SDC-120,388,2024-12-07,2029-12-07
ENT-0801524,ACC-10087,CON-070270,LI-0502510,SW-OBS-120,242,2024-12-07,2029-12-07
ENT-0801525,ACC-10087,CON-070270,LI-0502511,SW-ZTN-110,602,2024-12-07,2029-12-07
ENT-0801526,ACC-10087,CON-070271,LI-0502518,SW-NOC-140,684,2024-02-13,2026-02-13
ENT-0801527,ACC-10087,CON-070271,LI-0502521,SW-NOC-140,220,2024-02-13,2026-02-13
ENT-0801528,ACC-10087,CON-070271,LI-0502522,SUP-SIL-CORE,3,2024-02-13,2026-02-13
ENT-0801529,ACC-10087,CON-070271,LI-0502524,SW-ZTN-140,503,2024-02-13,2026-02-13
ENT-0801530,ACC-10087,CON-070271,LI-0502527,SUP-SIL-DC,10,2024-02-13,2026-02-13
ENT-0801531,ACC-10087,CON-070271,LI-0502528,SUP-PLA-CORE,7,2024-02-13,2026-02-13
ENT-0801532,ACC-10087,CON-070271,LI-0502529,SUP-SIL-EDGE,9,2024-02-13,2026-02-13
ENT-0801533,ACC-10088,CON-070272,LI-0502531,SW-SEC-130,672,2023-09-08,2028-09-08
ENT-0801534,ACC-10088,CON-070272,LI-0502533,SW-NOC-120,129,2023-09-08,2028-09-08
ENT-0801535,ACC-10088,CON-070272,LI-0502534,SUP-BRO-DC,6,2023-09-08,2028-09-08
ENT-0801536,ACC-10088,CON-070272,LI-0502538,SUP-SIL-EDGE,7,2023-09-08,2028-09-08
ENT-0801537,ACC-10088,CON-070272,LI-0502539,SUP-SIL-EDGE,3,2023-09-08,2028-09-08
ENT-0801538,ACC-10088,CON-070272,LI-0502540,SW-OBS-140,33,2023-09-08,2028-09-08
ENT-0801539,ACC-10088,CON-070272,LI-0502542,SUP-PLA-CORE,7,2023-09-08,2028-09-08
ENT-0801540,ACC-10088,CON-070273,LI-0502543,SW-SDC-110,173,2024-08-07,2027-08-07
ENT-0801541,ACC-10088,CON-070273,LI-0502544,SUP-BRO-DC,7,2024-08-07,2027-08-07
ENT-0801542,ACC-10088,CON-070273,LI-0502546,SUP-GOL-EDGE,11,2024-08-07,2027-08-07
ENT-0801543,ACC-10089,CON-070274,LI-0502548,SUP-SIL-DC,6,2024-01-26,2026-01-26
ENT-0801544,ACC-10089,CON-070274,LI-0502550,SUP-BRO-CORE,2,2024-01-26,2026-01-26
ENT-0801545,ACC-10089,CON-070274,LI-0502553,SW-SEC-120,314,2024-01-26,2026-01-26
ENT-0801546,ACC-10089,CON-070274,LI-0502554,SUP-SIL-CORE,4,2024-01-26,2026-01-26
ENT-0801547,ACC-10089,CON-070274,LI-0502555,SW-SDC-140,41,2024-01-26,2026-01-26
ENT-0801548,ACC-10090,CON-070275,LI-0502557,SUP-PLA-DC,2,2023-12-11,2024-12-11
ENT-0801549,ACC-10090,CON-070275,LI-0502559,SUP-BRO-DC,13,2023-12-11,2024-12-11
ENT-0801550,ACC-10090,CON-070275,LI-0502560,SUP-PLA-CORE,10,2024-07-25,2024-12-11
ENT-0801551,ACC-10090,CON-070275,LI-0502561,SUP-PLA-CORE,9,2023-12-11,2024-12-11
ENT-0801552,ACC-10090,CON-070275,LI-0502562,SW-NOC-120,450,2023-12-11,2024-12-11
ENT-0801553,ACC-10090,CON-070275,LI-0502564,SW-SDC-130,724,2023-12-11,2024-12-11
ENT-0801554,ACC-10090,CON-070275,LI-0502565,SUP-GOL-CORE,8,2023-12-11,2024-12-11
ENT-0801555,ACC-10090,CON-070275,LI-0502567,SUP-GOL-EDGE,12,2023-12-11,2024-12-11
ENT-0801556,ACC-10090,CON-070275,LI-0502568,SW-NOC-130,239,2024-08-08,2024-12-11
ENT-0801557,ACC-10090,CON-070275,LI-0502569,SW-ZTN-130,388,2023-12-11,2024-12-11
ENT-0801558,ACC-10090,CON-070275,LI-0502570,SW-ZTN-140,1035,2023-12-11,2024-12-11
ENT-0801559,ACC-10090,CON-070276,LI-0502571,SW-NOC-140,707,2023-07-31,2026-07-28
ENT-0801560,ACC-10090,CON-070276,LI-0502572,SW-NOC-120,858,2023-07-31,2026-07-28
ENT-0801561,ACC-10090,CON-070277,LI-0502575,SUP-GOL-CORE,8,2024-05-04,2025-05-04
ENT-0801562,ACC-10090,CON-070277,LI-0502576,SUP-BRO-EDGE,13,2024-05-04,2025-05-04
ENT-0801563,ACC-10090,CON-070277,LI-0502577,SUP-PLA-DC,1,2024-05-04,2025-05-04
ENT-0801564,ACC-10091,CON-070278,LI-0502579,SUP-SIL-CORE,4,2024-10-07,2027-10-07
ENT-0801565,ACC-10091,CON-070278,LI-0502580,SW-ZTN-140,223,2024-10-07,2027-10-07
ENT-0801566,ACC-10091,CON-070278,LI-0502581,SUP-PLA-DC,7,2024-10-07,2027-10-07
ENT-0801567,ACC-10091,CON-070278,LI-0502582,SUP-BRO-EDGE,1,2024-10-07,2027-10-07
ENT-0801568,ACC-10091,CON-070279,LI-0502591,SW-SEC-140,599,2024-06-06,2029-06-06
ENT-0801569,ACC-10091,CON-070279,LI-0502592,SW-OBS-140,499,2024-06-06,2029-06-06
ENT-0801570,ACC-10091,CON-070279,LI-0502593,SW-SDC-120,249,2024-06-06,2029-06-06
ENT-0801571,ACC-10091,CON-070281,LI-0502598,SUP-PLA-DC,4,2023-04-06,2024-04-06
ENT-0801572,ACC-10091,CON-070281,LI-0502599,SUP-PLA-EDGE,4,2023-04-06,2024-04-06
ENT-0801573,ACC-10091,CON-070281,LI-0502600,SW-ZTN-140,404,2023-04-06,2024-04-06
ENT-0801574,ACC-10092,CON-070282,LI-0502602,SW-SDC-130,175,2023-10-17,2025-10-17
ENT-0801575,ACC-10092,CON-070282,LI-0502604,SW-SEC-120,695,2023-10-17,2025-10-17
ENT-0801576,ACC-10092,CON-070282,LI-0502605,SUP-GOL-EDGE,1,2023-10-17,2025-10-17
ENT-0801577,ACC-10092,CON-070282,LI-0502608,SUP-PLA-DC,8,2023-10-17,2025-10-17
ENT-0801578,ACC-10092,CON-070283,LI-0502612,SUP-GOL-EDGE,1,2022-12-08,2025-12-08
ENT-0801579,ACC-10092,CON-070283,LI-0502613,SW-OBS-120,578,2022-12-08,2025-12-08
ENT-0801580,ACC-10092,CON-070283,LI-0502614,SUP-SIL-EDGE,6,2022-12-08,2025-12-08
ENT-0801581,ACC-10092,CON-070283,LI-0502615,SUP-BRO-DC,6,2022-12-08,2025-12-08
ENT-0801582,ACC-10092,CON-070283,LI-0502616,SW-NOC-140,120,2022-12-08,2025-12-08
ENT-0801583,ACC-10092,CON-070283,LI-0502620,SUP-SIL-EDGE,6,2022-12-08,2025-12-08
ENT-0801584,ACC-10092,CON-070283,LI-0502621,SW-OBS-110,342,2022-12-08,2025-12-08
ENT-0801585,ACC-10092,CON-070283,LI-0502623,SUP-PLA-CORE,5,2022-12-08,2025-12-08
ENT-0801586,ACC-10093,CON-070284,LI-0502624,SUP-BRO-DC,1,2024-08-08,2027-08-08
ENT-0801587,ACC-10093,CON-070284,LI-0502625,SUP-BRO-EDGE,4,2024-08-08,2027-08-08
ENT-0801588,ACC-10093,CON-070284,LI-0502627,SW-NOC-140,228,2024-08-08,2027-08-08
ENT-0801589,ACC-10093,CON-070284,LI-0502628,SUP-GOL-EDGE,3,2024-08-08,2027-08-08
ENT-0801590,ACC-10093,CON-070284,LI-0502633,SUP-SIL-EDGE,1,2024-08-08,2027-08-08
ENT-0801591,ACC-10093,CON-070284,LI-0502634,SW-SDC-140,396,2024-08-08,2027-08-08
ENT-0801592,ACC-10093,CON-070285,LI-0502635,SUP-GOL-EDGE,4,2025-05-16,2030-05-16
ENT-0801593,ACC-10093,CON-070285,LI-0502637,SW-SEC-140,111,2025-05-16,2030-05-16
ENT-0801594,ACC-10093,CON-070285,LI-0502638,SUP-PLA-DC,2,2025-05-16,2030-05-16
ENT-0801595,ACC-10093,CON-070285,LI-0502641,SW-SEC-140,396,2025-05-16,2030-05-16
ENT-0801596,ACC-10093,CON-070285,LI-0502642,SUP-SIL-EDGE,1,2025-05-16,2030-05-16
ENT-0801597,ACC-10093,CON-070285,LI-0502644,SUP-PLA-EDGE,3,2025-05-16,2030-05-16
ENT-0801598,ACC-10093,CON-070285,LI-0502645,SW-SEC-120,150,2025-05-16,2030-05-16
ENT-0801599,ACC-10093,CON-070285,LI-0502646,SW-NOC-130,17,2025-05-16,2030-05-16
ENT-0801600,ACC-10093,CON-070285,LI-0502647,SUP-PLA-CORE,3,2025-05-16,2030-05-16
ENT-0801601,ACC-10094,CON-070286,LI-0502649,SW-ZTN-120,497,2025-11-27,2026-05-28
ENT-0801602,ACC-10094,CON-070286,LI-0502650,SW-NOC-120,213,2025-05-28,2026-05-28
ENT-0801603,ACC-10094,CON-070286,LI-0502651,SW-NOC-120,261,2025-05-28,2026-05-28
ENT-0801604,ACC-10094,CON-070286,LI-0502652,SW-ZTN-110,440,2025-05-28,2026-05-28
ENT-0801605,ACC-10094,CON-070286,LI-0502654,SW-OBS-110,406,2025-05-28,2026-05-28
ENT-0801606,ACC-10094,CON-070286,LI-0502657,SW-SEC-110,179,2025-05-28,2026-05-28
ENT-0801607,ACC-10094,CON-070286,LI-0502658,SW-SEC-130,194,2025-05-28,2026-05-28
ENT-0801608,ACC-10094,CON-070286,LI-0502660,SUP-GOL-CORE,2,2025-05-28,2026-05-28
ENT-0801609,ACC-10095,CON-070287,LI-0502665,SUP-SIL-CORE,2,2022-10-14,2023-10-14
ENT-0801610,ACC-10095,CON-070287,LI-0502666,SUP-SIL-CORE,5,2022-10-14,2023-10-14
ENT-0801611,ACC-10095,CON-070287,LI-0502667,SW-OBS-120,133,2022-10-14,2023-10-14
ENT-0801612,ACC-10095,CON-070287,LI-0502668,SW-SEC-110,127,2022-10-14,2023-10-14
ENT-0801613,ACC-10095,CON-070287,LI-0502670,SUP-BRO-EDGE,2,2022-10-14,2023-10-14
ENT-0801614,ACC-10095,CON-070288,LI-0502671,SUP-PLA-DC,6,2023-06-16,2028-06-16
ENT-0801615,ACC-10095,CON-070288,LI-0502672,SW-ZTN-140,144,2023-06-16,2028-06-16
ENT-0801616,ACC-10095,CON-070288,LI-0502673,SW-SEC-110,456,2023-06-16,2028-06-16
ENT-0801617,ACC-10095,CON-070288,LI-0502674,SW-OBS-130,408,2023-06-16,2028-06-16
ENT-0801618,ACC-10095,CON-070288,LI-0502675,SW-SDC-140,501,2023-06-16,2028-06-16
ENT-0801619,ACC-10095,CON-070288,LI-0502676,SUP-GOL-DC,5,2023-06-16,2028-06-16
ENT-0801620,ACC-10095,CON-070288,LI-0502677,SW-SDC-110,28,2023-06-16,2028-06-16
ENT-0801621,ACC-10095,CON-070288,LI-0502678,SUP-BRO-CORE,4,2023-06-16,2028-06-16
ENT-0801622,ACC-10095,CON-070288,LI-0502680,SW-OBS-110,472,2023-06-16,2028-06-16
ENT-0801623,ACC-10095,CON-070288,LI-0502681,SW-NOC-140,502,2023-06-16,2028-06-16
ENT-0801624,ACC-10095,CON-070288,LI-0502682,SW-SDC-140,360,2023-06-16,2028-06-16
ENT-0801625,ACC-10095,CON-070289,LI-0502684,SW-NOC-140,263,2024-12-09,2027-12-09
ENT-0801626,ACC-10095,CON-070289,LI-0502685,SW-OBS-110,430,2024-12-09,2027-12-09
ENT-0801627,ACC-10095,CON-070289,LI-0502687,SW-NOC-120,351,2024-12-09,2027-12-09
ENT-0801628,ACC-10095,CON-070289,LI-0502688,SUP-SIL-EDGE,2,2024-12-09,2027-12-09
ENT-0801629,ACC-10095,CON-070289,LI-0502689,SW-SEC-120,532,2024-12-09,2027-12-09
ENT-0801630,ACC-10095,CON-070290,LI-0502690,SW-OBS-110,429,2024-07-23,2027-07-23
ENT-0801631,ACC-10095,CON-070290,LI-0502692,SUP-BRO-CORE,2,2024-07-23,2027-07-23
ENT-0801632,ACC-10095,CON-070290,LI-0502693,SUP-BRO-EDGE,2,2024-07-23,2027-07-23
ENT-0801633,ACC-10095,CON-070290,LI-0502694,SUP-PLA-EDGE,7,2024-07-23,2027-07-23
ENT-0801634,ACC-10095,CON-070290,LI-0502695,SW-NOC-140,418,2024-07-23,2027-07-23
ENT-0801635,ACC-10095,CON-070290,LI-0502698,SW-SDC-130,80,2024-07-23,2027-07-23
ENT-0801636,ACC-10095,CON-070290,LI-0502700,SW-ZTN-140,381,2024-07-23,2027-07-23
ENT-0801637,ACC-10095,CON-070290,LI-0502701,SUP-BRO-EDGE,7,2024-07-23,2027-07-23
ENT-0801638,ACC-10095,CON-070290,LI-0502702,SW-NOC-140,555,2024-07-23,2027-07-23
ENT-0801639,ACC-10096,CON-070291,LI-0502704,SW-SEC-120,287,2023-05-31,2025-05-28
ENT-0801640,ACC-10096,CON-070291,LI-0502705,SW-ZTN-110,250,2023-05-31,2025-05-28
ENT-0801641,ACC-10096,CON-070291,LI-0502706,SW-OBS-120,234,2023-05-31,2025-05-28
ENT-0801642,ACC-10096,CON-070291,LI-0502707,SW-SEC-140,297,2023-05-31,2025-05-28
ENT-0801643,ACC-10096,CON-070291,LI-0502708,SW-ZTN-120,429,2023-05-31,2025-05-28
ENT-0801644,ACC-10096,CON-070291,LI-0502710,SW-SEC-120,417,2025-01-01,2025-05-28
ENT-0801645,ACC-10096,CON-070291,LI-0502711,SW-SDC-140,423,2023-05-31,2025-05-28
ENT-0801646,ACC-10096,CON-070291,LI-0502712,SW-NOC-130,371,2023-05-31,2025-05-28
ENT-0801647,ACC-10096,CON-070292,LI-0502713,SW-ZTN-120,168,2024-06-26,2025-06-26
ENT-0801648,ACC-10096,CON-070292,LI-0502715,SUP-GOL-DC,3,2024-06-26,2025-06-26
ENT-0801649,ACC-10096,CON-070292,LI-0502716,SW-ZTN-110,404,2024-06-26,2025-06-26
ENT-0801650,ACC-10096,CON-070292,LI-0502717,SW-OBS-120,516,2024-06-26,2025-06-26
ENT-0801651,ACC-10096,CON-070292,LI-0502718,SUP-PLA-CORE,2,2024-06-26,2025-06-26
ENT-0801652,ACC-10096,CON-070292,LI-0502719,SW-SEC-130,342,2024-06-26,2025-06-26
ENT-0801653,ACC-10096,CON-070292,LI-0502721,SUP-SIL-DC,7,2024-06-26,2025-06-26
ENT-0801654,ACC-10097,CON-070293,LI-0502723,SW-OBS-130,318,2023-06-23,2026-06-23
ENT-0801655,ACC-10097,CON-070293,LI-0502725,SW-ZTN-130,176,2023-06-23,2026-06-23
ENT-0801656,ACC-10097,CON-070293,LI-0502726,SUP-BRO-EDGE,2,2024-10-13,2026-06-23
ENT-0801657,ACC-10097,CON-070293,LI-0502727,SW-OBS-140,284,2023-06-23,2026-06-23
ENT-0801658,ACC-10097,CON-070293,LI-0502728,SW-SDC-130,126,2025-08-12,2026-06-23
ENT-0801659,ACC-10097,CON-070293,LI-0502729,SW-SEC-130,98,2023-06-23,2026-06-23
ENT-0801660,ACC-10097,CON-070294,LI-0502733,SUP-SIL-EDGE,1,2024-02-04,2029-02-04
ENT-0801661,ACC-10097,CON-070294,LI-0502734,SUP-GOL-CORE,4,2024-02-04,2029-02-04
ENT-0801662,ACC-10097,CON-070294,LI-0502735,SUP-BRO-EDGE,2,2024-02-04,2029-02-04
ENT-0801663,ACC-10097,CON-070294,LI-0502736,SW-SDC-140,116,2024-02-04,2029-02-04
ENT-0801664,ACC-10097,CON-070294,LI-0502737,SW-ZTN-140,258,2024-02-04,2029-02-04
ENT-0801665,ACC-10097,CON-070294,LI-0502739,SW-OBS-110,238,2024-02-04,2029-02-04
ENT-0801666,ACC-10098,CON-070295,LI-0502740,SUP-PLA-DC,9,2022-06-01,2027-06-01
ENT-0801667,ACC-10098,CON-070295,LI-0502741,SW-SEC-110,882,2022-06-01,2027-06-01
ENT-0801668,ACC-10098,CON-070295,LI-0502743,SW-SEC-140,505,2022-06-01,2027-06-01
ENT-0801669,ACC-10098,CON-070295,LI-0502746,SUP-BRO-CORE,8,2022-06-01,2027-06-01
ENT-0801670,ACC-10098,CON-070296,LI-0502750,SW-NOC-110,235,2023-11-14,2028-11-14
ENT-0801671,ACC-10098,CON-070296,LI-0502754,SW-ZTN-110,571,2026-06-26,2028-11-14
ENT-0801672,ACC-10098,CON-070296,LI-0502755,SW-NOC-120,759,2023-11-14,2028-11-14
ENT-0801673,ACC-10099,CON-070297,LI-0502756,SUP-PLA-EDGE,1,2023-11-15,2025-11-15
ENT-0801674,ACC-10099,CON-070297,LI-0502758,SW-ZTN-110,50,2023-11-15,2025-11-15
ENT-0801675,ACC-10099,CON-070297,LI-0502759,SW-SDC-130,286,2023-11-15,2025-11-15
ENT-0801676,ACC-10099,CON-070297,LI-0502760,SUP-SIL-EDGE,1,2023-11-15,2025-11-15
ENT-0801677,ACC-10099,CON-070298,LI-0502761,SW-OBS-130,43,2024-08-11,2027-08-11
ENT-0801678,ACC-10099,CON-070298,LI-0502762,SUP-PLA-EDGE,2,2024-08-11,2027-08-11
ENT-0801679,ACC-10099,CON-070298,LI-0502763,SUP-PLA-DC,3,2024-08-11,2027-08-11
ENT-0801680,ACC-10099,CON-070298,LI-0502764,SUP-GOL-EDGE,4,2024-08-11,2027-08-11
ENT-0801681,ACC-10099,CON-070298,LI-0502765,SW-ZTN-140,187,2025-05-28,2027-08-11
ENT-0801682,ACC-10099,CON-070298,LI-0502766,SW-OBS-130,203,2024-08-11,2027-08-11
ENT-0801683,ACC-10100,CON-070299,LI-0502767,SUP-SIL-EDGE,11,2025-08-31,2028-08-28
ENT-0801684,ACC-10100,CON-070299,LI-0502770,SUP-BRO-CORE,1,2025-08-31,2028-08-28
ENT-0801685,ACC-10100,CON-070299,LI-0502771,SW-NOC-120,174,2025-08-31,2028-08-28
ENT-0801686,ACC-10100,CON-070299,LI-0502773,SW-SEC-140,785,2025-08-31,2028-08-28
ENT-0801687,ACC-10100,CON-070299,LI-0502779,SUP-PLA-DC,4,2025-08-31,2028-08-28
ENT-0801688,ACC-10100,CON-070299,LI-0502780,SW-SDC-130,533,2025-08-31,2028-08-28
ENT-0801689,ACC-10100,CON-070300,LI-0502781,SUP-BRO-CORE,3,2025-04-23,2027-04-23
ENT-0801690,ACC-10100,CON-070300,LI-0502782,SUP-PLA-EDGE,10,2025-04-23,2027-04-23
ENT-0801691,ACC-10100,CON-070300,LI-0502784,SW-ZTN-140,440,2025-04-23,2027-04-23
ENT-0801692,ACC-10100,CON-070301,LI-0502786,SUP-SIL-CORE,10,2024-01-07,2027-01-07
ENT-0801693,ACC-10100,CON-070301,LI-0502787,SUP-GOL-CORE,1,2026-06-07,2027-01-07
ENT-0801694,ACC-10100,CON-070301,LI-0502788,SW-SDC-120,488,2024-01-07,2027-01-07
ENT-0801695,ACC-10100,CON-070301,LI-0502790,SUP-SIL-CORE,2,2024-01-07,2027-01-07
ENT-0801696,ACC-10100,CON-070301,LI-0502791,SW-OBS-120,291,2024-01-07,2027-01-07
ENT-0801697,ACC-10100,CON-070301,LI-0502792,SW-NOC-130,777,2024-01-07,2027-01-07
ENT-0801698,ACC-10100,CON-070301,LI-0502794,SW-NOC-110,344,2024-01-07,2027-01-07
ENT-0801699,ACC-10100,CON-070301,LI-0502795,SW-OBS-130,79,2024-01-07,2027-01-07
ENT-0801700,ACC-10100,CON-070301,LI-0502796,SUP-SIL-EDGE,3,2024-01-07,2027-01-07
ENT-0801701,ACC-10101,CON-070302,LI-0502800,SW-ZTN-110,116,2022-03-21,2025-03-21
ENT-0801702,ACC-10102,CON-070303,LI-0502801,SW-SEC-130,449,2022-03-03,2023-03-03
ENT-0801703,ACC-10102,CON-070303,LI-0502803,SW-NOC-110,67,2022-03-03,2023-03-03
ENT-0801704,ACC-10102,CON-070303,LI-0502804,SW-SDC-140,79,2022-03-03,2023-03-03
ENT-0801705,ACC-10102,CON-070303,LI-0502806,SW-ZTN-140,1015,2022-03-03,2023-03-03
ENT-0801706,ACC-10102,CON-070303,LI-0502807,SW-SEC-120,168,2022-06-28,2023-03-03
ENT-0801707,ACC-10102,CON-070303,LI-0502808,SUP-BRO-CORE,9,2022-03-03,2023-03-03
ENT-0801708,ACC-10102,CON-070303,LI-0502809,SUP-BRO-CORE,10,2022-03-03,2023-03-03
ENT-0801709,ACC-10102,CON-070303,LI-0502810,SW-SDC-120,762,2022-03-03,2023-03-03
ENT-0801710,ACC-10102,CON-070304,LI-0502813,SW-ZTN-140,942,2023-06-11,2028-06-11
ENT-0801711,ACC-10102,CON-070304,LI-0502814,SW-SDC-140,703,2023-06-11,2028-06-11
ENT-0801712,ACC-10102,CON-070304,LI-0502815,SUP-PLA-EDGE,5,2023-06-11,2028-06-11
ENT-0801713,ACC-10102,CON-070304,LI-0502816,SW-ZTN-110,208,2023-06-11,2028-06-11
ENT-0801714,ACC-10103,CON-070305,LI-0502821,SUP-GOL-DC,7,2022-08-04,2025-08-04
ENT-0801715,ACC-10103,CON-070305,LI-0502823,SUP-BRO-DC,4,2022-08-04,2025-08-04
ENT-0801716,ACC-10103,CON-070306,LI-0502825,SW-NOC-120,168,2024-02-28,2027-02-28
ENT-0801717,ACC-10103,CON-070306,LI-0502826,SW-NOC-110,127,2024-02-28,2027-02-28
ENT-0801718,ACC-10103,CON-070306,LI-0502829,SW-OBS-140,161,2024-02-28,2027-02-28
ENT-0801719,ACC-10103,CON-070306,LI-0502830,SUP-PLA-EDGE,5,2024-02-28,2027-02-28
ENT-0801720,ACC-10103,CON-070306,LI-0502833,SW-OBS-110,517,2024-02-28,2027-02-28
ENT-0801721,ACC-10103,CON-070306,LI-0502834,SUP-SIL-DC,4,2024-02-28,2027-02-28
ENT-0801722,ACC-10103,CON-070306,LI-0502835,SW-SEC-120,212,2024-02-28,2027-02-28
ENT-0801723,ACC-10103,CON-070306,LI-0502836,SW-SDC-140,436,2024-02-28,2027-02-28
ENT-0801724,ACC-10104,CON-070307,LI-0502839,SW-SEC-140,385,2022-09-16,2025-09-16
ENT-0801725,ACC-10104,CON-070307,LI-0502840,SW-NOC-140,460,2022-09-16,2025-09-16
ENT-0801726,ACC-10104,CON-070307,LI-0502841,SW-SEC-110,297,2022-09-16,2025-09-16
ENT-0801727,ACC-10104,CON-070307,LI-0502842,SW-SDC-120,462,2022-09-16,2025-09-16
ENT-0801728,ACC-10105,CON-070308,LI-0502844,SUP-PLA-DC,5,2022-02-04,2023-02-04
ENT-0801729,ACC-10105,CON-070308,LI-0502846,SW-ZTN-110,493,2022-08-19,2023-02-04
ENT-0801730,ACC-10105,CON-070308,LI-0502847,SW-OBS-140,506,2022-02-04,2023-02-04
ENT-0801731,ACC-10105,CON-070308,LI-0502848,SW-ZTN-110,171,2022-02-04,2023-02-04
ENT-0801732,ACC-10105,CON-070308,LI-0502849,SUP-BRO-CORE,2,2022-02-04,2023-02-04
ENT-0801733,ACC-10105,CON-070309,LI-0502853,SW-SDC-120,449,2025-06-02,2030-06-02
ENT-0801734,ACC-10105,CON-070309,LI-0502854,SW-SEC-110,669,2025-06-02,2030-06-02
ENT-0801735,ACC-10105,CON-070309,LI-0502855,SUP-BRO-EDGE,1,2025-06-02,2030-06-02
ENT-0801736,ACC-10105,CON-070309,LI-0502856,SW-ZTN-120,622,2025-06-02,2030-06-02
ENT-0801737,ACC-10105,CON-070309,LI-0502859,SUP-BRO-DC,2,2025-06-02,2030-06-02
ENT-0801738,ACC-10105,CON-070309,LI-0502860,SUP-BRO-DC,3,2025-06-02,2030-06-02
ENT-0801739,ACC-10105,CON-070310,LI-0502862,SW-NOC-130,224,2024-03-11,2029-03-11
ENT-0801740,ACC-10105,CON-070310,LI-0502863,SW-OBS-110,147,2024-03-11,2029-03-11
ENT-0801741,ACC-10105,CON-070310,LI-0502864,SUP-BRO-CORE,8,2024-03-11,2029-03-11
ENT-0801742,ACC-10105,CON-070310,LI-0502867,SW-ZTN-110,300,2024-03-11,2029-03-11
ENT-0801743,ACC-10105,CON-070310,LI-0502868,SW-ZTN-140,444,2024-03-11,2029-03-11
ENT-0801744,ACC-10105,CON-070310,LI-0502870,SUP-GOL-DC,8,2024-03-11,2029-03-11
ENT-0801745,ACC-10105,CON-070310,LI-0502871,SW-NOC-130,699,2024-03-11,2029-03-11
ENT-0801746,ACC-10105,CON-070310,LI-0502872,SW-OBS-130,265,2024-03-11,2029-03-11
ENT-0801747,ACC-10105,CON-070311,LI-0502874,SUP-PLA-EDGE,2,2024-08-13,2027-08-13
ENT-0801748,ACC-10105,CON-070311,LI-0502876,SW-NOC-140,100,2024-08-13,2027-08-13
ENT-0801749,ACC-10105,CON-070311,LI-0502877,SW-ZTN-140,559,2024-08-13,2027-08-13
ENT-0801750,ACC-10105,CON-070311,LI-0502878,SW-SEC-140,618,2024-08-13,2027-08-13
ENT-0801751,ACC-10105,CON-070311,LI-0502879,SW-SDC-120,400,2025-01-27,2027-08-13
ENT-0801752,ACC-10105,CON-070311,LI-0502880,SUP-SIL-CORE,4,2024-08-13,2027-08-13
ENT-0801753,ACC-10105,CON-070311,LI-0502881,SW-ZTN-110,316,2024-08-13,2027-08-13
ENT-0801754,ACC-10105,CON-070311,LI-0502882,SW-OBS-110,342,2024-08-13,2027-08-13
ENT-0801755,ACC-10106,CON-070312,LI-0502885,SUP-PLA-CORE,8,2025-12-21,2026-09-25
ENT-0801756,ACC-10106,CON-070312,LI-0502887,SW-ZTN-130,143,2025-09-25,2026-09-25
ENT-0801757,ACC-10106,CON-070312,LI-0502888,SUP-SIL-EDGE,7,2025-09-25,2026-09-25
ENT-0801758,ACC-10106,CON-070312,LI-0502889,SW-ZTN-140,534,2025-09-25,2026-09-25
ENT-0801759,ACC-10106,CON-070312,LI-0502890,SUP-PLA-DC,1,2025-09-25,2026-09-25
ENT-0801760,ACC-10106,CON-070312,LI-0502891,SUP-GOL-CORE,9,2025-09-25,2026-09-25
ENT-0801761,ACC-10106,CON-070312,LI-0502893,SW-SDC-120,832,2025-09-25,2026-09-25
ENT-0801762,ACC-10106,CON-070312,LI-0502894,SW-SEC-130,709,2025-09-25,2026-09-25
ENT-0801763,ACC-10106,CON-070313,LI-0502895,SUP-SIL-CORE,7,2024-04-24,2027-04-24
ENT-0801764,ACC-10106,CON-070313,LI-0502896,SW-OBS-140,451,2024-04-24,2027-04-24
ENT-0801765,ACC-10106,CON-070313,LI-0502898,SW-NOC-120,418,2024-04-24,2027-04-24
ENT-0801766,ACC-10106,CON-070313,LI-0502899,SUP-PLA-CORE,5,2024-04-24,2027-04-24
ENT-0801767,ACC-10106,CON-070313,LI-0502901,SW-ZTN-120,806,2024-04-24,2027-04-24
ENT-0801768,ACC-10106,CON-070313,LI-0502902,SUP-GOL-EDGE,7,2024-04-24,2027-04-24
ENT-0801769,ACC-10106,CON-070313,LI-0502903,SUP-BRO-DC,9,2024-04-24,2027-04-24
ENT-0801770,ACC-10106,CON-070313,LI-0502905,SW-SEC-140,409,2024-04-24,2027-04-24
ENT-0801771,ACC-10107,CON-070314,LI-0502906,SUP-GOL-CORE,1,2023-10-03,2026-10-03
ENT-0801772,ACC-10107,CON-070314,LI-0502907,SUP-SIL-EDGE,3,2023-10-03,2026-10-03
ENT-0801773,ACC-10107,CON-070314,LI-0502908,SW-SDC-140,237,2023-10-03,2026-10-03
ENT-0801774,ACC-10107,CON-070314,LI-0502911,SW-NOC-140,135,2023-10-03,2026-10-03
ENT-0801775,ACC-10107,CON-070314,LI-0502912,SW-ZTN-110,459,2023-10-03,2026-10-03
ENT-0801776,ACC-10107,CON-070314,LI-0502914,SW-ZTN-120,128,2023-10-03,2026-10-03
ENT-0801777,ACC-10107,CON-070314,LI-0502915,SW-NOC-130,141,2023-10-03,2026-10-03
ENT-0801778,ACC-10107,CON-070314,LI-0502916,SW-ZTN-140,436,2023-10-03,2026-10-03
ENT-0801779,ACC-10108,CON-070315,LI-0502920,SW-SEC-140,646,2023-08-25,2024-08-25
ENT-0801780,ACC-10108,CON-070315,LI-0502921,SUP-SIL-EDGE,12,2023-08-25,2024-08-25
ENT-0801781,ACC-10108,CON-070315,LI-0502922,SW-OBS-110,68,2023-08-25,2024-08-25
ENT-0801782,ACC-10108,CON-070315,LI-0502926,SW-NOC-110,879,2023-08-25,2024-08-25
ENT-0801783,ACC-10108,CON-070315,LI-0502927,SW-SDC-130,606,2023-08-25,2024-08-25
ENT-0801784,ACC-10108,CON-070315,LI-0502928,SUP-PLA-EDGE,5,2023-08-25,2024-08-25
ENT-0801785,ACC-10108,CON-070315,LI-0502929,SW-ZTN-110,836,2023-08-25,2024-08-25
ENT-0801786,ACC-10108,CON-070315,LI-0502930,SUP-PLA-EDGE,9,2023-08-25,2024-08-25
ENT-0801787,ACC-10108,CON-070315,LI-0502931,SUP-PLA-DC,8,2023-08-25,2024-08-25
ENT-0801788,ACC-10108,CON-070316,LI-0502932,SW-OBS-130,781,2024-01-17,2025-01-17
ENT-0801789,ACC-10108,CON-070316,LI-0502933,SW-SEC-110,478,2024-01-17,2025-01-17
ENT-0801790,ACC-10108,CON-070316,LI-0502937,SUP-SIL-DC,2,2024-01-17,2025-01-17
ENT-0801791,ACC-10108,CON-070316,LI-0502938,SW-ZTN-140,348,2024-01-17,2025-01-17
ENT-0801792,ACC-10108,CON-070317,LI-0502940,SUP-GOL-CORE,13,2023-04-04,2025-04-04
ENT-0801793,ACC-10108,CON-070317,LI-0502942,SUP-BRO-DC,1,2023-04-04,2025-04-04
ENT-0801794,ACC-10108,CON-070317,LI-0502943,SUP-GOL-DC,1,2023-04-04,2025-04-04
ENT-0801795,ACC-10108,CON-070317,LI-0502944,SUP-GOL-CORE,4,2023-04-04,2025-04-04
ENT-0801796,ACC-10108,CON-070317,LI-0502945,SW-OBS-140,123,2023-04-04,2025-04-04
ENT-0801797,ACC-10108,CON-070317,LI-0502947,SUP-PLA-DC,1,2023-04-04,2025-04-04
ENT-0801798,ACC-10108,CON-070317,LI-0502948,SUP-GOL-CORE,9,2023-04-04,2025-04-04
ENT-0801799,ACC-10108,CON-070317,LI-0502949,SW-SEC-110,581,2023-04-04,2025-04-04
ENT-0801800,ACC-10108,CON-070318,LI-0502952,SUP-GOL-DC,13,2025-11-28,2028-11-28
ENT-0801801,ACC-10108,CON-070318,LI-0502953,SW-NOC-110,877,2028-03-09,2028-11-28
ENT-0801802,ACC-10108,CON-070318,LI-0502955,SUP-BRO-CORE,13,2025-11-28,2028-11-28
ENT-0801803,ACC-10108,CON-070318,LI-0502958,SW-ZTN-140,281,2025-11-28,2028-11-28
ENT-0801804,ACC-10108,CON-070318,LI-0502959,SUP-BRO-EDGE,10,2025-11-28,2028-11-28
ENT-0801805,ACC-10108,CON-070318,LI-0502961,SUP-GOL-EDGE,13,2025-11-28,2028-11-28
ENT-0801806,ACC-10108,CON-070318,LI-0502963,SW-SDC-140,224,2025-11-28,2028-11-28
ENT-0801807,ACC-10109,CON-070319,LI-0502964,SW-SDC-140,98,2024-05-31,2025-05-28
ENT-0801808,ACC-10109,CON-070319,LI-0502968,SUP-BRO-EDGE,8,2024-05-31,2025-05-28
ENT-0801809,ACC-10109,CON-070319,LI-0502969,SUP-GOL-DC,1,2024-05-31,2025-05-28
ENT-0801810,ACC-10109,CON-070319,LI-0502971,SW-NOC-110,24,2024-05-31,2025-05-28
ENT-0801811,ACC-10109,CON-070320,LI-0502972,SW-OBS-140,80,2025-03-09,2027-03-09
ENT-0801812,ACC-10109,CON-070320,LI-0502974,SW-SEC-120,482,2025-03-09,2027-03-09
ENT-0801813,ACC-10109,CON-070320,LI-0502975,SUP-SIL-DC,1,2025-03-09,2027-03-09
ENT-0801814,ACC-10109,CON-070320,LI-0502976,SW-SEC-110,537,2025-03-09,2027-03-09
ENT-0801815,ACC-10109,CON-070320,LI-0502978,SW-SEC-120,458,2025-03-09,2027-03-09
ENT-0801816,ACC-10109,CON-070320,LI-0502979,SUP-GOL-CORE,1,2025-03-09,2027-03-09
ENT-0801817,ACC-10109,CON-070320,LI-0502981,SUP-SIL-CORE,4,2025-03-09,2027-03-09
ENT-0801818,ACC-10109,CON-070321,LI-0502985,SW-SDC-130,121,2025-01-27,2030-01-27
ENT-0801819,ACC-10109,CON-070321,LI-0502986,SUP-BRO-CORE,5,2025-01-27,2030-01-27
ENT-0801820,ACC-10109,CON-070321,LI-0502987,SW-SEC-110,227,2025-01-27,2030-01-27
ENT-0801821,ACC-10109,CON-070321,LI-0502988,SUP-GOL-CORE,3,2025-01-27,2030-01-27
ENT-0801822,ACC-10109,CON-070321,LI-0502989,SUP-BRO-EDGE,5,2027-12-06,2030-01-27
ENT-0801823,ACC-10109,CON-070321,LI-0502990,SW-ZTN-130,106,2025-01-27,2030-01-27
ENT-0801824,ACC-10109,CON-070321,LI-0502992,SUP-GOL-DC,8,2025-01-27,2030-01-27
ENT-0801825,ACC-10110,CON-070322,LI-0502995,SW-SDC-120,598,2024-05-23,2025-05-23
ENT-0801826,ACC-10110,CON-070322,LI-0502996,SW-NOC-110,768,2024-05-23,2025-05-23
ENT-0801827,ACC-10110,CON-070322,LI-0502997,SUP-GOL-DC,11,2024-05-23,2025-05-23
ENT-0801828,ACC-10110,CON-070322,LI-0502998,SW-OBS-120,777,2024-05-23,2025-05-23
ENT-0801829,ACC-10110,CON-070322,LI-0502999,SW-OBS-120,1055,2024-05-23,2025-05-23
ENT-0801830,ACC-10110,CON-070322,LI-0503001,SUP-BRO-CORE,7,2024-05-23,2025-05-23
ENT-0801831,ACC-10110,CON-070322,LI-0503002,SUP-PLA-DC,14,2024-05-23,2025-05-23
ENT-0801832,ACC-10110,CON-070322,LI-0503003,SW-OBS-130,1136,2024-07-29,2025-05-23
ENT-0801833,ACC-10110,CON-070323,LI-0503006,SW-SEC-120,793,2022-04-18,2025-04-18
ENT-0801834,ACC-10110,CON-070323,LI-0503009,SW-NOC-130,1100,2022-04-18,2025-04-18
ENT-0801835,ACC-10110,CON-070323,LI-0503010,SW-SEC-130,886,2022-04-18,2025-04-18
ENT-0801836,ACC-10110,CON-070323,LI-0503015,SW-SEC-140,589,2022-04-18,2025-04-18
ENT-0801837,ACC-10110,CON-070323,LI-0503016,SW-SDC-110,101,2022-04-18,2025-04-18
ENT-0801838,ACC-10110,CON-070323,LI-0503017,SUP-PLA-EDGE,5,2022-04-18,2025-04-18
ENT-0801839,ACC-10110,CON-070323,LI-0503018,SW-OBS-110,665,2022-04-18,2025-04-18
ENT-0801840,ACC-10110,CON-070324,LI-0503019,SW-SDC-120,1063,2028-02-20,2028-08-28
ENT-0801841,ACC-10110,CON-070324,LI-0503021,SUP-SIL-EDGE,11,2025-08-31,2028-08-28
ENT-0801842,ACC-10110,CON-070324,LI-0503023,SW-NOC-120,1072,2025-08-31,2028-08-28
ENT-0801843,ACC-10110,CON-070324,LI-0503024,SW-SEC-110,1023,2025-08-31,2028-08-28
ENT-0801844,ACC-10110,CON-070324,LI-0503025,SUP-BRO-CORE,2,2025-08-31,2028-08-28
ENT-0801845,ACC-10110,CON-070324,LI-0503026,SUP-GOL-CORE,2,2025-08-31,2028-08-28
ENT-0801846,ACC-10111,CON-070325,LI-0503028,SW-ZTN-130,227,2025-11-24,2030-11-24
ENT-0801847,ACC-10111,CON-070325,LI-0503029,SUP-BRO-CORE,5,2025-11-24,2030-11-24
ENT-0801848,ACC-10111,CON-070325,LI-0503033,SW-NOC-140,108,2025-11-24,2030-11-24
ENT-0801849,ACC-10111,CON-070326,LI-0503037,SUP-GOL-DC,3,2022-03-26,2024-03-26
ENT-0801850,ACC-10111,CON-070326,LI-0503038,SW-OBS-130,53,2022-03-26,2024-03-26
ENT-0801851,ACC-10111,CON-070326,LI-0503040,SW-OBS-110,158,2022-03-26,2024-03-26
ENT-0801852,ACC-10111,CON-070326,LI-0503042,SUP-BRO-DC,3,2022-03-26,2024-03-26
ENT-0801853,ACC-10111,CON-070326,LI-0503043,SW-SEC-140,165,2022-03-26,2024-03-26
ENT-0801854,ACC-10111,CON-070326,LI-0503045,SW-SDC-130,38,2022-03-26,2024-03-26
ENT-0801855,ACC-10111,CON-070326,LI-0503046,SW-NOC-130,214,2022-03-26,2024-03-26
ENT-0801856,ACC-10111,CON-070326,LI-0503048,SW-ZTN-120,272,2022-07-30,2024-03-26
ENT-0801857,ACC-10111,CON-070326,LI-0503050,SUP-PLA-EDGE,2,2022-03-26,2024-03-26
ENT-0801858,ACC-10112,CON-070327,LI-0503051,SW-NOC-110,311,2026-04-30,2030-11-02
ENT-0801859,ACC-10112,CON-070327,LI-0503052,SW-SDC-110,454,2025-11-02,2030-11-02
ENT-0801860,ACC-10112,CON-070327,LI-0503056,SUP-GOL-CORE,7,2025-11-02,2030-11-02
ENT-0801861,ACC-10113,CON-070328,LI-0503061,SW-OBS-120,434,2025-06-08,2027-06-08
ENT-0801862,ACC-10113,CON-070328,LI-0503062,SUP-GOL-EDGE,3,2025-06-08,2027-06-08
ENT-0801863,ACC-10113,CON-070328,LI-0503064,SW-SEC-110,43,2025-06-08,2027-06-08
ENT-0801864,ACC-10113,CON-070328,LI-0503065,SW-ZTN-120,164,2025-06-08,2027-06-08
ENT-0801865,ACC-10114,CON-070329,LI-0503066,SW-SDC-120,200,2024-04-11,2025-04-11
ENT-0801866,ACC-10114,CON-070329,LI-0503067,SUP-GOL-CORE,2,2024-04-11,2025-04-11
ENT-0801867,ACC-10114,CON-070329,LI-0503068,SW-OBS-130,144,2024-04-11,2025-04-11
ENT-0801868,ACC-10114,CON-070329,LI-0503069,SUP-BRO-DC,3,2024-04-11,2025-04-11
ENT-0801869,ACC-10114,CON-070329,LI-0503070,SW-SEC-130,304,2024-04-11,2025-04-11
ENT-0801870,ACC-10114,CON-070329,LI-0503071,SW-SEC-130,311,2024-04-11,2025-04-11
ENT-0801871,ACC-10114,CON-070329,LI-0503072,SW-ZTN-140,160,2024-04-11,2025-04-11
ENT-0801872,ACC-10114,CON-070329,LI-0503073,SW-ZTN-120,178,2024-04-11,2025-04-11
ENT-0801873,ACC-10114,CON-070329,LI-0503074,SW-OBS-120,98,2024-04-11,2025-04-11
ENT-0801874,ACC-10114,CON-070329,LI-0503075,SUP-GOL-CORE,1,2024-04-11,2025-04-11
ENT-0801875,ACC-10114,CON-070330,LI-0503077,SW-ZTN-120,74,2025-07-01,2027-07-01
ENT-0801876,ACC-10114,CON-070330,LI-0503079,SW-SDC-130,19,2025-07-01,2027-07-01
ENT-0801877,ACC-10114,CON-070330,LI-0503080,SUP-GOL-EDGE,4,2025-07-01,2027-07-01
ENT-0801878,ACC-10114,CON-070330,LI-0503081,SW-OBS-110,318,2025-07-01,2027-07-01
ENT-0801879,ACC-10114,CON-070330,LI-0503082,SW-SEC-110,275,2025-07-01,2027-07-01
ENT-0801880,ACC-10114,CON-070330,LI-0503083,SW-SEC-130,72,2025-07-01,2027-07-01
ENT-0801881,ACC-10114,CON-070330,LI-0503085,SW-SEC-110,211,2025-07-01,2027-07-01
ENT-0801882,ACC-10115,CON-070331,LI-0503087,SW-NOC-120,232,2022-05-14,2027-05-14
ENT-0801883,ACC-10115,CON-070331,LI-0503089,SUP-BRO-DC,2,2022-05-14,2027-05-14
ENT-0801884,ACC-10116,CON-070332,LI-0503091,SUP-SIL-CORE,5,2025-12-11,2027-12-11
ENT-0801885,ACC-10116,CON-070332,LI-0503092,SW-ZTN-120,203,2025-12-11,2027-12-11
ENT-0801886,ACC-10116,CON-070332,LI-0503093,SW-SEC-110,207,2025-12-11,2027-12-11
ENT-0801887,ACC-10116,CON-070332,LI-0503094,SUP-GOL-DC,10,2025-12-11,2027-12-11
ENT-0801888,ACC-10116,CON-070332,LI-0503096,SW-OBS-110,789,2025-12-11,2027-12-11
ENT-0801889,ACC-10116,CON-070333,LI-0503097,SW-SDC-130,133,2025-09-21,2030-09-21
ENT-0801890,ACC-10116,CON-070333,LI-0503098,SW-SEC-110,448,2025-09-21,2030-09-21
ENT-0801891,ACC-10116,CON-070333,LI-0503099,SUP-GOL-CORE,3,2025-09-21,2030-09-21
ENT-0801892,ACC-10116,CON-070333,LI-0503100,SW-ZTN-130,787,2025-09-21,2030-09-21
ENT-0801893,ACC-10116,CON-070333,LI-0503101,SUP-SIL-DC,8,2025-09-21,2030-09-21
ENT-0801894,ACC-10116,CON-070333,LI-0503102,SW-SEC-120,521,2025-09-21,2030-09-21
ENT-0801895,ACC-10116,CON-070334,LI-0503104,SW-NOC-130,222,2025-03-06,2028-03-06
ENT-0801896,ACC-10116,CON-070334,LI-0503105,SUP-SIL-CORE,7,2025-03-06,2028-03-06
ENT-0801897,ACC-10116,CON-070334,LI-0503109,SUP-GOL-CORE,1,2025-03-06,2028-03-06
ENT-0801898,ACC-10116,CON-070334,LI-0503110,SUP-PLA-EDGE,7,2025-03-06,2028-03-06
ENT-0801899,ACC-10116,CON-070334,LI-0503111,SW-OBS-140,305,2025-03-06,2028-03-06
ENT-0801900,ACC-10117,CON-070335,LI-0503112,SUP-PLA-DC,2,2022-12-08,2025-12-08
ENT-0801901,ACC-10117,CON-070335,LI-0503113,SUP-GOL-EDGE,3,2025-03-14,2025-12-08
ENT-0801902,ACC-10117,CON-070335,LI-0503114,SUP-PLA-CORE,4,2022-12-08,2025-12-08
ENT-0801903,ACC-10117,CON-070335,LI-0503115,SUP-SIL-DC,4,2025-07-17,2025-12-08
ENT-0801904,ACC-10117,CON-070335,LI-0503118,SW-SDC-140,225,2022-12-08,2025-12-08
ENT-0801905,ACC-10118,CON-070336,LI-0503119,SUP-GOL-EDGE,5,2024-11-15,2029-11-15
ENT-0801906,ACC-10118,CON-070336,LI-0503121,SW-SEC-130,521,2024-11-15,2029-11-15
ENT-0801907,ACC-10118,CON-070336,LI-0503123,SW-NOC-130,702,2024-11-15,2029-11-15
ENT-0801908,ACC-10118,CON-070336,LI-0503125,SW-NOC-140,271,2024-11-15,2029-11-15
ENT-0801909,ACC-10118,CON-070336,LI-0503126,SUP-SIL-DC,1,2024-11-15,2029-11-15
ENT-0801910,ACC-10118,CON-070336,LI-0503128,SUP-BRO-CORE,1,2024-11-15,2029-11-15
ENT-0801911,ACC-10118,CON-070337,LI-0503132,SW-SEC-110,227,2025-06-18,2030-06-18
ENT-0801912,ACC-10118,CON-070338,LI-0503134,SW-SEC-130,75,2025-11-05,2027-11-05
ENT-0801913,ACC-10118,CON-070338,LI-0503135,SUP-GOL-EDGE,5,2025-11-05,2027-11-05
ENT-0801914,ACC-10118,CON-070338,LI-0503136,SW-SEC-130,508,2025-11-05,2027-11-05
ENT-0801915,ACC-10118,CON-070338,LI-0503137,SW-SDC-140,639,2025-11-05,2027-11-05
ENT-0801916,ACC-10118,CON-070338,LI-0503138,SUP-GOL-CORE,4,2025-11-05,2027-11-05
ENT-0801917,ACC-10118,CON-070338,LI-0503140,SW-ZTN-110,30,2025-11-05,2027-11-05
ENT-0801918,ACC-10119,CON-070339,LI-0503141,SUP-BRO-DC,3,2025-12-10,2026-12-10
ENT-0801919,ACC-10119,CON-070339,LI-0503143,SUP-PLA-CORE,6,2025-12-10,2026-12-10
ENT-0801920,ACC-10119,CON-070339,LI-0503144,SUP-GOL-EDGE,5,2025-12-10,2026-12-10
ENT-0801921,ACC-10119,CON-070339,LI-0503145,SW-SEC-130,299,2025-12-10,2026-12-10
ENT-0801922,ACC-10120,CON-070340,LI-0503151,SUP-PLA-CORE,1,2022-05-09,2025-05-09
ENT-0801923,ACC-10120,CON-070340,LI-0503152,SUP-SIL-DC,3,2022-05-09,2025-05-09
ENT-0801924,ACC-10120,CON-070340,LI-0503153,SW-NOC-130,201,2022-05-09,2025-05-09
ENT-0801925,ACC-10120,CON-070340,LI-0503155,SW-SDC-140,134,2022-05-09,2025-05-09
ENT-0801926,ACC-10120,CON-070340,LI-0503158,SUP-BRO-DC,1,2022-05-09,2025-05-09
ENT-0801927,ACC-10121,CON-070341,LI-0503160,SUP-PLA-DC,6,2024-04-05,2025-04-05
ENT-0801928,ACC-10121,CON-070341,LI-0503161,SW-NOC-110,160,2024-04-05,2025-04-05
ENT-0801929,ACC-10121,CON-070341,LI-0503162,SUP-GOL-EDGE,2,2024-04-05,2025-04-05
ENT-0801930,ACC-10121,CON-070341,LI-0503163,SUP-BRO-EDGE,6,2024-04-05,2025-04-05
ENT-0801931,ACC-10121,CON-070341,LI-0503164,SW-SEC-120,171,2024-04-05,2025-04-05
ENT-0801932,ACC-10121,CON-070341,LI-0503165,SW-SEC-120,236,2024-04-05,2025-04-05
ENT-0801933,ACC-10121,CON-070341,LI-0503167,SW-OBS-130,217,2024-09-12,2025-04-05
ENT-0801934,ACC-10121,CON-070342,LI-0503170,SW-SDC-120,180,2024-10-19,2025-10-19
ENT-0801935,ACC-10121,CON-070342,LI-0503173,SW-SDC-140,620,2024-10-19,2025-10-19
ENT-0801936,ACC-10121,CON-070342,LI-0503178,SUP-PLA-EDGE,1,2024-10-19,2025-10-19
ENT-0801937,ACC-10121,CON-070342,LI-0503179,SUP-GOL-DC,4,2024-10-19,2025-10-19
ENT-0801938,ACC-10121,CON-070343,LI-0503180,SW-ZTN-130,488,2022-09-20,2025-09-20
ENT-0801939,ACC-10121,CON-070343,LI-0503182,SUP-SIL-EDGE,3,2022-09-20,2025-09-20
ENT-0801940,ACC-10121,CON-070343,LI-0503184,SW-SDC-140,299,2022-09-20,2025-09-20
ENT-0801941,ACC-10122,CON-070344,LI-0503189,SUP-BRO-CORE,5,2023-10-04,2025-10-04
ENT-0801942,ACC-10122,CON-070344,LI-0503190,SUP-PLA-EDGE,4,2023-10-04,2025-10-04
ENT-0801943,ACC-10122,CON-070344,LI-0503192,SW-OBS-110,69,2023-10-04,2025-10-04
ENT-0801944,ACC-10122,CON-070344,LI-0503194,SW-OBS-110,561,2023-10-04,2025-10-04
ENT-0801945,ACC-10122,CON-070344,LI-0503196,SUP-PLA-CORE,1,2023-10-04,2025-10-04
ENT-0801946,ACC-10122,CON-070344,LI-0503198,SW-OBS-110,262,2023-10-04,2025-10-04
ENT-0801947,ACC-10122,CON-070344,LI-0503199,SUP-SIL-DC,7,2023-10-04,2025-10-04
ENT-0801948,ACC-10122,CON-070344,LI-0503200,SW-SEC-130,511,2023-10-04,2025-10-04
ENT-0801949,ACC-10122,CON-070345,LI-0503202,SUP-GOL-EDGE,5,2022-05-05,2025-05-05
ENT-0801950,ACC-10122,CON-070345,LI-0503205,SW-NOC-110,515,2022-05-05,2025-05-05
ENT-0801951,ACC-10122,CON-070345,LI-0503206,SUP-GOL-EDGE,1,2022-05-05,2025-05-05
ENT-0801952,ACC-10122,CON-070345,LI-0503207,SUP-BRO-DC,5,2022-05-05,2025-05-05
ENT-0801953,ACC-10123,CON-070346,LI-0503209,SUP-PLA-EDGE,10,2022-08-09,2023-08-09
ENT-0801954,ACC-10123,CON-070346,LI-0503210,SW-ZTN-130,203,2022-08-09,2023-08-09
ENT-0801955,ACC-10123,CON-070346,LI-0503213,SUP-SIL-DC,9,2022-08-09,2023-08-09
ENT-0801956,ACC-10123,CON-070346,LI-0503214,SUP-PLA-CORE,9,2022-08-09,2023-08-09
ENT-0801957,ACC-10123,CON-070346,LI-0503215,SW-SDC-110,270,2022-08-09,2023-08-09
ENT-0801958,ACC-10123,CON-070347,LI-0503218,SUP-PLA-DC,3,2023-10-26,2028-10-26
ENT-0801959,ACC-10123,CON-070348,LI-0503229,SUP-BRO-EDGE,5,2025-02-16,2028-02-16
ENT-0801960,ACC-10123,CON-070348,LI-0503231,SW-SEC-140,236,2025-02-16,2028-02-16
ENT-0801961,ACC-10123,CON-070348,LI-0503232,SW-SEC-110,701,2025-02-16,2028-02-16
ENT-0801962,ACC-10124,CON-070349,LI-0503233,SW-NOC-110,219,2023-08-17,2025-08-17
ENT-0801963,ACC-10124,CON-070349,LI-0503234,SW-SDC-120,182,2023-08-17,2025-08-17
ENT-0801964,ACC-10124,CON-070349,LI-0503236,SW-ZTN-130,163,2024-01-06,2025-08-17
ENT-0801965,ACC-10124,CON-070349,LI-0503237,SW-ZTN-130,124,2023-08-17,2025-08-17
ENT-0801966,ACC-10124,CON-070349,LI-0503238,SUP-BRO-DC,2,2023-08-17,2025-08-17
ENT-0801967,ACC-10124,CON-070349,LI-0503241,SW-OBS-140,169,2023-08-17,2025-08-17
ENT-0801968,ACC-10124,CON-070349,LI-0503242,SUP-SIL-EDGE,3,2023-08-17,2025-08-17
ENT-0801969,ACC-10124,CON-070349,LI-0503243,SUP-SIL-EDGE,1,2023-08-17,2025-08-17
ENT-0801970,ACC-10124,CON-070350,LI-0503245,SUP-PLA-CORE,2,2023-08-08,2025-08-08
ENT-0801971,ACC-10124,CON-070350,LI-0503248,SUP-SIL-EDGE,1,2023-08-08,2025-08-08
ENT-0801972,ACC-10124,CON-070350,LI-0503250,SW-ZTN-130,103,2023-08-08,2025-08-08
ENT-0801973,ACC-10124,CON-070350,LI-0503251,SW-NOC-120,213,2023-08-08,2025-08-08
ENT-0801974,ACC-10124,CON-070350,LI-0503252,SUP-PLA-EDGE,1,2023-08-08,2025-08-08
ENT-0801975,ACC-10124,CON-070350,LI-0503253,SUP-BRO-EDGE,1,2024-04-09,2025-08-08
ENT-0801976,ACC-10124,CON-070350,LI-0503254,SW-OBS-130,73,2023-08-08,2025-08-08
ENT-0801977,ACC-10125,CON-070351,LI-0503257,SUP-PLA-CORE,3,2025-05-17,2027-05-17
ENT-0801978,ACC-10125,CON-070351,LI-0503258,SUP-BRO-CORE,1,2025-05-17,2027-05-17
ENT-0801979,ACC-10125,CON-070351,LI-0503259,SW-ZTN-140,60,2025-05-17,2027-05-17
ENT-0801980,ACC-10125,CON-070351,LI-0503260,SW-OBS-110,19,2025-05-17,2027-05-17
ENT-0801981,ACC-10125,CON-070352,LI-0503261,SUP-BRO-EDGE,4,2022-11-23,2027-11-23
ENT-0801982,ACC-10125,CON-070352,LI-0503262,SW-SEC-130,362,2022-11-23,2027-11-23
ENT-0801983,ACC-10125,CON-070352,LI-0503263,SW-OBS-140,80,2022-11-23,2027-11-23
ENT-0801984,ACC-10125,CON-070352,LI-0503264,SW-NOC-110,260,2022-11-23,2027-11-23
ENT-0801985,ACC-10125,CON-070352,LI-0503265,SW-NOC-140,264,2022-11-23,2027-11-23
ENT-0801986,ACC-10126,CON-070353,LI-0503266,SW-NOC-110,184,2025-07-27,2028-07-27
ENT-0801987,ACC-10126,CON-070353,LI-0503268,SUP-GOL-CORE,3,2025-07-27,2028-07-27
ENT-0801988,ACC-10126,CON-070353,LI-0503270,SUP-GOL-CORE,1,2025-07-27,2028-07-27
ENT-0801989,ACC-10126,CON-070353,LI-0503272,SUP-GOL-EDGE,2,2027-02-16,2028-07-27
ENT-0801990,ACC-10126,CON-070353,LI-0503273,SW-SDC-120,180,2025-07-27,2028-07-27
ENT-0801991,ACC-10126,CON-070353,LI-0503274,SUP-BRO-EDGE,3,2025-07-27,2028-07-27
ENT-0801992,ACC-10126,CON-070353,LI-0503276,SUP-SIL-CORE,1,2025-07-27,2028-07-27
ENT-0801993,ACC-10126,CON-070353,LI-0503277,SW-SEC-130,107,2026-06-30,2028-07-27
ENT-0801994,ACC-10127,CON-070354,LI-0503281,SUP-BRO-EDGE,5,2025-12-10,2027-12-10
ENT-0801995,ACC-10127,CON-070354,LI-0503282,SUP-PLA-EDGE,6,2025-12-10,2027-12-10
ENT-0801996,ACC-10127,CON-070354,LI-0503283,SUP-GOL-CORE,10,2025-12-10,2027-12-10
ENT-0801997,ACC-10127,CON-070354,LI-0503284,SW-OBS-140,881,2025-12-10,2027-12-10
ENT-0801998,ACC-10127,CON-070354,LI-0503286,SW-OBS-140,505,2025-12-10,2027-12-10
ENT-0801999,ACC-10127,CON-070354,LI-0503287,SW-SDC-110,465,2025-12-10,2027-12-10
ENT-0802000,ACC-10127,CON-070354,LI-0503289,SW-SDC-140,821,2025-12-10,2027-12-10
ENT-0802001,ACC-10127,CON-070355,LI-0503291,SW-SDC-130,557,2023-11-13,2026-11-13
ENT-0802002,ACC-10127,CON-070355,LI-0503293,SUP-PLA-CORE,3,2023-11-13,2026-11-13
ENT-0802003,ACC-10127,CON-070355,LI-0503294,SW-ZTN-120,770,2023-11-13,2026-11-13
ENT-0802004,ACC-10127,CON-070355,LI-0503295,SUP-BRO-DC,11,2023-11-13,2026-11-13
ENT-0802005,ACC-10127,CON-070355,LI-0503297,SW-SDC-120,159,2023-11-13,2026-11-13
ENT-0802006,ACC-10127,CON-070355,LI-0503298,SW-ZTN-120,76,2023-11-13,2026-11-13
ENT-0802007,ACC-10127,CON-070355,LI-0503299,SW-ZTN-130,33,2023-11-13,2026-11-13
ENT-0802008,ACC-10127,CON-070356,LI-0503300,SW-OBS-130,602,2022-12-04,2024-12-04
ENT-0802009,ACC-10127,CON-070356,LI-0503301,SUP-PLA-DC,6,2022-12-04,2024-12-04
ENT-0802010,ACC-10127,CON-070356,LI-0503302,SUP-GOL-EDGE,10,2022-12-04,2024-12-04
ENT-0802011,ACC-10127,CON-070356,LI-0503305,SW-NOC-140,293,2022-12-04,2024-12-04
ENT-0802012,ACC-10128,CON-070357,LI-0503307,SW-SEC-140,436,2022-05-28,2025-05-28
ENT-0802013,ACC-10128,CON-070357,LI-0503311,SW-NOC-130,50,2022-05-28,2025-05-28
ENT-0802014,ACC-10129,CON-070358,LI-0503315,SUP-BRO-EDGE,9,2024-09-06,2027-09-06
ENT-0802015,ACC-10129,CON-070358,LI-0503316,SW-SDC-140,412,2024-09-06,2027-09-06
ENT-0802016,ACC-10129,CON-070358,LI-0503322,SW-SDC-140,132,2024-09-06,2027-09-06
ENT-0802017,ACC-10129,CON-070358,LI-0503323,SUP-GOL-DC,2,2024-09-06,2027-09-06
ENT-0802018,ACC-10129,CON-070358,LI-0503327,SW-ZTN-120,872,2024-09-06,2027-09-06
ENT-0802019,ACC-10129,CON-070359,LI-0503328,SW-ZTN-130,838,2022-07-14,2027-07-14
ENT-0802020,ACC-10129,CON-070359,LI-0503329,SW-ZTN-110,562,2022-07-14,2027-07-14
ENT-0802021,ACC-10129,CON-070359,LI-0503330,SW-SEC-120,584,2022-07-14,2027-07-14
ENT-0802022,ACC-10129,CON-070359,LI-0503333,SUP-SIL-CORE,11,2022-07-14,2027-07-14
ENT-0802023,ACC-10129,CON-070360,LI-0503335,SW-SDC-120,160,2024-07-14,2026-07-14
ENT-0802024,ACC-10129,CON-070360,LI-0503336,SW-NOC-130,267,2024-07-14,2026-07-14
ENT-0802025,ACC-10129,CON-070360,LI-0503337,SUP-SIL-EDGE,1,2024-07-14,2026-07-14
ENT-0802026,ACC-10129,CON-070360,LI-0503339,SUP-SIL-EDGE,7,2024-07-14,2026-07-14
ENT-0802027,ACC-10129,CON-070361,LI-0503340,SUP-BRO-CORE,3,2024-06-29,2027-06-28
ENT-0802028,ACC-10129,CON-070361,LI-0503341,SW-ZTN-140,704,2026-01-18,2027-06-28
ENT-0802029,ACC-10129,CON-070361,LI-0503342,SW-OBS-140,867,2024-06-29,2027-06-28
ENT-0802030,ACC-10129,CON-070361,LI-0503343,SUP-PLA-DC,10,2024-06-29,2027-06-28
ENT-0802031,ACC-10129,CON-070361,LI-0503344,SUP-SIL-DC,10,2024-06-29,2027-06-28
ENT-0802032,ACC-10130,CON-070362,LI-0503345,SUP-BRO-CORE,2,2024-05-14,2027-05-14
ENT-0802033,ACC-10130,CON-070362,LI-0503346,SUP-PLA-CORE,6,2024-05-14,2027-05-14
ENT-0802034,ACC-10130,CON-070362,LI-0503348,SUP-BRO-DC,2,2024-10-09,2027-05-14
ENT-0802035,ACC-10130,CON-070362,LI-0503349,SUP-PLA-EDGE,3,2024-05-14,2027-05-14
ENT-0802036,ACC-10130,CON-070363,LI-0503350,SUP-GOL-DC,5,2025-01-23,2030-01-23
ENT-0802037,ACC-10130,CON-070363,LI-0503351,SW-SEC-120,711,2025-01-23,2030-01-23
ENT-0802038,ACC-10130,CON-070363,LI-0503352,SW-ZTN-120,74,2025-01-23,2030-01-23
ENT-0802039,ACC-10130,CON-070363,LI-0503353,SW-SEC-110,380,2025-01-23,2030-01-23
ENT-0802040,ACC-10130,CON-070363,LI-0503354,SW-SDC-110,41,2025-01-23,2030-01-23
ENT-0802041,ACC-10130,CON-070363,LI-0503355,SUP-GOL-DC,1,2025-01-23,2030-01-23
ENT-0802042,ACC-10130,CON-070363,LI-0503356,SUP-PLA-CORE,5,2025-01-23,2030-01-23
ENT-0802043,ACC-10130,CON-070363,LI-0503357,SW-NOC-110,383,2025-01-23,2030-01-23
ENT-0802044,ACC-10130,CON-070364,LI-0503361,SUP-GOL-DC,10,2023-01-22,2028-01-22
ENT-0802045,ACC-10130,CON-070364,LI-0503363,SW-ZTN-110,198,2023-01-22,2028-01-22
ENT-0802046,ACC-10130,CON-070364,LI-0503365,SW-NOC-130,692,2023-01-22,2028-01-22
ENT-0802047,ACC-10130,CON-070364,LI-0503366,SW-SDC-120,761,2023-01-22,2028-01-22
ENT-0802048,ACC-10130,CON-070364,LI-0503367,SW-SEC-140,335,2023-01-22,2028-01-22
ENT-0802049,ACC-10130,CON-070364,LI-0503368,SUP-GOL-EDGE,1,2023-01-22,2028-01-22
ENT-0802050,ACC-10130,CON-070364,LI-0503371,SW-SEC-140,906,2023-01-22,2028-01-22
ENT-0802051,ACC-10131,CON-070365,LI-0503373,SUP-GOL-EDGE,4,2025-06-16,2029-12-03
ENT-0802052,ACC-10131,CON-070365,LI-0503374,SW-ZTN-120,46,2024-12-03,2029-12-03
ENT-0802053,ACC-10131,CON-070365,LI-0503375,SW-SEC-110,286,2026-08-23,2029-12-03
ENT-0802054,ACC-10131,CON-070365,LI-0503377,SUP-SIL-DC,2,2024-12-03,2029-12-03
ENT-0802055,ACC-10132,CON-070366,LI-0503378,SUP-PLA-DC,5,2024-03-01,2027-03-01
ENT-0802056,ACC-10132,CON-070366,LI-0503379,SW-ZTN-140,354,2024-03-01,2027-03-01
ENT-0802057,ACC-10132,CON-070366,LI-0503387,SW-OBS-140,187,2024-03-01,2027-03-01
ENT-0802058,ACC-10132,CON-070366,LI-0503388,SUP-SIL-DC,5,2024-03-01,2027-03-01
ENT-0802059,ACC-10132,CON-070366,LI-0503389,SUP-SIL-CORE,2,2024-03-01,2027-03-01
ENT-0802060,ACC-10132,CON-070366,LI-0503390,SUP-PLA-CORE,2,2024-03-01,2027-03-01
ENT-0802061,ACC-10132,CON-070367,LI-0503392,SW-OBS-130,130,2025-11-10,2030-11-10
ENT-0802062,ACC-10132,CON-070367,LI-0503393,SW-ZTN-130,309,2025-11-10,2030-11-10
ENT-0802063,ACC-10132,CON-070367,LI-0503394,SUP-PLA-DC,2,2025-11-10,2030-11-10
ENT-0802064,ACC-10132,CON-070367,LI-0503398,SW-SDC-140,421,2025-11-10,2030-11-10
ENT-0802065,ACC-10132,CON-070367,LI-0503399,SUP-PLA-EDGE,4,2025-11-10,2030-11-10
ENT-0802066,ACC-10132,CON-070367,LI-0503403,SW-NOC-110,51,2025-11-10,2030-11-10
ENT-0802067,ACC-10133,CON-070368,LI-0503405,SUP-SIL-CORE,1,2024-05-11,2027-05-11
ENT-0802068,ACC-10133,CON-070368,LI-0503407,SW-SDC-120,233,2024-05-11,2027-05-11
ENT-0802069,ACC-10133,CON-070369,LI-0503412,SUP-BRO-EDGE,1,2025-09-14,2030-09-14
ENT-0802070,ACC-10133,CON-070369,LI-0503415,SW-SEC-140,365,2025-09-14,2030-09-14
ENT-0802071,ACC-10133,CON-070369,LI-0503417,SW-SEC-140,100,2029-02-21,2030-09-14
ENT-0802072,ACC-10133,CON-070369,LI-0503419,SW-SDC-110,129,2025-09-14,2030-09-14
ENT-0802073,ACC-10133,CON-070369,LI-0503420,SW-NOC-110,105,2025-09-14,2030-09-14
ENT-0802074,ACC-10133,CON-070369,LI-0503421,SUP-PLA-DC,5,2025-09-14,2030-09-14
ENT-0802075,ACC-10133,CON-070369,LI-0503423,SW-SEC-140,245,2025-09-14,2030-09-14
ENT-0802076,ACC-10134,CON-070370,LI-0503425,SW-ZTN-130,502,2023-05-05,2025-05-05
ENT-0802077,ACC-10134,CON-070370,LI-0503426,SUP-GOL-CORE,3,2023-05-05,2025-05-05
ENT-0802078,ACC-10134,CON-070370,LI-0503429,SW-SDC-110,513,2023-05-05,2025-05-05
ENT-0802079,ACC-10134,CON-070370,LI-0503430,SUP-BRO-EDGE,7,2023-05-05,2025-05-05
ENT-0802080,ACC-10134,CON-070370,LI-0503431,SW-SEC-130,561,2023-05-05,2025-05-05
ENT-0802081,ACC-10134,CON-070370,LI-0503433,SW-SDC-140,427,2023-05-05,2025-05-05
ENT-0802082,ACC-10134,CON-070370,LI-0503434,SW-SDC-130,507,2023-05-05,2025-05-05
ENT-0802083,ACC-10134,CON-070371,LI-0503435,SUP-GOL-EDGE,2,2025-05-15,2028-05-15
ENT-0802084,ACC-10134,CON-070371,LI-0503436,SUP-SIL-EDGE,3,2025-05-15,2028-05-15
ENT-0802085,ACC-10134,CON-070371,LI-0503437,SW-SDC-110,239,2025-05-15,2028-05-15
ENT-0802086,ACC-10134,CON-070371,LI-0503438,SW-OBS-120,205,2025-05-15,2028-05-15
ENT-0802087,ACC-10134,CON-070371,LI-0503440,SW-ZTN-130,215,2025-05-15,2028-05-15
ENT-0802088,ACC-10134,CON-070371,LI-0503441,SUP-BRO-CORE,6,2025-05-15,2028-05-15
ENT-0802089,ACC-10134,CON-070371,LI-0503442,SUP-BRO-EDGE,5,2025-05-15,2028-05-15
ENT-0802090,ACC-10134,CON-070371,LI-0503444,SW-SDC-130,360,2025-05-15,2028-05-15
ENT-0802091,ACC-10134,CON-070371,LI-0503445,SW-OBS-110,299,2025-05-15,2028-05-15
ENT-0802092,ACC-10134,CON-070371,LI-0503446,SW-OBS-140,228,2025-05-15,2028-05-15
ENT-0802093,ACC-10134,CON-070371,LI-0503447,SW-SEC-120,195,2025-05-15,2028-05-15
ENT-0802094,ACC-10134,CON-070372,LI-0503449,SUP-BRO-CORE,7,2023-04-14,2026-04-14
ENT-0802095,ACC-10134,CON-070372,LI-0503450,SW-NOC-120,220,2023-04-14,2026-04-14
ENT-0802096,ACC-10134,CON-070372,LI-0503453,SUP-BRO-DC,3,2023-04-14,2026-04-14
ENT-0802097,ACC-10134,CON-070372,LI-0503454,SW-SEC-120,438,2023-04-14,2026-04-14
ENT-0802098,ACC-10135,CON-070373,LI-0503455,SUP-BRO-DC,1,2025-05-08,2027-08-21
ENT-0802099,ACC-10135,CON-070373,LI-0503459,SUP-GOL-CORE,3,2024-08-21,2027-08-21
ENT-0802100,ACC-10135,CON-070373,LI-0503460,SW-SEC-120,80,2024-08-21,2027-08-21
ENT-0802101,ACC-10135,CON-070373,LI-0503464,SUP-BRO-EDGE,3,2024-08-21,2027-08-21
ENT-0802102,ACC-10136,CON-070374,LI-0503465,SW-ZTN-130,130,2025-06-01,2026-06-01
ENT-0802103,ACC-10136,CON-070374,LI-0503466,SUP-GOL-CORE,1,2025-06-01,2026-06-01
ENT-0802104,ACC-10136,CON-070374,LI-0503468,SUP-PLA-EDGE,1,2025-06-01,2026-06-01
ENT-0802105,ACC-10136,CON-070374,LI-0503469,SW-SDC-110,69,2025-11-25,2026-06-01
ENT-0802106,ACC-10136,CON-070374,LI-0503471,SW-SDC-110,247,2025-06-01,2026-06-01
ENT-0802107,ACC-10136,CON-070374,LI-0503473,SUP-PLA-CORE,3,2025-06-01,2026-06-01
ENT-0802108,ACC-10137,CON-070375,LI-0503475,SUP-BRO-EDGE,5,2022-12-08,2023-12-08
ENT-0802109,ACC-10137,CON-070375,LI-0503476,SW-OBS-140,478,2022-12-08,2023-12-08
ENT-0802110,ACC-10137,CON-070375,LI-0503477,SUP-GOL-EDGE,10,2022-12-08,2023-12-08
ENT-0802111,ACC-10137,CON-070375,LI-0503478,SUP-SIL-DC,1,2022-12-08,2023-12-08
ENT-0802112,ACC-10137,CON-070375,LI-0503479,SW-SEC-130,1149,2023-05-28,2023-12-08
ENT-0802113,ACC-10137,CON-070375,LI-0503480,SW-SEC-110,703,2022-12-08,2023-12-08
ENT-0802114,ACC-10137,CON-070375,LI-0503484,SW-OBS-110,758,2022-12-08,2023-12-08
ENT-0802115,ACC-10137,CON-070375,LI-0503485,SUP-PLA-DC,11,2022-12-08,2023-12-08
ENT-0802116,ACC-10137,CON-070376,LI-0503486,SW-SEC-140,252,2024-05-01,2025-05-01
ENT-0802117,ACC-10137,CON-070376,LI-0503489,SW-SDC-110,1005,2024-05-01,2025-05-01
ENT-0802118,ACC-10137,CON-070377,LI-0503491,SW-NOC-130,558,2023-12-28,2028-12-28
ENT-0802119,ACC-10137,CON-070377,LI-0503492,SW-OBS-120,787,2023-12-28,2028-12-28
ENT-0802120,ACC-10137,CON-070377,LI-0503493,SW-NOC-140,252,2023-12-28,2028-12-28
ENT-0802121,ACC-10137,CON-070377,LI-0503494,SW-ZTN-120,436,2027-01-04,2028-12-28
ENT-0802122,ACC-10137,CON-070377,LI-0503495,SW-SEC-130,971,2023-12-28,2028-12-28
ENT-0802123,ACC-10137,CON-070377,LI-0503496,SW-NOC-110,701,2023-12-28,2028-12-28
ENT-0802124,ACC-10137,CON-070377,LI-0503497,SUP-PLA-EDGE,11,2023-12-28,2028-12-28
ENT-0802125,ACC-10137,CON-070377,LI-0503498,SW-OBS-130,458,2023-12-28,2028-12-28
ENT-0802126,ACC-10137,CON-070377,LI-0503499,SW-ZTN-110,904,2023-12-28,2028-12-28
ENT-0802127,ACC-10137,CON-070377,LI-0503500,SW-SDC-130,759,2023-12-28,2028-12-28
ENT-0802128,ACC-10137,CON-070377,LI-0503501,SUP-GOL-DC,1,2023-12-28,2028-12-28
ENT-0802129,ACC-10137,CON-070378,LI-0503502,SW-NOC-130,263,2025-03-05,2027-03-05
ENT-0802130,ACC-10137,CON-070378,LI-0503503,SUP-GOL-EDGE,8,2025-03-05,2027-03-05
ENT-0802131,ACC-10137,CON-070378,LI-0503505,SW-OBS-110,249,2025-03-05,2027-03-05
ENT-0802132,ACC-10137,CON-070378,LI-0503508,SW-NOC-120,485,2025-09-17,2027-03-05
ENT-0802133,ACC-10137,CON-070378,LI-0503509,SUP-SIL-EDGE,10,2025-03-05,2027-03-05
ENT-0802134,ACC-10137,CON-070378,LI-0503511,SUP-BRO-DC,10,2025-03-05,2027-03-05
ENT-0802135,ACC-10137,CON-070378,LI-0503512,SW-OBS-110,347,2025-07-10,2027-03-05
ENT-0802136,ACC-10137,CON-070378,LI-0503513,SUP-BRO-DC,1,2025-03-05,2027-03-05
ENT-0802137,ACC-10138,CON-070379,LI-0503514,SW-SDC-140,151,2022-12-06,2024-12-06
ENT-0802138,ACC-10138,CON-070379,LI-0503515,SUP-GOL-CORE,6,2022-12-06,2024-12-06
ENT-0802139,ACC-10138,CON-070379,LI-0503516,SUP-SIL-DC,8,2022-12-06,2024-12-06
ENT-0802140,ACC-10138,CON-070379,LI-0503519,SUP-GOL-DC,3,2022-12-06,2024-12-06
ENT-0802141,ACC-10138,CON-070379,LI-0503520,SW-ZTN-130,598,2022-12-06,2024-12-06
ENT-0802142,ACC-10138,CON-070379,LI-0503522,SW-NOC-110,504,2022-12-06,2024-12-06
ENT-0802143,ACC-10138,CON-070379,LI-0503523,SUP-SIL-DC,9,2022-12-06,2024-12-06
ENT-0802144,ACC-10138,CON-070379,LI-0503524,SW-SDC-110,82,2022-12-06,2024-12-06
ENT-0802145,ACC-10138,CON-070379,LI-0503527,SUP-SIL-EDGE,4,2022-12-06,2024-12-06
ENT-0802146,ACC-10138,CON-070380,LI-0503528,SW-ZTN-110,425,2025-11-29,2028-11-28
ENT-0802147,ACC-10138,CON-070380,LI-0503530,SUP-SIL-CORE,2,2025-11-29,2028-11-28
ENT-0802148,ACC-10138,CON-070380,LI-0503533,SW-NOC-120,506,2025-11-29,2028-11-28
ENT-0802149,ACC-10138,CON-070380,LI-0503534,SW-SDC-120,195,2025-11-29,2028-11-28
ENT-0802150,ACC-10138,CON-070380,LI-0503535,SW-NOC-110,393,2025-11-29,2028-11-28
ENT-0802151,ACC-10138,CON-070380,LI-0503536,SUP-BRO-CORE,5,2025-11-29,2028-11-28
ENT-0802152,ACC-10138,CON-070380,LI-0503538,SW-SDC-110,673,2025-11-29,2028-11-28
ENT-0802153,ACC-10139,CON-070381,LI-0503541,SUP-BRO-CORE,1,2025-05-09,2028-05-09
ENT-0802154,ACC-10139,CON-070381,LI-0503546,SW-NOC-120,75,2025-05-09,2028-05-09
ENT-0802155,ACC-10139,CON-070381,LI-0503548,SW-OBS-140,330,2025-05-09,2028-05-09
ENT-0802156,ACC-10140,CON-070382,LI-0503549,SW-NOC-130,30,2022-03-21,2025-03-21
ENT-0802157,ACC-10140,CON-070382,LI-0503551,SW-SDC-110,245,2022-03-21,2025-03-21
ENT-0802158,ACC-10140,CON-070382,LI-0503554,SUP-SIL-CORE,1,2022-03-21,2025-03-21
ENT-0802159,ACC-10140,CON-070382,LI-0503556,SW-ZTN-110,57,2022-03-21,2025-03-21
ENT-0802160,ACC-10140,CON-070382,LI-0503557,SUP-SIL-EDGE,2,2024-10-08,2025-03-21
ENT-0802161,ACC-10140,CON-070382,LI-0503559,SW-SDC-140,226,2022-03-21,2025-03-21
ENT-0802162,ACC-10140,CON-070382,LI-0503560,SUP-GOL-DC,2,2022-03-21,2025-03-21
ENT-0802163,ACC-10140,CON-070383,LI-0503562,SUP-SIL-DC,1,2023-09-26,2025-09-26
ENT-0802164,ACC-10140,CON-070383,LI-0503563,SW-SEC-110,346,2023-09-26,2025-09-26
ENT-0802165,ACC-10140,CON-070383,LI-0503567,SUP-SIL-CORE,2,2023-09-26,2025-09-26
ENT-0802166,ACC-10140,CON-070383,LI-0503568,SW-ZTN-130,125,2023-09-26,2025-09-26
ENT-0802167,ACC-10140,CON-070383,LI-0503571,SW-SEC-130,236,2023-09-26,2025-09-26
ENT-0802168,ACC-10140,CON-070383,LI-0503575,SW-SDC-140,232,2023-09-26,2025-09-26
ENT-0802169,ACC-10141,CON-070384,LI-0503577,SUP-PLA-EDGE,1,2024-06-16,2025-11-01
ENT-0802170,ACC-10141,CON-070384,LI-0503580,SW-SEC-140,288,2023-11-01,2025-11-01
ENT-0802171,ACC-10141,CON-070384,LI-0503582,SW-SDC-120,33,2023-11-01,2025-11-01
ENT-0802172,ACC-10141,CON-070384,LI-0503585,SW-NOC-140,272,2023-11-01,2025-11-01
ENT-0802173,ACC-10141,CON-070385,LI-0503586,SUP-PLA-CORE,4,2022-10-30,2023-10-28
ENT-0802174,ACC-10141,CON-070385,LI-0503587,SW-SDC-110,297,2022-10-30,2023-10-28
ENT-0802175,ACC-10141,CON-070385,LI-0503588,SUP-PLA-EDGE,5,2022-10-30,2023-10-28
ENT-0802176,ACC-10141,CON-070385,LI-0503591,SW-SDC-130,36,2022-10-30,2023-10-28
ENT-0802177,ACC-10141,CON-070385,LI-0503593,SUP-PLA-CORE,1,2022-10-30,2023-10-28
ENT-0802178,ACC-10141,CON-070385,LI-0503594,SW-SDC-120,261,2022-10-30,2023-10-28
ENT-0802179,ACC-10142,CON-070386,LI-0503595,SW-NOC-120,135,2023-09-07,2024-09-07
ENT-0802180,ACC-10142,CON-070386,LI-0503596,SW-ZTN-130,149,2023-09-07,2024-09-07
ENT-0802181,ACC-10142,CON-070386,LI-0503597,SUP-BRO-EDGE,4,2023-09-07,2024-09-07
ENT-0802182,ACC-10142,CON-070386,LI-0503598,SUP-SIL-EDGE,4,2023-09-07,2024-09-07
ENT-0802183,ACC-10142,CON-070386,LI-0503600,SW-NOC-130,160,2023-09-07,2024-09-07
ENT-0802184,ACC-10142,CON-070386,LI-0503601,SW-ZTN-120,236,2024-05-11,2024-09-07
ENT-0802185,ACC-10142,CON-070386,LI-0503602,SUP-PLA-CORE,2,2023-09-07,2024-09-07
ENT-0802186,ACC-10142,CON-070386,LI-0503605,SW-OBS-120,75,2023-09-07,2024-09-07
ENT-0802187,ACC-10142,CON-070386,LI-0503606,SUP-GOL-EDGE,4,2023-09-07,2024-09-07
ENT-0802188,ACC-10142,CON-070386,LI-0503607,SUP-BRO-DC,4,2023-09-07,2024-09-07
ENT-0802189,ACC-10143,CON-070387,LI-0503609,SW-SEC-120,500,2022-09-23,2024-09-23
ENT-0802190,ACC-10143,CON-070387,LI-0503610,SW-OBS-110,322,2022-09-23,2024-09-23
ENT-0802191,ACC-10143,CON-070387,LI-0503612,SW-OBS-140,88,2022-09-23,2024-09-23
ENT-0802192,ACC-10143,CON-070387,LI-0503613,SUP-SIL-CORE,3,2022-09-23,2024-09-23
ENT-0802193,ACC-10143,CON-070387,LI-0503614,SUP-PLA-DC,6,2022-09-23,2024-09-23
ENT-0802194,ACC-10143,CON-070387,LI-0503616,SUP-BRO-EDGE,2,2022-09-23,2024-09-23
ENT-0802195,ACC-10143,CON-070388,LI-0503617,SW-OBS-130,106,2022-08-21,2025-08-21
ENT-0802196,ACC-10143,CON-070388,LI-0503618,SUP-GOL-DC,5,2022-08-21,2025-08-21
ENT-0802197,ACC-10143,CON-070388,LI-0503619,SW-SDC-140,508,2022-08-21,2025-08-21
ENT-0802198,ACC-10143,CON-070388,LI-0503623,SW-NOC-110,472,2022-08-21,2025-08-21
ENT-0802199,ACC-10143,CON-070388,LI-0503624,SUP-BRO-CORE,1,2022-08-21,2025-08-21
ENT-0802200,ACC-10143,CON-070388,LI-0503625,SW-OBS-130,135,2022-08-21,2025-08-21
ENT-0802201,ACC-10143,CON-070388,LI-0503626,SUP-PLA-DC,6,2022-08-21,2025-08-21
ENT-0802202,ACC-10143,CON-070388,LI-0503627,SW-OBS-140,39,2022-08-21,2025-08-21
ENT-0802203,ACC-10143,CON-070389,LI-0503630,SUP-PLA-EDGE,1,2024-06-04,2027-06-04
ENT-0802204,ACC-10143,CON-070389,LI-0503631,SW-SEC-140,499,2024-06-04,2027-06-04
ENT-0802205,ACC-10143,CON-070389,LI-0503632,SUP-GOL-CORE,6,2024-06-04,2027-06-04
ENT-0802206,ACC-10144,CON-070390,LI-0503633,SW-NOC-110,523,2022-03-27,2023-03-27
ENT-0802207,ACC-10144,CON-070390,LI-0503634,SUP-PLA-CORE,5,2022-03-27,2023-03-27
ENT-0802208,ACC-10144,CON-070390,LI-0503635,SW-SDC-120,680,2022-03-27,2023-03-27
ENT-0802209,ACC-10144,CON-070390,LI-0503637,SW-NOC-140,543,2022-03-27,2023-03-27
ENT-0802210,ACC-10144,CON-070391,LI-0503642,SW-NOC-120,285,2023-11-29,2026-11-28
ENT-0802211,ACC-10144,CON-070391,LI-0503643,SW-SEC-110,633,2023-11-29,2026-11-28
ENT-0802212,ACC-10144,CON-070392,LI-0503645,SW-SDC-140,292,2023-07-29,2028-07-28
ENT-0802213,ACC-10144,CON-070392,LI-0503648,SW-SEC-110,482,2023-07-29,2028-07-28
ENT-0802214,ACC-10144,CON-070392,LI-0503649,SW-NOC-140,340,2023-07-29,2028-07-28
ENT-0802215,ACC-10145,CON-070393,LI-0503654,SW-ZTN-120,232,2025-01-29,2027-01-28
ENT-0802216,ACC-10145,CON-070393,LI-0503660,SUP-BRO-CORE,7,2026-07-31,2027-01-28
ENT-0802217,ACC-10145,CON-070393,LI-0503661,SW-NOC-120,356,2025-01-29,2027-01-28
ENT-0802218,ACC-10145,CON-070393,LI-0503662,SW-SDC-110,408,2025-01-29,2027-01-28
ENT-0802219,ACC-10145,CON-070393,LI-0503665,SUP-BRO-DC,2,2025-01-29,2027-01-28
ENT-0802220,ACC-10145,CON-070393,LI-0503666,SUP-PLA-EDGE,1,2025-01-29,2027-01-28
ENT-0802221,ACC-10146,CON-070394,LI-0503667,SUP-SIL-EDGE,2,2027-06-16,2028-10-28
ENT-0802222,ACC-10146,CON-070394,LI-0503668,SW-OBS-110,236,2025-10-29,2028-10-28
ENT-0802223,ACC-10146,CON-070394,LI-0503669,SW-SEC-130,203,2025-10-29,2028-10-28
ENT-0802224,ACC-10146,CON-070394,LI-0503672,SUP-GOL-DC,1,2025-10-29,2028-10-28
ENT-0802225,ACC-10146,CON-070394,LI-0503673,SW-SDC-110,241,2025-10-29,2028-10-28
ENT-0802226,ACC-10146,CON-070394,LI-0503674,SW-ZTN-130,122,2025-10-29,2028-10-28
ENT-0802227,ACC-10146,CON-070394,LI-0503677,SW-NOC-110,54,2025-10-29,2028-10-28
ENT-0802228,ACC-10147,CON-070395,LI-0503681,SUP-GOL-EDGE,2,2023-05-25,2026-05-25
ENT-0802229,ACC-10148,CON-070396,LI-0503688,SW-SEC-130,863,2022-09-10,2025-09-10
ENT-0802230,ACC-10148,CON-070396,LI-0503689,SUP-GOL-EDGE,7,2022-09-10,2025-09-10
ENT-0802231,ACC-10148,CON-070396,LI-0503690,SUP-PLA-CORE,5,2022-09-10,2025-09-10
ENT-0802232,ACC-10148,CON-070396,LI-0503692,SW-SDC-120,638,2022-09-10,2025-09-10
ENT-0802233,ACC-10148,CON-070397,LI-0503695,SUP-GOL-EDGE,1,2022-08-15,2025-08-15
ENT-0802234,ACC-10148,CON-070397,LI-0503696,SUP-GOL-DC,2,2022-08-15,2025-08-15
ENT-0802235,ACC-10148,CON-070397,LI-0503697,SW-OBS-140,428,2022-08-15,2025-08-15
ENT-0802236,ACC-10148,CON-070397,LI-0503698,SUP-GOL-CORE,5,2022-08-15,2025-08-15
ENT-0802237,ACC-10148,CON-070397,LI-0503699,SUP-SIL-CORE,10,2022-08-15,2025-08-15
ENT-0802238,ACC-10148,CON-070397,LI-0503701,SW-SDC-130,205,2023-06-11,2025-08-15
ENT-0802239,ACC-10149,CON-070398,LI-0503703,SW-OBS-110,809,2022-10-24,2027-10-24
ENT-0802240,ACC-10149,CON-070398,LI-0503704,SW-ZTN-110,378,2022-10-24,2027-10-24
ENT-0802241,ACC-10149,CON-070398,LI-0503705,SUP-BRO-EDGE,2,2022-10-24,2027-10-24
ENT-0802242,ACC-10149,CON-070399,LI-0503708,SW-ZTN-110,234,2025-09-30,2026-09-28
ENT-0802243,ACC-10149,CON-070399,LI-0503709,SW-ZTN-110,31,2025-09-30,2026-09-28
ENT-0802244,ACC-10149,CON-070399,LI-0503712,SW-NOC-110,572,2025-09-30,2026-09-28
ENT-0802245,ACC-10149,CON-070399,LI-0503713,SW-NOC-140,858,2025-09-30,2026-09-28
ENT-0802246,ACC-10149,CON-070399,LI-0503714,SW-SDC-120,312,2025-09-30,2026-09-28
ENT-0802247,ACC-10149,CON-070399,LI-0503715,SW-OBS-110,692,2025-09-30,2026-09-28
ENT-0802248,ACC-10149,CON-070399,LI-0503716,SUP-GOL-EDGE,11,2025-09-30,2026-09-28
ENT-0802249,ACC-10149,CON-070400,LI-0503721,SUP-GOL-DC,1,2023-11-20,2026-11-20
ENT-0802250,ACC-10149,CON-070400,LI-0503722,SUP-BRO-CORE,11,2023-11-20,2026-11-20
ENT-0802251,ACC-10149,CON-070400,LI-0503723,SUP-SIL-EDGE,7,2023-11-20,2026-11-20
ENT-0802252,ACC-10149,CON-070400,LI-0503724,SW-SEC-130,557,2023-11-20,2026-11-20
ENT-0802253,ACC-10149,CON-070400,LI-0503725,SW-NOC-130,144,2023-11-20,2026-11-20
ENT-0802254,ACC-10149,CON-070400,LI-0503726,SW-ZTN-120,527,2023-11-20,2026-11-20
ENT-0802255,ACC-10149,CON-070401,LI-0503730,SW-SDC-130,264,2023-06-10,2025-06-10
ENT-0802256,ACC-10150,CON-070402,LI-0503733,SUP-GOL-CORE,1,2025-11-12,2027-11-12
ENT-0802257,ACC-10150,CON-070402,LI-0503735,SW-ZTN-110,200,2025-11-12,2027-11-12
ENT-0802258,ACC-10150,CON-070402,LI-0503736,SW-ZTN-130,99,2027-01-03,2027-11-12
ENT-0802259,ACC-10150,CON-070402,LI-0503737,SUP-SIL-DC,2,2025-11-12,2027-11-12
ENT-0802260,ACC-10151,CON-070403,LI-0503740,SW-NOC-120,1150,2025-03-16,2026-03-16
ENT-0802261,ACC-10151,CON-070403,LI-0503741,SW-SEC-130,336,2025-03-16,2026-03-16
ENT-0802262,ACC-10151,CON-070404,LI-0503743,SW-SEC-130,593,2024-07-09,2025-07-09
ENT-0802263,ACC-10151,CON-070404,LI-0503748,SW-SDC-120,201,2024-07-09,2025-07-09
ENT-0802264,ACC-10152,CON-070405,LI-0503752,SUP-GOL-CORE,1,2024-06-09,2027-06-09
ENT-0802265,ACC-10152,CON-070405,LI-0503755,SW-ZTN-140,243,2024-06-09,2027-06-09
ENT-0802266,ACC-10153,CON-070406,LI-0503756,SUP-GOL-EDGE,6,2022-02-11,2023-02-11
ENT-0802267,ACC-10153,CON-070406,LI-0503757,SW-ZTN-120,670,2022-02-11,2023-02-11
ENT-0802268,ACC-10153,CON-070406,LI-0503758,SW-ZTN-130,191,2022-02-11,2023-02-11
ENT-0802269,ACC-10153,CON-070406,LI-0503759,SUP-BRO-DC,1,2022-02-11,2023-02-11
ENT-0802270,ACC-10153,CON-070406,LI-0503760,SW-ZTN-120,187,2022-02-11,2023-02-11
ENT-0802271,ACC-10153,CON-070406,LI-0503761,SUP-GOL-EDGE,13,2022-02-11,2023-02-11
ENT-0802272,ACC-10153,CON-070406,LI-0503762,SW-SEC-110,105,2022-02-11,2023-02-11
ENT-0802273,ACC-10153,CON-070407,LI-0503763,SUP-BRO-EDGE,12,2022-09-16,2023-09-16
ENT-0802274,ACC-10153,CON-070407,LI-0503764,SW-ZTN-120,133,2022-09-16,2023-09-16
ENT-0802275,ACC-10153,CON-070407,LI-0503765,SUP-GOL-DC,2,2022-09-16,2023-09-16
ENT-0802276,ACC-10153,CON-070407,LI-0503768,SUP-BRO-DC,1,2022-09-16,2023-09-16
ENT-0802277,ACC-10153,CON-070408,LI-0503770,SW-SEC-110,888,2022-07-03,2024-07-03
ENT-0802278,ACC-10153,CON-070408,LI-0503771,SW-SDC-120,1021,2022-07-03,2024-07-03
ENT-0802279,ACC-10153,CON-070408,LI-0503773,SW-SDC-130,258,2022-07-03,2024-07-03
ENT-0802280,ACC-10153,CON-070408,LI-0503774,SW-OBS-130,73,2022-09-12,2024-07-03
ENT-0802281,ACC-10153,CON-070408,LI-0503775,SW-NOC-110,943,2022-07-03,2024-07-03
ENT-0802282,ACC-10153,CON-070408,LI-0503776,SUP-PLA-DC,1,2022-07-03,2024-07-03
ENT-0802283,ACC-10153,CON-070408,LI-0503777,SW-SEC-120,1070,2022-07-03,2024-07-03
ENT-0802284,ACC-10153,CON-070408,LI-0503778,SW-ZTN-130,144,2022-07-03,2024-07-03
ENT-0802285,ACC-10153,CON-070408,LI-0503779,SW-SEC-130,692,2022-07-03,2024-07-03
ENT-0802286,ACC-10153,CON-070408,LI-0503780,SW-NOC-140,634,2022-07-03,2024-07-03
ENT-0802287,ACC-10153,CON-070408,LI-0503781,SW-ZTN-120,920,2022-07-03,2024-07-03
ENT-0802288,ACC-10153,CON-070409,LI-0503784,SW-OBS-120,390,2023-12-25,2028-12-25
ENT-0802289,ACC-10153,CON-070409,LI-0503785,SW-ZTN-120,235,2023-12-25,2028-12-25
ENT-0802290,ACC-10153,CON-070409,LI-0503786,SUP-PLA-EDGE,12,2023-12-25,2028-12-25
ENT-0802291,ACC-10153,CON-070409,LI-0503787,SW-SDC-140,748,2023-12-25,2028-12-25
ENT-0802292,ACC-10153,CON-070409,LI-0503788,SW-NOC-130,239,2023-12-25,2028-12-25
ENT-0802293,ACC-10153,CON-070409,LI-0503789,SW-OBS-120,720,2023-12-25,2028-12-25
ENT-0802294,ACC-10153,CON-070409,LI-0503790,SW-NOC-120,463,2023-12-25,2028-12-25
ENT-0802295,ACC-10154,CON-070410,LI-0503793,SUP-BRO-CORE,1,2025-05-12,2026-05-12
ENT-0802296,ACC-10154,CON-070410,LI-0503794,SW-OBS-110,177,2025-05-12,2026-05-12
ENT-0802297,ACC-10154,CON-070410,LI-0503797,SUP-GOL-DC,1,2025-05-12,2026-05-12
ENT-0802298,ACC-10154,CON-070410,LI-0503800,SW-ZTN-130,128,2025-05-12,2026-05-12
ENT-0802299,ACC-10154,CON-070410,LI-0503801,SUP-GOL-DC,1,2025-05-12,2026-05-12
ENT-0802300,ACC-10154,CON-070410,LI-0503804,SW-ZTN-140,186,2025-05-12,2026-05-12
ENT-0802301,ACC-10154,CON-070411,LI-0503805,SUP-GOL-DC,1,2022-02-04,2025-02-04
ENT-0802302,ACC-10154,CON-070411,LI-0503806,SW-NOC-120,93,2022-02-04,2025-02-04
ENT-0802303,ACC-10154,CON-070411,LI-0503807,SUP-BRO-CORE,2,2022-02-04,2025-02-04
ENT-0802304,ACC-10154,CON-070411,LI-0503811,SUP-GOL-CORE,2,2022-02-04,2025-02-04
ENT-0802305,ACC-10154,CON-070411,LI-0503813,SUP-GOL-EDGE,1,2022-02-04,2025-02-04
ENT-0802306,ACC-10154,CON-070411,LI-0503814,SW-NOC-130,135,2022-02-04,2025-02-04
ENT-0802307,ACC-10154,CON-070411,LI-0503815,SW-SEC-110,223,2022-02-04,2025-02-04
ENT-0802308,ACC-10154,CON-070411,LI-0503816,SUP-PLA-DC,2,2022-02-04,2025-02-04
ENT-0802309,ACC-10155,CON-070412,LI-0503819,SW-OBS-140,237,2024-05-09,2027-05-09
ENT-0802310,ACC-10156,CON-070413,LI-0503826,SW-SEC-130,509,2024-06-20,2026-01-26
ENT-0802311,ACC-10156,CON-070413,LI-0503827,SW-SDC-140,271,2024-01-26,2026-01-26
ENT-0802312,ACC-10156,CON-070413,LI-0503833,SW-ZTN-110,367,2024-01-26,2026-01-26
ENT-0802313,ACC-10157,CON-070414,LI-0503834,SUP-PLA-CORE,6,2026-03-26,2027-11-28
ENT-0802314,ACC-10157,CON-070414,LI-0503835,SW-OBS-120,288,2025-11-28,2027-11-28
ENT-0802315,ACC-10157,CON-070414,LI-0503836,SW-SEC-130,255,2025-11-28,2027-11-28
ENT-0802316,ACC-10157,CON-070415,LI-0503840,SUP-PLA-DC,10,2025-12-22,2027-12-22
ENT-0802317,ACC-10157,CON-070415,LI-0503841,SUP-GOL-CORE,2,2025-12-22,2027-12-22
ENT-0802318,ACC-10157,CON-070415,LI-0503842,SW-ZTN-140,244,2025-12-22,2027-12-22
ENT-0802319,ACC-10158,CON-070416,LI-0503845,SW-NOC-130,60,2022-10-03,2025-10-03
ENT-0802320,ACC-10158,CON-070416,LI-0503846,SW-ZTN-140,296,2022-10-03,2025-10-03
ENT-0802321,ACC-10158,CON-070416,LI-0503847,SW-OBS-130,231,2022-10-03,2025-10-03
ENT-0802322,ACC-10158,CON-070416,LI-0503848,SUP-GOL-DC,3,2022-10-03,2025-10-03
ENT-0802323,ACC-10159,CON-070417,LI-0503853,SUP-PLA-DC,3,2024-02-12,2029-02-12
ENT-0802324,ACC-10159,CON-070417,LI-0503854,SW-OBS-120,268,2024-02-12,2029-02-12
ENT-0802325,ACC-10159,CON-070417,LI-0503855,SW-SDC-120,11,2024-02-12,2029-02-12
ENT-0802326,ACC-10159,CON-070417,LI-0503858,SW-NOC-130,144,2024-02-12,2029-02-12
ENT-0802327,ACC-10159,CON-070417,LI-0503860,SW-ZTN-130,134,2024-02-12,2029-02-12
ENT-0802328,ACC-10159,CON-070417,LI-0503861,SUP-SIL-CORE,1,2024-02-12,2029-02-12
ENT-0802329,ACC-10159,CON-070417,LI-0503864,SW-SDC-120,94,2024-02-12,2029-02-12
ENT-0802330,ACC-10159,CON-070417,LI-0503865,SW-SEC-120,103,2024-02-12,2029-02-12
ENT-0802331,ACC-10159,CON-070417,LI-0503866,SW-ZTN-110,74,2024-02-12,2029-02-12
ENT-0802332,ACC-10160,CON-070418,LI-0503868,SW-OBS-120,163,2022-07-08,2025-07-08
ENT-0802333,ACC-10160,CON-070418,LI-0503870,SUP-PLA-CORE,1,2022-07-08,2025-07-08
ENT-0802334,ACC-10160,CON-070418,LI-0503872,SUP-GOL-EDGE,7,2022-07-08,2025-07-08
ENT-0802335,ACC-10160,CON-070418,LI-0503873,SW-NOC-120,575,2022-07-08,2025-07-08
ENT-0802336,ACC-10160,CON-070419,LI-0503875,SUP-GOL-DC,4,2023-01-31,2026-01-28
ENT-0802337,ACC-10160,CON-070419,LI-0503877,SW-NOC-110,434,2023-01-31,2026-01-28
ENT-0802338,ACC-10160,CON-070419,LI-0503878,SW-SDC-130,102,2023-01-31,2026-01-28
ENT-0802339,ACC-10160,CON-070420,LI-0503881,SUP-GOL-EDGE,10,2022-12-26,2025-12-26
ENT-0802340,ACC-10160,CON-070420,LI-0503882,SW-SDC-140,474,2022-12-26,2025-12-26
ENT-0802341,ACC-10160,CON-070420,LI-0503883,SUP-PLA-CORE,3,2022-12-26,2025-12-26
ENT-0802342,ACC-10160,CON-070420,LI-0503884,SW-ZTN-110,305,2022-12-26,2025-12-26
ENT-0802343,ACC-10161,CON-070421,LI-0503887,SUP-GOL-DC,6,2023-12-03,2024-12-03
ENT-0802344,ACC-10161,CON-070421,LI-0503888,SW-NOC-120,167,2023-12-03,2024-12-03
ENT-0802345,ACC-10161,CON-070421,LI-0503889,SW-OBS-140,451,2023-12-03,2024-12-03
ENT-0802346,ACC-10161,CON-070421,LI-0503893,SW-ZTN-130,427,2023-12-03,2024-12-03
ENT-0802347,ACC-10161,CON-070422,LI-0503895,SW-SEC-120,301,2023-01-08,2025-01-08
ENT-0802348,ACC-10161,CON-070422,LI-0503896,SUP-PLA-DC,6,2023-01-08,2025-01-08
ENT-0802349,ACC-10161,CON-070422,LI-0503897,SUP-PLA-CORE,4,2023-01-08,2025-01-08
ENT-0802350,ACC-10162,CON-070423,LI-0503898,SUP-PLA-EDGE,5,2025-08-07,2027-08-07
ENT-0802351,ACC-10162,CON-070423,LI-0503899,SUP-GOL-DC,3,2025-08-07,2027-08-07
ENT-0802352,ACC-10162,CON-070423,LI-0503901,SW-ZTN-130,199,2025-08-07,2027-08-07
ENT-0802353,ACC-10162,CON-070423,LI-0503902,SW-ZTN-130,92,2025-08-07,2027-08-07
ENT-0802354,ACC-10162,CON-070423,LI-0503904,SW-SEC-130,145,2025-08-07,2027-08-07
ENT-0802355,ACC-10162,CON-070423,LI-0503905,SUP-BRO-CORE,2,2025-08-07,2027-08-07
ENT-0802356,ACC-10162,CON-070423,LI-0503906,SUP-SIL-EDGE,3,2025-08-07,2027-08-07
ENT-0802357,ACC-10162,CON-070423,LI-0503907,SUP-GOL-EDGE,5,2025-08-07,2027-08-07
ENT-0802358,ACC-10162,CON-070423,LI-0503909,SUP-BRO-EDGE,6,2025-08-07,2027-08-07
ENT-0802359,ACC-10162,CON-070424,LI-0503911,SW-SDC-130,145,2022-03-04,2023-03-04
ENT-0802360,ACC-10162,CON-070424,LI-0503914,SW-OBS-130,508,2022-03-04,2023-03-04
ENT-0802361,ACC-10162,CON-070424,LI-0503917,SW-ZTN-120,572,2022-11-28,2023-03-04
ENT-0802362,ACC-10162,CON-070424,LI-0503918,SUP-SIL-CORE,1,2022-03-04,2023-03-04
ENT-0802363,ACC-10162,CON-070424,LI-0503921,SW-SDC-120,267,2022-11-24,2023-03-04
ENT-0802364,ACC-10162,CON-070424,LI-0503923,SW-OBS-140,416,2022-03-04,2023-03-04
ENT-0802365,ACC-10163,CON-070425,LI-0503925,SW-SEC-130,23,2023-12-07,2025-12-07
ENT-0802366,ACC-10163,CON-070425,LI-0503927,SW-SEC-110,128,2023-12-07,2025-12-07
ENT-0802367,ACC-10163,CON-070425,LI-0503929,SUP-BRO-CORE,2,2023-12-07,2025-12-07
ENT-0802368,ACC-10163,CON-070426,LI-0503930,SUP-GOL-DC,2,2022-11-02,2027-11-02
ENT-0802369,ACC-10163,CON-070426,LI-0503931,SUP-BRO-EDGE,1,2022-11-02,2027-11-02
ENT-0802370,ACC-10163,CON-070426,LI-0503932,SUP-BRO-DC,4,2022-11-02,2027-11-02
ENT-0802371,ACC-10163,CON-070426,LI-0503933,SW-NOC-110,18,2022-11-02,2027-11-02
ENT-0802372,ACC-10163,CON-070426,LI-0503934,SW-ZTN-110,275,2022-11-02,2027-11-02
ENT-0802373,ACC-10163,CON-070426,LI-0503935,SUP-GOL-EDGE,1,2022-11-02,2027-11-02
ENT-0802374,ACC-10163,CON-070426,LI-0503936,SW-NOC-140,246,2022-11-02,2027-11-02
ENT-0802375,ACC-10164,CON-070427,LI-0503940,SUP-PLA-EDGE,1,2022-05-16,2027-05-16
ENT-0802376,ACC-10164,CON-070427,LI-0503942,SW-SEC-120,216,2022-05-16,2027-05-16
ENT-0802377,ACC-10164,CON-070427,LI-0503943,SW-ZTN-130,154,2022-05-16,2027-05-16
ENT-0802378,ACC-10164,CON-070427,LI-0503944,SW-SEC-110,24,2022-05-16,2027-05-16
ENT-0802379,ACC-10164,CON-070427,LI-0503946,SW-OBS-110,13,2022-05-16,2027-05-16
ENT-0802380,ACC-10164,CON-070427,LI-0503947,SW-SDC-130,154,2022-05-16,2027-05-16
ENT-0802381,ACC-10165,CON-070428,LI-0503948,SUP-PLA-CORE,2,2024-04-05,2029-04-05
ENT-0802382,ACC-10165,CON-070428,LI-0503950,SW-NOC-130,585,2024-04-05,2029-04-05
ENT-0802383,ACC-10165,CON-070428,LI-0503951,SW-SDC-140,310,2024-04-05,2029-04-05
ENT-0802384,ACC-10165,CON-070428,LI-0503952,SUP-BRO-DC,7,2024-04-05,2029-04-05
ENT-0802385,ACC-10165,CON-070428,LI-0503953,SUP-PLA-EDGE,1,2024-04-05,2029-04-05
ENT-0802386,ACC-10165,CON-070428,LI-0503955,SW-ZTN-120,218,2024-04-05,2029-04-05
ENT-0802387,ACC-10165,CON-070428,LI-0503956,SW-SEC-130,169,2024-04-05,2029-04-05
ENT-0802388,ACC-10165,CON-070428,LI-0503957,SUP-SIL-EDGE,1,2024-04-05,2029-04-05
ENT-0802389,ACC-10165,CON-070429,LI-0503958,SW-OBS-140,323,2022-12-17,2023-12-17
ENT-0802390,ACC-10165,CON-070429,LI-0503959,SW-ZTN-120,78,2022-12-17,2023-12-17
ENT-0802391,ACC-10165,CON-070429,LI-0503961,SW-SEC-120,534,2022-12-17,2023-12-17
ENT-0802392,ACC-10165,CON-070429,LI-0503964,SW-ZTN-110,527,2022-12-17,2023-12-17
ENT-0802393,ACC-10166,CON-070430,LI-0503965,SUP-PLA-CORE,4,2023-01-25,2025-01-25
ENT-0802394,ACC-10166,CON-070430,LI-0503966,SUP-SIL-CORE,4,2023-09-14,2025-01-25
ENT-0802395,ACC-10166,CON-070430,LI-0503967,SW-ZTN-130,173,2024-05-04,2025-01-25
ENT-0802396,ACC-10166,CON-070430,LI-0503968,SUP-SIL-CORE,4,2023-06-30,2025-01-25
ENT-0802397,ACC-10166,CON-070430,LI-0503969,SW-SDC-120,149,2023-01-25,2025-01-25
ENT-0802398,ACC-10166,CON-070431,LI-0503970,SW-SDC-110,246,2023-02-24,2028-02-24
ENT-0802399,ACC-10167,CON-070432,LI-0503975,SW-SEC-130,329,2023-01-09,2025-01-09
ENT-0802400,ACC-10167,CON-070432,LI-0503978,SUP-PLA-DC,11,2023-01-09,2025-01-09
ENT-0802401,ACC-10167,CON-070432,LI-0503979,SW-SDC-120,295,2023-01-09,2025-01-09
ENT-0802402,ACC-10167,CON-070433,LI-0503980,SW-SEC-120,655,2022-08-24,2025-08-24
ENT-0802403,ACC-10167,CON-070433,LI-0503983,SW-NOC-110,597,2022-08-24,2025-08-24
ENT-0802404,ACC-10167,CON-070433,LI-0503984,SUP-PLA-EDGE,10,2022-08-24,2025-08-24
ENT-0802405,ACC-10167,CON-070433,LI-0503985,SUP-GOL-EDGE,7,2022-08-24,2025-08-24
ENT-0802406,ACC-10167,CON-070433,LI-0503987,SW-NOC-120,493,2022-08-24,2025-08-24
ENT-0802407,ACC-10167,CON-070433,LI-0503988,SW-SDC-140,300,2022-08-24,2025-08-24
ENT-0802408,ACC-10167,CON-070433,LI-0503989,SW-ZTN-110,197,2022-08-24,2025-08-24
ENT-0802409,ACC-10167,CON-070434,LI-0503993,SUP-GOL-EDGE,6,2027-07-28,2030-07-12
ENT-0802410,ACC-10167,CON-070434,LI-0503994,SW-ZTN-120,545,2025-07-12,2030-07-12
ENT-0802411,ACC-10167,CON-070434,LI-0503998,SUP-BRO-DC,2,2025-07-12,2030-07-12
ENT-0802412,ACC-10167,CON-070434,LI-0503999,SW-SEC-110,406,2025-07-12,2030-07-12
ENT-0802413,ACC-10167,CON-070434,LI-0504000,SUP-GOL-CORE,11,2025-07-12,2030-07-12
ENT-0802414,ACC-10167,CON-070435,LI-0504001,SW-SEC-140,524,2025-10-28,2027-10-28
ENT-0802415,ACC-10167,CON-070435,LI-0504002,SUP-GOL-DC,5,2025-10-28,2027-10-28
ENT-0802416,ACC-10167,CON-070435,LI-0504003,SUP-BRO-EDGE,3,2025-10-28,2027-10-28
ENT-0802417,ACC-10167,CON-070435,LI-0504004,SW-NOC-120,409,2025-10-28,2027-10-28
ENT-0802418,ACC-10167,CON-070435,LI-0504008,SUP-GOL-DC,5,2025-10-28,2027-10-28
ENT-0802419,ACC-10168,CON-070436,LI-0504009,SW-ZTN-120,483,2025-06-02,2028-06-02
ENT-0802420,ACC-10168,CON-070436,LI-0504010,SUP-BRO-CORE,3,2025-06-02,2028-06-02
ENT-0802421,ACC-10168,CON-070436,LI-0504011,SW-ZTN-120,393,2025-06-02,2028-06-02
ENT-0802422,ACC-10168,CON-070436,LI-0504012,SW-NOC-120,532,2025-06-02,2028-06-02
ENT-0802423,ACC-10168,CON-070436,LI-0504013,SUP-BRO-CORE,4,2025-06-02,2028-06-02
ENT-0802424,ACC-10168,CON-070436,LI-0504014,SUP-SIL-EDGE,6,2025-06-02,2028-06-02
ENT-0802425,ACC-10168,CON-070436,LI-0504015,SW-SDC-110,371,2025-06-02,2028-06-02
ENT-0802426,ACC-10168,CON-070436,LI-0504017,SW-SDC-130,221,2025-06-02,2028-06-02
ENT-0802427,ACC-10168,CON-070436,LI-0504020,SW-SDC-140,302,2025-06-02,2028-06-02
ENT-0802428,ACC-10168,CON-070437,LI-0504025,SW-SEC-120,522,2022-11-12,2023-11-12
ENT-0802429,ACC-10169,CON-070438,LI-0504027,SW-OBS-130,492,2024-03-10,2027-03-10
ENT-0802430,ACC-10169,CON-070438,LI-0504028,SW-NOC-120,37,2024-03-10,2027-03-10
ENT-0802431,ACC-10169,CON-070438,LI-0504029,SW-SEC-120,210,2024-03-10,2027-03-10
ENT-0802432,ACC-10169,CON-070438,LI-0504031,SW-OBS-130,276,2024-03-10,2027-03-10
ENT-0802433,ACC-10169,CON-070438,LI-0504032,SW-SEC-120,380,2024-03-10,2027-03-10
ENT-0802434,ACC-10169,CON-070438,LI-0504033,SUP-PLA-EDGE,4,2024-03-10,2027-03-10
ENT-0802435,ACC-10169,CON-070438,LI-0504036,SW-SEC-140,456,2024-03-10,2027-03-10
ENT-0802436,ACC-10169,CON-070438,LI-0504037,SUP-PLA-CORE,6,2024-03-10,2027-03-10
ENT-0802437,ACC-10169,CON-070438,LI-0504038,SUP-SIL-CORE,4,2024-03-10,2027-03-10
ENT-0802438,ACC-10169,CON-070438,LI-0504039,SW-SEC-140,151,2024-03-10,2027-03-10
ENT-0802439,ACC-10169,CON-070439,LI-0504041,SW-OBS-130,517,2022-12-03,2023-12-03
ENT-0802440,ACC-10169,CON-070439,LI-0504042,SW-SDC-140,140,2022-12-03,2023-12-03
ENT-0802441,ACC-10169,CON-070439,LI-0504045,SW-ZTN-130,170,2022-12-03,2023-12-03
ENT-0802442,ACC-10169,CON-070439,LI-0504047,SUP-PLA-CORE,4,2022-12-03,2023-12-03
ENT-0802443,ACC-10169,CON-070439,LI-0504048,SUP-GOL-DC,1,2022-12-03,2023-12-03
ENT-0802444,ACC-10169,CON-070439,LI-0504050,SUP-PLA-CORE,5,2022-12-03,2023-12-03
ENT-0802445,ACC-10169,CON-070439,LI-0504051,SW-SDC-110,404,2022-12-03,2023-12-03
ENT-0802446,ACC-10169,CON-070439,LI-0504052,SUP-PLA-EDGE,4,2022-12-03,2023-12-03
ENT-0802447,ACC-10170,CON-070440,LI-0504059,SW-OBS-110,75,2022-09-03,2025-09-03
ENT-0802448,ACC-10170,CON-070440,LI-0504060,SW-OBS-140,288,2022-09-03,2025-09-03
ENT-0802449,ACC-10170,CON-070440,LI-0504063,SW-SEC-130,161,2022-09-03,2025-09-03
ENT-0802450,ACC-10170,CON-070440,LI-0504064,SUP-BRO-DC,7,2022-09-03,2025-09-03
ENT-0802451,ACC-10170,CON-070440,LI-0504065,SW-SEC-130,545,2022-09-03,2025-09-03
ENT-0802452,ACC-10170,CON-070440,LI-0504066,SW-ZTN-110,149,2022-09-03,2025-09-03
ENT-0802453,ACC-10170,CON-070440,LI-0504067,SW-SDC-120,580,2022-09-03,2025-09-03
ENT-0802454,ACC-10170,CON-070441,LI-0504069,SUP-BRO-CORE,6,2025-06-25,2027-06-25
ENT-0802455,ACC-10170,CON-070441,LI-0504070,SW-NOC-130,73,2025-06-25,2027-06-25
ENT-0802456,ACC-10170,CON-070441,LI-0504071,SUP-BRO-DC,9,2025-06-25,2027-06-25
ENT-0802457,ACC-10170,CON-070441,LI-0504072,SW-ZTN-110,179,2025-06-25,2027-06-25
ENT-0802458,ACC-10170,CON-070441,LI-0504073,SUP-GOL-DC,9,2025-06-25,2027-06-25
ENT-0802459,ACC-10170,CON-070441,LI-0504075,SUP-GOL-CORE,1,2025-06-25,2027-06-25
ENT-0802460,ACC-10170,CON-070442,LI-0504077,SUP-BRO-DC,7,2024-11-19,2025-11-19
ENT-0802461,ACC-10170,CON-070442,LI-0504080,SW-SDC-130,692,2024-11-19,2025-11-19
ENT-0802462,ACC-10170,CON-070442,LI-0504081,SUP-SIL-CORE,3,2024-11-19,2025-11-19
ENT-0802463,ACC-10170,CON-070442,LI-0504083,SW-OBS-110,696,2024-11-19,2025-11-19
ENT-0802464,ACC-10171,CON-070443,LI-0504088,SW-NOC-110,96,2022-11-14,2023-02-22
ENT-0802465,ACC-10171,CON-070443,LI-0504089,SW-OBS-120,604,2022-02-22,2023-02-22
ENT-0802466,ACC-10171,CON-070443,LI-0504090,SW-ZTN-130,1022,2022-02-22,2023-02-22
ENT-0802467,ACC-10171,CON-070443,LI-0504091,SUP-BRO-CORE,5,2022-02-22,2023-02-22
ENT-0802468,ACC-10171,CON-070443,LI-0504092,SW-NOC-140,532,2022-02-22,2023-02-22
ENT-0802469,ACC-10171,CON-070444,LI-0504094,SW-SEC-130,1001,2022-03-11,2025-03-11
ENT-0802470,ACC-10171,CON-070444,LI-0504095,SUP-GOL-DC,4,2022-03-11,2025-03-11
ENT-0802471,ACC-10171,CON-070444,LI-0504096,SUP-SIL-CORE,7,2022-03-11,2025-03-11
ENT-0802472,ACC-10171,CON-070444,LI-0504099,SW-SDC-140,255,2022-03-11,2025-03-11
ENT-0802473,ACC-10171,CON-070444,LI-0504101,SW-SDC-130,1132,2022-03-11,2025-03-11
ENT-0802474,ACC-10171,CON-070444,LI-0504102,SUP-PLA-CORE,10,2022-03-11,2025-03-11
ENT-0802475,ACC-10171,CON-070444,LI-0504103,SW-NOC-110,233,2022-03-11,2025-03-11
ENT-0802476,ACC-10171,CON-070444,LI-0504105,SW-OBS-140,474,2022-03-11,2025-03-11
ENT-0802477,ACC-10171,CON-070445,LI-0504107,SW-NOC-130,229,2022-12-21,2025-12-21
ENT-0802478,ACC-10171,CON-070445,LI-0504108,SUP-BRO-DC,1,2022-12-21,2025-12-21
ENT-0802479,ACC-10171,CON-070445,LI-0504110,SW-NOC-110,174,2022-12-21,2025-12-21
ENT-0802480,ACC-10171,CON-070445,LI-0504111,SUP-GOL-EDGE,7,2022-12-21,2025-12-21
ENT-0802481,ACC-10171,CON-070445,LI-0504112,SW-SEC-130,1129,2022-12-21,2025-12-21
ENT-0802482,ACC-10171,CON-070445,LI-0504113,SUP-SIL-DC,1,2022-12-21,2025-12-21
ENT-0802483,ACC-10171,CON-070445,LI-0504115,SW-NOC-130,1050,2022-12-21,2025-12-21
ENT-0802484,ACC-10172,CON-070446,LI-0504118,SW-ZTN-130,31,2024-02-16,2029-02-16
ENT-0802485,ACC-10172,CON-070446,LI-0504119,SW-ZTN-140,63,2024-02-16,2029-02-16
ENT-0802486,ACC-10172,CON-070446,LI-0504120,SUP-PLA-CORE,4,2024-02-16,2029-02-16
ENT-0802487,ACC-10172,CON-070446,LI-0504122,SUP-GOL-EDGE,1,2024-02-16,2029-02-16
ENT-0802488,ACC-10172,CON-070446,LI-0504123,SW-SEC-120,411,2024-02-16,2029-02-16
ENT-0802489,ACC-10172,CON-070447,LI-0504124,SW-SDC-130,394,2022-12-26,2027-12-26
ENT-0802490,ACC-10172,CON-070447,LI-0504125,SW-SDC-130,411,2022-12-26,2027-12-26
ENT-0802491,ACC-10172,CON-070447,LI-0504126,SW-ZTN-130,377,2022-12-26,2027-12-26
ENT-0802492,ACC-10172,CON-070447,LI-0504127,SW-SEC-120,29,2022-12-26,2027-12-26
ENT-0802493,ACC-10173,CON-070448,LI-0504129,SW-ZTN-130,149,2024-05-24,2025-05-24
ENT-0802494,ACC-10173,CON-070448,LI-0504130,SUP-SIL-EDGE,13,2024-05-24,2025-05-24
ENT-0802495,ACC-10173,CON-070448,LI-0504135,SW-NOC-140,768,2024-05-24,2025-05-24
ENT-0802496,ACC-10173,CON-070448,LI-0504136,SW-SDC-130,1140,2024-05-24,2025-05-24
ENT-0802497,ACC-10173,CON-070449,LI-0504139,SW-ZTN-130,783,2022-02-10,2023-02-10
ENT-0802498,ACC-10173,CON-070449,LI-0504140,SW-NOC-140,306,2022-02-10,2023-02-10
ENT-0802499,ACC-10173,CON-070449,LI-0504141,SW-ZTN-140,909,2022-02-10,2023-02-10
ENT-0802500,ACC-10173,CON-070449,LI-0504142,SW-SEC-120,891,2022-02-10,2023-02-10
ENT-0802501,ACC-10173,CON-070449,LI-0504143,SW-NOC-130,278,2022-06-13,2023-02-10
ENT-0802502,ACC-10173,CON-070449,LI-0504144,SW-ZTN-140,737,2022-02-10,2023-02-10
ENT-0802503,ACC-10173,CON-070449,LI-0504148,SUP-GOL-DC,13,2022-02-10,2023-02-10
ENT-0802504,ACC-10174,CON-070450,LI-0504151,SW-NOC-120,169,2022-12-21,2025-12-21
ENT-0802505,ACC-10175,CON-070451,LI-0504157,SUP-BRO-EDGE,2,2025-01-05,2027-01-02
ENT-0802506,ACC-10175,CON-070451,LI-0504158,SW-SEC-140,267,2024-01-02,2027-01-02
ENT-0802507,ACC-10175,CON-070451,LI-0504159,SW-ZTN-130,387,2024-01-02,2027-01-02
ENT-0802508,ACC-10175,CON-070451,LI-0504160,SW-SDC-130,58,2024-01-02,2027-01-02
ENT-0802509,ACC-10175,CON-070452,LI-0504163,SW-OBS-140,446,2025-07-29,2026-03-14
ENT-0802510,ACC-10175,CON-070452,LI-0504164,SW-SEC-130,325,2025-03-14,2026-03-14
ENT-0802511,ACC-10176,CON-070453,LI-0504166,SW-SEC-130,751,2024-08-20,2027-08-20
ENT-0802512,ACC-10176,CON-070453,LI-0504167,SW-NOC-130,669,2024-08-20,2027-08-20
ENT-0802513,ACC-10176,CON-070453,LI-0504169,SW-SEC-110,147,2024-08-20,2027-08-20
ENT-0802514,ACC-10176,CON-070454,LI-0504171,SW-NOC-120,146,2025-09-14,2026-09-14
ENT-0802515,ACC-10176,CON-070454,LI-0504172,SUP-PLA-DC,2,2025-09-14,2026-09-14
ENT-0802516,ACC-10176,CON-070454,LI-0504175,SUP-PLA-DC,1,2025-09-14,2026-09-14
ENT-0802517,ACC-10176,CON-070454,LI-0504176,SW-OBS-130,724,2025-09-14,2026-09-14
ENT-0802518,ACC-10176,CON-070455,LI-0504178,SUP-BRO-EDGE,5,2023-05-25,2024-05-25
ENT-0802519,ACC-10176,CON-070455,LI-0504180,SW-SEC-130,592,2023-09-07,2024-05-25
ENT-0802520,ACC-10176,CON-070455,LI-0504181,SW-SDC-130,713,2023-05-25,2024-05-25
ENT-0802521,ACC-10176,CON-070455,LI-0504182,SW-OBS-120,576,2023-05-25,2024-05-25
ENT-0802522,ACC-10176,CON-070456,LI-0504185,SUP-SIL-DC,1,2025-02-17,2027-02-17
ENT-0802523,ACC-10176,CON-070456,LI-0504186,SUP-SIL-DC,3,2025-02-17,2027-02-17
ENT-0802524,ACC-10176,CON-070456,LI-0504187,SW-OBS-120,422,2025-02-17,2027-02-17
ENT-0802525,ACC-10176,CON-070456,LI-0504188,SW-ZTN-130,230,2025-02-17,2027-02-17
ENT-0802526,ACC-10176,CON-070456,LI-0504191,SW-NOC-110,251,2025-02-17,2027-02-17
ENT-0802527,ACC-10176,CON-070456,LI-0504192,SW-ZTN-130,655,2025-02-17,2027-02-17
ENT-0802528,ACC-10176,CON-070456,LI-0504193,SUP-PLA-DC,10,2025-02-17,2027-02-17
ENT-0802529,ACC-10176,CON-070456,LI-0504195,SW-SEC-140,504,2025-02-17,2027-02-17
ENT-0802530,ACC-10176,CON-070456,LI-0504196,SUP-SIL-CORE,4,2025-02-17,2027-02-17
ENT-0802531,ACC-10177,CON-070457,LI-0504200,SW-NOC-120,311,2022-09-24,2025-09-24
ENT-0802532,ACC-10177,CON-070457,LI-0504201,SW-ZTN-140,129,2022-09-24,2025-09-24
ENT-0802533,ACC-10177,CON-070457,LI-0504204,SUP-GOL-CORE,1,2022-09-24,2025-09-24
ENT-0802534,ACC-10177,CON-070458,LI-0504206,SW-NOC-140,255,2022-09-24,2025-09-24
ENT-0802535,ACC-10177,CON-070458,LI-0504209,SW-OBS-120,39,2022-09-24,2025-09-24
ENT-0802536,ACC-10178,CON-070459,LI-0504211,SUP-BRO-CORE,2,2023-09-24,2024-09-24
ENT-0802537,ACC-10178,CON-070459,LI-0504213,SW-SEC-120,134,2023-09-24,2024-09-24
ENT-0802538,ACC-10178,CON-070459,LI-0504214,SW-NOC-140,79,2023-09-24,2024-09-24
ENT-0802539,ACC-10178,CON-070459,LI-0504216,SUP-BRO-EDGE,1,2023-12-08,2024-09-24
ENT-0802540,ACC-10178,CON-070459,LI-0504218,SUP-SIL-EDGE,1,2023-09-24,2024-09-24
ENT-0802541,ACC-10178,CON-070459,LI-0504219,SW-SDC-120,286,2023-09-24,2024-09-24
ENT-0802542,ACC-10178,CON-070459,LI-0504220,SUP-GOL-CORE,3,2023-09-24,2024-09-24
ENT-0802543,ACC-10178,CON-070459,LI-0504221,SUP-BRO-CORE,3,2023-09-24,2024-09-24
ENT-0802544,ACC-10178,CON-070459,LI-0504222,SUP-GOL-DC,1,2023-09-24,2024-09-24
ENT-0802545,ACC-10178,CON-070459,LI-0504223,SW-ZTN-110,60,2023-09-24,2024-09-24
ENT-0802546,ACC-10178,CON-070460,LI-0504224,SW-NOC-110,369,2022-10-31,2023-10-28
ENT-0802547,ACC-10178,CON-070460,LI-0504225,SUP-SIL-DC,1,2022-10-31,2023-10-28
ENT-0802548,ACC-10178,CON-070460,LI-0504227,SUP-GOL-EDGE,3,2022-10-31,2023-10-28
ENT-0802549,ACC-10178,CON-070460,LI-0504228,SW-NOC-120,241,2022-10-31,2023-10-28
ENT-0802550,ACC-10178,CON-070460,LI-0504230,SUP-SIL-CORE,2,2022-10-31,2023-10-28
ENT-0802551,ACC-10178,CON-070460,LI-0504231,SW-OBS-110,255,2022-10-31,2023-10-28
ENT-0802552,ACC-10178,CON-070460,LI-0504232,SUP-GOL-EDGE,1,2022-10-31,2023-10-28
ENT-0802553,ACC-10178,CON-070460,LI-0504233,SUP-SIL-EDGE,1,2023-04-20,2023-10-28
ENT-0802554,ACC-10178,CON-070460,LI-0504234,SW-SEC-120,184,2022-10-31,2023-10-28
ENT-0802555,ACC-10178,CON-070460,LI-0504235,SUP-GOL-DC,2,2022-10-31,2023-10-28
ENT-0802556,ACC-10179,CON-070461,LI-0504238,SW-SEC-120,275,2023-11-15,2026-11-15
ENT-0802557,ACC-10179,CON-070461,LI-0504240,SUP-BRO-DC,1,2023-11-15,2026-11-15
ENT-0802558,ACC-10179,CON-070461,LI-0504241,SW-NOC-130,326,2023-11-15,2026-11-15
ENT-0802559,ACC-10179,CON-070461,LI-0504242,SW-SEC-110,430,2023-11-15,2026-11-15
ENT-0802560,ACC-10179,CON-070461,LI-0504243,SW-NOC-110,33,2024-10-12,2026-11-15
ENT-0802561,ACC-10180,CON-070462,LI-0504244,SUP-BRO-CORE,1,2025-08-31,2026-11-08
ENT-0802562,ACC-10180,CON-070462,LI-0504245,SW-SDC-140,321,2023-11-08,2026-11-08
ENT-0802563,ACC-10180,CON-070462,LI-0504246,SW-OBS-110,28,2025-11-07,2026-11-08
ENT-0802564,ACC-10180,CON-070462,LI-0504247,SW-OBS-110,284,2023-11-08,2026-11-08
ENT-0802565,ACC-10181,CON-070463,LI-0504248,SW-OBS-110,704,2026-10-15,2028-12-04
ENT-0802566,ACC-10181,CON-070463,LI-0504252,SUP-SIL-CORE,11,2025-12-04,2028-12-04
ENT-0802567,ACC-10181,CON-070463,LI-0504254,SW-SDC-140,781,2025-12-04,2028-12-04
ENT-0802568,ACC-10181,CON-070463,LI-0504255,SW-NOC-130,262,2025-12-04,2028-12-04
ENT-0802569,ACC-10181,CON-070463,LI-0504256,SW-SDC-130,835,2025-12-04,2028-12-04
ENT-0802570,ACC-10181,CON-070463,LI-0504257,SUP-GOL-EDGE,8,2025-12-04,2028-12-04
ENT-0802571,ACC-10181,CON-070463,LI-0504258,SW-OBS-120,148,2025-12-04,2028-12-04
ENT-0802572,ACC-10181,CON-070463,LI-0504259,SUP-GOL-EDGE,2,2025-12-04,2028-12-04
ENT-0802573,ACC-10181,CON-070463,LI-0504260,SW-SDC-140,365,2025-12-04,2028-12-04
ENT-0802574,ACC-10181,CON-070463,LI-0504261,SUP-GOL-CORE,9,2025-12-04,2028-12-04
ENT-0802575,ACC-10181,CON-070464,LI-0504262,SW-SDC-120,243,2022-12-23,2023-12-23
ENT-0802576,ACC-10181,CON-070464,LI-0504264,SW-NOC-140,747,2022-12-23,2023-12-23
ENT-0802577,ACC-10181,CON-070464,LI-0504265,SUP-BRO-EDGE,2,2022-12-23,2023-12-23
ENT-0802578,ACC-10181,CON-070464,LI-0504269,SW-ZTN-120,230,2022-12-23,2023-12-23
ENT-0802579,ACC-10181,CON-070465,LI-0504272,SW-ZTN-120,126,2025-09-14,2026-09-14
ENT-0802580,ACC-10181,CON-070465,LI-0504273,SW-ZTN-140,701,2025-09-14,2026-09-14
ENT-0802581,ACC-10181,CON-070465,LI-0504274,SUP-GOL-DC,11,2025-09-14,2026-09-14
ENT-0802582,ACC-10181,CON-070465,LI-0504275,SW-SEC-110,159,2025-09-14,2026-09-14
ENT-0802583,ACC-10181,CON-070465,LI-0504277,SW-ZTN-120,621,2025-09-14,2026-09-14
ENT-0802584,ACC-10181,CON-070465,LI-0504278,SW-OBS-120,807,2025-09-14,2026-09-14
ENT-0802585,ACC-10181,CON-070465,LI-0504279,SUP-BRO-CORE,10,2025-09-14,2026-09-14
ENT-0802586,ACC-10181,CON-070465,LI-0504280,SW-OBS-110,386,2025-09-14,2026-09-14
ENT-0802587,ACC-10181,CON-070465,LI-0504281,SUP-BRO-DC,2,2025-09-14,2026-09-14
ENT-0802588,ACC-10181,CON-070465,LI-0504282,SW-OBS-140,643,2025-09-14,2026-09-14
ENT-0802589,ACC-10181,CON-070465,LI-0504284,SW-ZTN-110,468,2025-09-14,2026-09-14
ENT-0802590,ACC-10181,CON-070466,LI-0504286,SUP-SIL-DC,9,2022-05-07,2025-05-07
ENT-0802591,ACC-10181,CON-070466,LI-0504287,SW-SEC-120,250,2022-05-07,2025-05-07
ENT-0802592,ACC-10181,CON-070466,LI-0504288,SUP-BRO-CORE,5,2022-05-07,2025-05-07
ENT-0802593,ACC-10182,CON-070467,LI-0504289,SUP-PLA-CORE,7,2022-11-20,2025-11-20
ENT-0802594,ACC-10182,CON-070467,LI-0504290,SUP-BRO-DC,7,2022-11-20,2025-11-20
ENT-0802595,ACC-10182,CON-070467,LI-0504291,SUP-GOL-DC,6,2022-11-20,2025-11-20
ENT-0802596,ACC-10182,CON-070467,LI-0504292,SW-SDC-110,473,2022-11-20,2025-11-20
ENT-0802597,ACC-10182,CON-070467,LI-0504293,SUP-PLA-CORE,6,2022-11-20,2025-11-20
ENT-0802598,ACC-10182,CON-070467,LI-0504294,SW-NOC-120,228,2024-01-17,2025-11-20
ENT-0802599,ACC-10182,CON-070467,LI-0504298,SUP-BRO-EDGE,6,2022-11-20,2025-11-20
ENT-0802600,ACC-10182,CON-070467,LI-0504299,SW-SEC-140,158,2022-11-20,2025-11-20
ENT-0802601,ACC-10182,CON-070468,LI-0504300,SUP-BRO-CORE,6,2023-11-14,2026-11-14
ENT-0802602,ACC-10182,CON-070468,LI-0504303,SW-OBS-120,497,2023-11-14,2026-11-14
ENT-0802603,ACC-10182,CON-070468,LI-0504304,SW-ZTN-120,214,2023-11-14,2026-11-14
ENT-0802604,ACC-10182,CON-070468,LI-0504305,SW-ZTN-140,355,2025-04-20,2026-11-14
ENT-0802605,ACC-10182,CON-070468,LI-0504306,SUP-GOL-DC,3,2023-11-14,2026-11-14
ENT-0802606,ACC-10182,CON-070468,LI-0504307,SW-SDC-130,27,2023-11-14,2026-11-14
ENT-0802607,ACC-10182,CON-070468,LI-0504308,SUP-SIL-DC,1,2023-11-14,2026-11-14
ENT-0802608,ACC-10182,CON-070469,LI-0504311,SUP-SIL-CORE,6,2023-12-30,2025-12-28
ENT-0802609,ACC-10182,CON-070469,LI-0504315,SUP-GOL-DC,6,2023-12-30,2025-12-28
ENT-0802610,ACC-10182,CON-070470,LI-0504316,SW-OBS-120,76,2025-06-30,2026-06-28
ENT-0802611,ACC-10182,CON-070470,LI-0504317,SW-NOC-140,479,2025-06-30,2026-06-28
ENT-0802612,ACC-10182,CON-070470,LI-0504318,SW-SEC-140,299,2025-06-30,2026-06-28
ENT-0802613,ACC-10183,CON-070471,LI-0504321,SUP-SIL-EDGE,1,2023-12-01,2025-12-01
ENT-0802614,ACC-10183,CON-070471,LI-0504323,SW-SDC-110,272,2023-12-01,2025-12-01
ENT-0802615,ACC-10183,CON-070471,LI-0504324,SUP-PLA-DC,1,2023-12-01,2025-12-01
ENT-0802616,ACC-10183,CON-070471,LI-0504325,SW-OBS-140,231,2023-12-01,2025-12-01
ENT-0802617,ACC-10183,CON-070471,LI-0504326,SUP-GOL-CORE,2,2023-12-01,2025-12-01
ENT-0802618,ACC-10183,CON-070472,LI-0504327,SUP-SIL-EDGE,3,2025-08-24,2030-08-24
ENT-0802619,ACC-10183,CON-070472,LI-0504328,SW-ZTN-130,336,2025-08-24,2030-08-24
ENT-0802620,ACC-10183,CON-070472,LI-0504330,SW-SDC-140,590,2025-08-24,2030-08-24
ENT-0802621,ACC-10184,CON-070473,LI-0504333,SW-ZTN-120,203,2025-03-19,2026-03-19
ENT-0802622,ACC-10184,CON-070473,LI-0504336,SW-OBS-130,778,2025-03-19,2026-03-19
ENT-0802623,ACC-10184,CON-070473,LI-0504338,SUP-SIL-CORE,10,2025-03-19,2026-03-19
ENT-0802624,ACC-10184,CON-070473,LI-0504339,SW-ZTN-120,772,2025-03-19,2026-03-19
ENT-0802625,ACC-10184,CON-070473,LI-0504340,SW-SEC-140,869,2025-03-19,2026-03-19
ENT-0802626,ACC-10184,CON-070473,LI-0504341,SUP-GOL-EDGE,11,2025-03-19,2026-03-19
ENT-0802627,ACC-10184,CON-070473,LI-0504342,SUP-SIL-CORE,10,2025-03-19,2026-03-19
ENT-0802628,ACC-10184,CON-070474,LI-0504343,SW-OBS-130,737,2022-07-04,2023-07-04
ENT-0802629,ACC-10184,CON-070474,LI-0504344,SW-OBS-130,822,2022-10-03,2023-07-04
ENT-0802630,ACC-10184,CON-070474,LI-0504347,SW-SDC-140,463,2022-07-04,2023-07-04
ENT-0802631,ACC-10184,CON-070474,LI-0504348,SUP-GOL-EDGE,1,2022-07-04,2023-07-04
ENT-0802632,ACC-10184,CON-070474,LI-0504350,SUP-PLA-CORE,1,2022-07-04,2023-07-04
ENT-0802633,ACC-10184,CON-070475,LI-0504353,SUP-PLA-DC,3,2023-03-01,2024-03-01
ENT-0802634,ACC-10184,CON-070475,LI-0504354,SW-ZTN-130,342,2023-03-01,2024-03-01
ENT-0802635,ACC-10184,CON-070475,LI-0504355,SW-ZTN-140,96,2023-03-01,2024-03-01
ENT-0802636,ACC-10184,CON-070475,LI-0504356,SW-NOC-110,88,2023-10-14,2024-03-01
ENT-0802637,ACC-10184,CON-070475,LI-0504357,SUP-PLA-CORE,11,2023-03-01,2024-03-01
ENT-0802638,ACC-10184,CON-070475,LI-0504358,SW-SEC-110,387,2023-03-01,2024-03-01
ENT-0802639,ACC-10185,CON-070476,LI-0504363,SUP-SIL-CORE,4,2024-06-11,2027-06-11
ENT-0802640,ACC-10185,CON-070476,LI-0504365,SW-OBS-130,425,2024-06-11,2027-06-11
ENT-0802641,ACC-10185,CON-070476,LI-0504369,SUP-BRO-EDGE,5,2024-06-11,2027-06-11
ENT-0802642,ACC-10185,CON-070477,LI-0504370,SUP-BRO-DC,2,2024-04-08,2027-04-08
ENT-0802643,ACC-10185,CON-070477,LI-0504371,SW-OBS-130,549,2024-04-08,2027-04-08
ENT-0802644,ACC-10185,CON-070477,LI-0504379,SUP-GOL-CORE,5,2024-04-08,2027-04-08
ENT-0802645,ACC-10185,CON-070478,LI-0504380,SUP-GOL-EDGE,1,2025-06-09,2026-06-09
ENT-0802646,ACC-10185,CON-070478,LI-0504381,SW-SEC-120,230,2025-06-09,2026-06-09
ENT-0802647,ACC-10185,CON-070478,LI-0504382,SW-NOC-140,88,2025-06-09,2026-06-09
ENT-0802648,ACC-10185,CON-070478,LI-0504383,SW-ZTN-110,208,2025-06-09,2026-06-09
ENT-0802649,ACC-10186,CON-070479,LI-0504385,SW-SDC-110,183,2025-04-20,2026-04-20
ENT-0802650,ACC-10186,CON-070479,LI-0504386,SW-ZTN-120,54,2025-04-20,2026-04-20
ENT-0802651,ACC-10186,CON-070479,LI-0504389,SW-NOC-110,107,2025-04-20,2026-04-20
ENT-0802652,ACC-10186,CON-070479,LI-0504390,SW-SDC-120,104,2025-04-20,2026-04-20
ENT-0802653,ACC-10186,CON-070479,LI-0504392,SW-NOC-140,68,2025-11-01,2026-04-20
ENT-0802654,ACC-10186,CON-070479,LI-0504393,SUP-SIL-CORE,1,2025-04-20,2026-04-20
ENT-0802655,ACC-10186,CON-070479,LI-0504395,SUP-GOL-EDGE,2,2025-04-20,2026-04-20
ENT-0802656,ACC-10187,CON-070480,LI-0504397,SW-SEC-120,165,2023-06-27,2026-06-27
ENT-0802657,ACC-10187,CON-070480,LI-0504398,SUP-PLA-CORE,4,2023-06-27,2026-06-27
ENT-0802658,ACC-10187,CON-070480,LI-0504399,SW-SEC-140,261,2023-06-27,2026-06-27
ENT-0802659,ACC-10187,CON-070480,LI-0504401,SUP-SIL-CORE,1,2024-11-07,2026-06-27
ENT-0802660,ACC-10187,CON-070480,LI-0504404,SW-SEC-110,109,2023-06-27,2026-06-27
ENT-0802661,ACC-10187,CON-070480,LI-0504405,SW-NOC-130,67,2023-06-27,2026-06-27
ENT-0802662,ACC-10187,CON-070480,LI-0504406,SW-SEC-130,88,2023-06-27,2026-06-27
ENT-0802663,ACC-10187,CON-070480,LI-0504407,SW-SDC-130,153,2023-06-27,2026-06-27
ENT-0802664,ACC-10188,CON-070481,LI-0504409,SUP-SIL-CORE,2,2023-05-13,2026-05-13
ENT-0802665,ACC-10188,CON-070481,LI-0504410,SUP-BRO-EDGE,2,2023-05-13,2026-05-13
ENT-0802666,ACC-10188,CON-070481,LI-0504411,SUP-GOL-DC,6,2023-05-13,2026-05-13
ENT-0802667,ACC-10188,CON-070481,LI-0504412,SW-SEC-120,67,2023-05-13,2026-05-13
ENT-0802668,ACC-10188,CON-070481,LI-0504413,SW-OBS-140,515,2025-01-17,2026-05-13
ENT-0802669,ACC-10188,CON-070481,LI-0504414,SUP-BRO-EDGE,1,2023-05-13,2026-05-13
ENT-0802670,ACC-10188,CON-070481,LI-0504415,SW-SDC-110,188,2023-05-13,2026-05-13
ENT-0802671,ACC-10188,CON-070481,LI-0504417,SUP-SIL-EDGE,1,2023-05-13,2026-05-13
ENT-0802672,ACC-10188,CON-070481,LI-0504418,SUP-SIL-EDGE,4,2023-05-13,2026-05-13
ENT-0802673,ACC-10188,CON-070481,LI-0504419,SW-ZTN-110,117,2023-05-13,2026-05-13
ENT-0802674,ACC-10188,CON-070481,LI-0504422,SUP-PLA-DC,1,2023-05-13,2026-05-13
ENT-0802675,ACC-10188,CON-070482,LI-0504423,SW-ZTN-110,63,2024-10-31,2026-10-28
ENT-0802676,ACC-10188,CON-070482,LI-0504424,SUP-SIL-DC,2,2024-10-31,2026-10-28
ENT-0802677,ACC-10188,CON-070482,LI-0504426,SW-OBS-110,199,2024-10-31,2026-10-28
ENT-0802678,ACC-10188,CON-070482,LI-0504428,SW-OBS-140,497,2024-10-31,2026-10-28
ENT-0802679,ACC-10188,CON-070482,LI-0504430,SUP-GOL-DC,1,2025-11-23,2026-10-28
ENT-0802680,ACC-10189,CON-070483,LI-0504431,SUP-GOL-DC,1,2024-07-23,2027-07-23
ENT-0802681,ACC-10189,CON-070483,LI-0504432,SW-SDC-110,247,2024-07-23,2027-07-23
ENT-0802682,ACC-10189,CON-070483,LI-0504433,SW-SDC-120,233,2024-07-23,2027-07-23
ENT-0802683,ACC-10189,CON-070483,LI-0504436,SUP-PLA-DC,1,2024-07-23,2027-07-23
ENT-0802684,ACC-10189,CON-070483,LI-0504437,SW-NOC-140,113,2024-07-23,2027-07-23
ENT-0802685,ACC-10189,CON-070483,LI-0504438,SUP-PLA-CORE,1,2024-07-23,2027-07-23
ENT-0802686,ACC-10189,CON-070483,LI-0504439,SW-SEC-140,23,2024-07-23,2027-07-23
ENT-0802687,ACC-10189,CON-070483,LI-0504440,SUP-PLA-DC,3,2024-07-23,2027-07-23
ENT-0802688,ACC-10189,CON-070483,LI-0504441,SW-SDC-110,280,2024-07-23,2027-07-23
ENT-0802689,ACC-10190,CON-070484,LI-0504444,SUP-BRO-DC,1,2024-07-09,2029-07-09
ENT-0802690,ACC-10190,CON-070484,LI-0504446,SW-SEC-120,533,2024-07-09,2029-07-09
ENT-0802691,ACC-10190,CON-070484,LI-0504447,SW-SEC-120,488,2024-07-09,2029-07-09
ENT-0802692,ACC-10190,CON-070484,LI-0504448,SW-NOC-120,663,2024-07-09,2029-07-09
ENT-0802693,ACC-10190,CON-070485,LI-0504450,SW-NOC-110,36,2022-01-31,2025-01-28
ENT-0802694,ACC-10190,CON-070485,LI-0504454,SW-NOC-140,31,2022-01-31,2025-01-28
ENT-0802695,ACC-10190,CON-070486,LI-0504456,SW-OBS-130,607,2023-04-27,2024-04-27
ENT-0802696,ACC-10190,CON-070486,LI-0504457,SW-NOC-130,553,2023-04-27,2024-04-27
ENT-0802697,ACC-10190,CON-070486,LI-0504459,SW-OBS-110,401,2023-04-27,2024-04-27
ENT-0802698,ACC-10190,CON-070486,LI-0504460,SW-ZTN-120,600,2023-04-27,2024-04-27
ENT-0802699,ACC-10190,CON-070486,LI-0504461,SUP-SIL-DC,4,2023-04-27,2024-04-27
ENT-0802700,ACC-10190,CON-070487,LI-0504464,SW-OBS-140,273,2024-04-07,2027-04-07
ENT-0802701,ACC-10190,CON-070487,LI-0504466,SUP-BRO-CORE,5,2026-05-12,2027-04-07
ENT-0802702,ACC-10190,CON-070487,LI-0504467,SW-NOC-120,415,2024-04-07,2027-04-07
ENT-0802703,ACC-10191,CON-070488,LI-0504468,SUP-SIL-DC,3,2025-08-18,2026-08-18
ENT-0802704,ACC-10191,CON-070488,LI-0504469,SUP-PLA-DC,1,2025-08-18,2026-08-18
ENT-0802705,ACC-10191,CON-070488,LI-0504470,SW-SEC-140,237,2026-02-08,2026-08-18
ENT-0802706,ACC-10191,CON-070488,LI-0504471,SW-ZTN-120,270,2025-08-18,2026-08-18
ENT-0802707,ACC-10191,CON-070488,LI-0504472,SW-ZTN-140,478,2025-08-18,2026-08-18
ENT-0802708,ACC-10191,CON-070488,LI-0504473,SW-ZTN-140,383,2026-03-23,2026-08-18
ENT-0802709,ACC-10191,CON-070488,LI-0504474,SUP-BRO-EDGE,4,2025-08-18,2026-08-18
ENT-0802710,ACC-10191,CON-070488,LI-0504475,SW-SEC-130,352,2025-08-18,2026-08-18
ENT-0802711,ACC-10191,CON-070488,LI-0504477,SUP-GOL-EDGE,6,2025-08-18,2026-08-18
ENT-0802712,ACC-10191,CON-070489,LI-0504479,SUP-GOL-DC,5,2025-05-27,2028-05-27
ENT-0802713,ACC-10191,CON-070489,LI-0504480,SUP-GOL-DC,7,2025-05-27,2028-05-27
ENT-0802714,ACC-10191,CON-070489,LI-0504481,SUP-GOL-DC,6,2025-05-27,2028-05-27
ENT-0802715,ACC-10191,CON-070489,LI-0504482,SUP-BRO-CORE,4,2027-10-26,2028-05-27
ENT-0802716,ACC-10191,CON-070489,LI-0504483,SW-ZTN-130,352,2025-05-27,2028-05-27
ENT-0802717,ACC-10191,CON-070489,LI-0504485,SW-SDC-110,36,2025-05-27,2028-05-27
ENT-0802718,ACC-10191,CON-070489,LI-0504488,SUP-PLA-DC,4,2025-05-27,2028-05-27
ENT-0802719,ACC-10192,CON-070490,LI-0504489,SUP-GOL-DC,1,2023-09-12,2026-09-12
ENT-0802720,ACC-10192,CON-070490,LI-0504490,SW-ZTN-130,403,2023-09-12,2026-09-12
ENT-0802721,ACC-10192,CON-070490,LI-0504491,SW-NOC-130,499,2023-09-12,2026-09-12
ENT-0802722,ACC-10192,CON-070490,LI-0504492,SW-ZTN-110,347,2023-09-12,2026-09-12
ENT-0802723,ACC-10192,CON-070491,LI-0504500,SW-SEC-120,191,2022-07-04,2024-07-04
ENT-0802724,ACC-10192,CON-070491,LI-0504501,SW-SDC-140,368,2022-07-04,2024-07-04
ENT-0802725,ACC-10192,CON-070491,LI-0504502,SUP-BRO-CORE,8,2023-05-30,2024-07-04
ENT-0802726,ACC-10192,CON-070491,LI-0504503,SW-OBS-140,298,2022-07-04,2024-07-04
ENT-0802727,ACC-10192,CON-070491,LI-0504504,SW-NOC-140,593,2022-07-04,2024-07-04
ENT-0802728,ACC-10192,CON-070491,LI-0504505,SUP-SIL-CORE,6,2022-07-04,2024-07-04
ENT-0802729,ACC-10192,CON-070491,LI-0504506,SW-NOC-120,352,2022-07-04,2024-07-04
ENT-0802730,ACC-10192,CON-070491,LI-0504507,SW-ZTN-110,154,2023-01-24,2024-07-04
ENT-0802731,ACC-10193,CON-070492,LI-0504508,SW-NOC-110,851,2023-04-14,2024-01-01
ENT-0802732,ACC-10193,CON-070492,LI-0504509,SW-SEC-140,818,2022-01-01,2024-01-01
ENT-0802733,ACC-10193,CON-070492,LI-0504510,SUP-GOL-EDGE,5,2022-01-01,2024-01-01
ENT-0802734,ACC-10193,CON-070492,LI-0504512,SW-SEC-110,340,2022-01-01,2024-01-01
ENT-0802735,ACC-10193,CON-070492,LI-0504514,SW-ZTN-120,713,2022-01-01,2024-01-01
ENT-0802736,ACC-10193,CON-070492,LI-0504517,SW-ZTN-110,232,2022-01-01,2024-01-01
ENT-0802737,ACC-10193,CON-070492,LI-0504518,SW-OBS-110,833,2022-01-01,2024-01-01
ENT-0802738,ACC-10193,CON-070492,LI-0504520,SUP-BRO-CORE,7,2022-01-01,2024-01-01
ENT-0802739,ACC-10193,CON-070493,LI-0504521,SW-SDC-140,100,2024-07-02,2025-02-04
ENT-0802740,ACC-10193,CON-070493,LI-0504522,SUP-GOL-DC,1,2024-02-04,2025-02-04
ENT-0802741,ACC-10193,CON-070493,LI-0504523,SW-ZTN-130,444,2024-02-04,2025-02-04
ENT-0802742,ACC-10193,CON-070493,LI-0504524,SW-ZTN-140,227,2024-02-04,2025-02-04
ENT-0802743,ACC-10193,CON-070494,LI-0504525,SUP-SIL-DC,3,2025-09-07,2026-09-07
ENT-0802744,ACC-10193,CON-070494,LI-0504527,SW-SDC-130,86,2025-09-07,2026-09-07
ENT-0802745,ACC-10193,CON-070494,LI-0504528,SUP-BRO-DC,4,2026-03-04,2026-09-07
ENT-0802746,ACC-10193,CON-070494,LI-0504529,SUP-BRO-CORE,7,2025-09-07,2026-09-07
ENT-0802747,ACC-10194,CON-070495,LI-0504535,SUP-PLA-EDGE,3,2025-12-05,2027-12-05
ENT-0802748,ACC-10194,CON-070495,LI-0504537,SUP-SIL-CORE,2,2025-12-05,2027-12-05
ENT-0802749,ACC-10194,CON-070495,LI-0504538,SW-NOC-140,191,2025-12-05,2027-12-05
ENT-0802750,ACC-10194,CON-070495,LI-0504542,SW-NOC-130,104,2025-12-05,2027-12-05
ENT-0802751,ACC-10194,CON-070495,LI-0504543,SUP-PLA-DC,1,2027-01-09,2027-12-05
ENT-0802752,ACC-10194,CON-070496,LI-0504544,SW-SEC-140,310,2025-02-23,2030-02-23
ENT-0802753,ACC-10194,CON-070496,LI-0504546,SW-OBS-140,202,2025-02-23,2030-02-23
ENT-0802754,ACC-10194,CON-070496,LI-0504547,SW-SEC-140,158,2025-02-23,2030-02-23
ENT-0802755,ACC-10194,CON-070496,LI-0504548,SUP-BRO-DC,2,2025-02-23,2030-02-23
ENT-0802756,ACC-10194,CON-070496,LI-0504549,SW-SDC-110,130,2025-02-23,2030-02-23
ENT-0802757,ACC-10194,CON-070496,LI-0504550,SW-SDC-120,27,2025-02-23,2030-02-23
ENT-0802758,ACC-10194,CON-070496,LI-0504552,SW-SEC-140,325,2025-02-23,2030-02-23
ENT-0802759,ACC-10194,CON-070496,LI-0504553,SUP-SIL-CORE,3,2025-02-23,2030-02-23
ENT-0802760,ACC-10195,CON-070497,LI-0504554,SUP-PLA-CORE,2,2023-04-12,2024-04-12
ENT-0802761,ACC-10195,CON-070497,LI-0504555,SW-SEC-110,265,2023-09-04,2024-04-12
ENT-0802762,ACC-10195,CON-070497,LI-0504557,SW-OBS-110,342,2023-09-11,2024-04-12
ENT-0802763,ACC-10195,CON-070497,LI-0504558,SW-SDC-130,302,2023-04-12,2024-04-12
ENT-0802764,ACC-10195,CON-070497,LI-0504559,SW-NOC-130,182,2023-04-12,2024-04-12
ENT-0802765,ACC-10195,CON-070497,LI-0504561,SW-NOC-110,290,2023-09-04,2024-04-12
ENT-0802766,ACC-10196,CON-070498,LI-0504564,SW-NOC-140,370,2022-07-24,2024-07-24
ENT-0802767,ACC-10196,CON-070498,LI-0504566,SW-NOC-110,126,2022-07-24,2024-07-24
ENT-0802768,ACC-10196,CON-070498,LI-0504567,SW-OBS-120,555,2022-07-24,2024-07-24
ENT-0802769,ACC-10197,CON-070499,LI-0504569,SUP-SIL-EDGE,6,2025-06-25,2030-06-25
ENT-0802770,ACC-10197,CON-070499,LI-0504570,SW-OBS-110,758,2025-06-25,2030-06-25
ENT-0802771,ACC-10197,CON-070499,LI-0504571,SUP-PLA-CORE,3,2025-06-25,2030-06-25
ENT-0802772,ACC-10197,CON-070499,LI-0504572,SUP-BRO-CORE,3,2025-06-25,2030-06-25
ENT-0802773,ACC-10197,CON-070499,LI-0504574,SUP-BRO-EDGE,1,2025-06-25,2030-06-25
ENT-0802774,ACC-10197,CON-070499,LI-0504575,SUP-GOL-EDGE,1,2025-06-25,2030-06-25
ENT-0802775,ACC-10197,CON-070499,LI-0504576,SW-NOC-140,379,2025-06-25,2030-06-25
ENT-0802776,ACC-10197,CON-070499,LI-0504577,SW-SEC-120,389,2025-06-25,2030-06-25
ENT-0802777,ACC-10197,CON-070500,LI-0504578,SW-NOC-120,484,2025-06-18,2028-06-18
ENT-0802778,ACC-10197,CON-070500,LI-0504579,SW-SDC-140,130,2025-06-18,2028-06-18
ENT-0802779,ACC-10197,CON-070500,LI-0504581,SW-ZTN-120,76,2025-06-18,2028-06-18
ENT-0802780,ACC-10197,CON-070500,LI-0504583,SUP-BRO-EDGE,4,2025-06-18,2028-06-18
ENT-0802781,ACC-10197,CON-070500,LI-0504584,SW-NOC-130,75,2026-09-23,2028-06-18
ENT-0802782,ACC-10197,CON-070500,LI-0504585,SUP-SIL-CORE,10,2025-06-18,2028-06-18
ENT-0802783,ACC-10198,CON-070501,LI-0504587,SW-SDC-120,56,2022-03-06,2025-03-06
ENT-0802784,ACC-10198,CON-070501,LI-0504589,SW-OBS-120,533,2022-03-06,2025-03-06
ENT-0802785,ACC-10198,CON-070501,LI-0504590,SW-NOC-140,201,2022-03-06,2025-03-06
ENT-0802786,ACC-10198,CON-070501,LI-0504593,SW-OBS-140,303,2022-03-06,2025-03-06
ENT-0802787,ACC-10198,CON-070502,LI-0504594,SUP-SIL-DC,2,2026-04-13,2026-11-05
ENT-0802788,ACC-10198,CON-070502,LI-0504596,SUP-PLA-EDGE,8,2026-01-08,2026-11-05
ENT-0802789,ACC-10198,CON-070502,LI-0504597,SW-SDC-110,487,2025-11-05,2026-11-05
ENT-0802790,ACC-10198,CON-070502,LI-0504598,SW-ZTN-120,68,2025-11-05,2026-11-05
ENT-0802791,ACC-10198,CON-070502,LI-0504599,SW-SDC-110,607,2025-11-05,2026-11-05
ENT-0802792,ACC-10198,CON-070502,LI-0504601,SUP-SIL-EDGE,6,2025-11-05,2026-11-05
ENT-0802793,ACC-10198,CON-070502,LI-0504603,SW-SEC-130,562,2025-11-05,2026-11-05
ENT-0802794,ACC-10198,CON-070502,LI-0504604,SUP-SIL-CORE,4,2025-11-05,2026-11-05
ENT-0802795,ACC-10198,CON-070502,LI-0504605,SUP-SIL-DC,3,2026-04-14,2026-11-05
ENT-0802796,ACC-10198,CON-070502,LI-0504606,SUP-GOL-CORE,6,2025-11-05,2026-11-05
ENT-0802797,ACC-10198,CON-070503,LI-0504608,SW-NOC-110,79,2022-01-17,2025-01-17
ENT-0802798,ACC-10198,CON-070503,LI-0504609,SW-SDC-110,276,2022-01-17,2025-01-17
ENT-0802799,ACC-10198,CON-070503,LI-0504612,SW-SEC-120,497,2022-01-17,2025-01-17
ENT-0802800,ACC-10198,CON-070503,LI-0504613,SUP-BRO-DC,8,2022-01-17,2025-01-17
ENT-0802801,ACC-10199,CON-070504,LI-0504615,SUP-PLA-EDGE,1,2022-07-15,2025-07-15
ENT-0802802,ACC-10199,CON-070504,LI-0504616,SW-SDC-120,325,2023-05-21,2025-07-15
ENT-0802803,ACC-10199,CON-070504,LI-0504617,SW-NOC-110,307,2022-07-15,2025-07-15
ENT-0802804,ACC-10200,CON-070505,LI-0504619,SW-SEC-140,126,2024-03-15,2025-03-15
ENT-0802805,ACC-10200,CON-070505,LI-0504620,SUP-BRO-EDGE,3,2024-03-15,2025-03-15
ENT-0802806,ACC-10200,CON-070505,LI-0504621,SUP-SIL-DC,6,2024-03-15,2025-03-15
ENT-0802807,ACC-10200,CON-070505,LI-0504623,SW-ZTN-120,374,2024-03-15,2025-03-15
ENT-0802808,ACC-10200,CON-070505,LI-0504624,SW-ZTN-130,165,2024-03-15,2025-03-15
ENT-0802809,ACC-10200,CON-070505,LI-0504625,SW-ZTN-130,600,2024-03-15,2025-03-15
ENT-0802810,ACC-10200,CON-070505,LI-0504626,SW-SDC-120,265,2024-03-15,2025-03-15
ENT-0802811,ACC-10200,CON-070505,LI-0504627,SW-NOC-120,201,2024-03-15,2025-03-15
ENT-0802812,ACC-10200,CON-070505,LI-0504628,SW-SEC-140,349,2024-03-15,2025-03-15
ENT-0802813,ACC-10200,CON-070505,LI-0504629,SW-SEC-120,25,2024-03-15,2025-03-15
ENT-0802814,ACC-10200,CON-070506,LI-0504630,SUP-BRO-DC,1,2023-12-26,2025-12-26
ENT-0802815,ACC-10200,CON-070506,LI-0504632,SW-SEC-110,20,2023-12-26,2025-12-26
ENT-0802816,ACC-10200,CON-070506,LI-0504634,SW-SEC-120,197,2023-12-26,2025-12-26
ENT-0802817,ACC-10200,CON-070506,LI-0504635,SUP-GOL-DC,1,2023-12-26,2025-12-26
ENT-0802818,ACC-10200,CON-070506,LI-0504636,SW-SDC-120,571,2023-12-26,2025-12-26
ENT-0802819,ACC-10200,CON-070506,LI-0504640,SW-SDC-140,589,2025-03-04,2025-12-26
ENT-0802820,ACC-10200,CON-070506,LI-0504641,SW-ZTN-130,93,2023-12-26,2025-12-26
ENT-0802821,ACC-10201,CON-070507,LI-0504642,SW-ZTN-120,61,2023-11-12,2024-11-12
ENT-0802822,ACC-10201,CON-070507,LI-0504643,SW-OBS-130,344,2023-11-12,2024-11-12
ENT-0802823,ACC-10201,CON-070507,LI-0504646,SUP-BRO-EDGE,1,2023-11-12,2024-11-12
ENT-0802824,ACC-10201,CON-070507,LI-0504647,SW-OBS-130,151,2023-11-12,2024-11-12
ENT-0802825,ACC-10201,CON-070507,LI-0504648,SUP-PLA-DC,5,2023-11-12,2024-11-12
ENT-0802826,ACC-10201,CON-070507,LI-0504649,SUP-BRO-CORE,5,2023-11-12,2024-11-12
ENT-0802827,ACC-10201,CON-070507,LI-0504651,SUP-PLA-EDGE,4,2023-11-12,2024-11-12
ENT-0802828,ACC-10202,CON-070508,LI-0504654,SUP-GOL-DC,1,2022-04-21,2023-04-21
ENT-0802829,ACC-10202,CON-070508,LI-0504655,SUP-GOL-DC,1,2022-04-21,2023-04-21
ENT-0802830,ACC-10202,CON-070508,LI-0504658,SUP-SIL-CORE,1,2022-04-21,2023-04-21
ENT-0802831,ACC-10202,CON-070508,LI-0504659,SW-OBS-110,264,2022-04-21,2023-04-21
ENT-0802832,ACC-10202,CON-070509,LI-0504660,SW-NOC-130,173,2024-12-10,2027-12-10
ENT-0802833,ACC-10202,CON-070509,LI-0504661,SUP-SIL-DC,3,2024-12-10,2027-12-10
ENT-0802834,ACC-10202,CON-070509,LI-0504662,SW-SEC-130,282,2025-06-17,2027-12-10
ENT-0802835,ACC-10202,CON-070509,LI-0504664,SW-NOC-120,117,2024-12-10,2027-12-10
ENT-0802836,ACC-10203,CON-070510,LI-0504665,SUP-SIL-DC,2,2024-06-17,2025-06-17
ENT-0802837,ACC-10203,CON-070510,LI-0504667,SW-SEC-130,53,2024-06-17,2025-06-17
ENT-0802838,ACC-10203,CON-070510,LI-0504668,SUP-BRO-DC,7,2024-06-17,2025-06-17
ENT-0802839,ACC-10203,CON-070510,LI-0504669,SUP-SIL-DC,1,2024-06-17,2025-06-17
ENT-0802840,ACC-10203,CON-070510,LI-0504671,SUP-BRO-EDGE,4,2024-06-17,2025-06-17
ENT-0802841,ACC-10203,CON-070510,LI-0504673,SW-SDC-130,395,2024-06-17,2025-06-17
ENT-0802842,ACC-10203,CON-070510,LI-0504674,SUP-GOL-EDGE,8,2024-06-17,2025-06-17
ENT-0802843,ACC-10203,CON-070511,LI-0504681,SUP-BRO-EDGE,4,2025-08-27,2030-08-27
ENT-0802844,ACC-10204,CON-070512,LI-0504682,SW-SEC-110,724,2024-03-13,2027-03-13
ENT-0802845,ACC-10204,CON-070512,LI-0504683,SUP-SIL-EDGE,2,2024-03-13,2027-03-13
ENT-0802846,ACC-10204,CON-070512,LI-0504684,SW-NOC-110,643,2025-07-01,2027-03-13
ENT-0802847,ACC-10204,CON-070512,LI-0504686,SW-SDC-120,510,2024-03-13,2027-03-13
ENT-0802848,ACC-10204,CON-070513,LI-0504690,SW-OBS-110,397,2022-06-22,2027-06-22
ENT-0802849,ACC-10204,CON-070513,LI-0504692,SUP-SIL-EDGE,5,2022-06-22,2027-06-22
ENT-0802850,ACC-10204,CON-070513,LI-0504693,SUP-SIL-EDGE,4,2022-06-22,2027-06-22
ENT-0802851,ACC-10204,CON-070513,LI-0504695,SUP-PLA-EDGE,8,2022-06-22,2027-06-22
ENT-0802852,ACC-10204,CON-070513,LI-0504700,SUP-GOL-EDGE,3,2022-06-22,2027-06-22
ENT-0802853,ACC-10205,CON-070514,LI-0504701,SW-ZTN-110,238,2022-11-06,2024-11-06
ENT-0802854,ACC-10205,CON-070514,LI-0504703,SW-ZTN-140,315,2022-11-06,2024-11-06
ENT-0802855,ACC-10205,CON-070514,LI-0504704,SUP-PLA-DC,4,2022-11-06,2024-11-06
ENT-0802856,ACC-10205,CON-070514,LI-0504705,SW-SEC-110,294,2022-11-06,2024-11-06
ENT-0802857,ACC-10205,CON-070515,LI-0504708,SUP-SIL-DC,1,2025-12-27,2026-12-27
ENT-0802858,ACC-10205,CON-070515,LI-0504709,SUP-PLA-DC,2,2025-12-27,2026-12-27
ENT-0802859,ACC-10205,CON-070515,LI-0504710,SUP-BRO-DC,2,2025-12-27,2026-12-27
ENT-0802860,ACC-10206,CON-070516,LI-0504711,SW-SEC-140,93,2023-02-19,2025-02-19
ENT-0802861,ACC-10206,CON-070516,LI-0504713,SUP-GOL-EDGE,1,2023-02-19,2025-02-19
ENT-0802862,ACC-10206,CON-070516,LI-0504714,SW-OBS-110,361,2023-02-19,2025-02-19
ENT-0802863,ACC-10206,CON-070517,LI-0504717,SW-OBS-130,205,2025-02-28,2028-02-28
ENT-0802864,ACC-10206,CON-070517,LI-0504718,SUP-SIL-EDGE,6,2025-02-28,2028-02-28
ENT-0802865,ACC-10206,CON-070517,LI-0504720,SW-ZTN-140,483,2025-02-28,2028-02-28
ENT-0802866,ACC-10206,CON-070517,LI-0504721,SUP-BRO-CORE,6,2025-02-28,2028-02-28
ENT-0802867,ACC-10206,CON-070517,LI-0504722,SUP-SIL-CORE,2,2025-02-28,2028-02-28
ENT-0802868,ACC-10206,CON-070517,LI-0504723,SW-OBS-130,284,2025-02-28,2028-02-28
ENT-0802869,ACC-10206,CON-070517,LI-0504724,SUP-GOL-DC,1,2025-02-28,2028-02-28
ENT-0802870,ACC-10207,CON-070518,LI-0504726,SW-ZTN-130,248,2023-10-24,2026-10-24
ENT-0802871,ACC-10207,CON-070518,LI-0504727,SW-SDC-130,126,2023-10-24,2026-10-24
ENT-0802872,ACC-10207,CON-070518,LI-0504728,SUP-SIL-EDGE,1,2023-10-24,2026-10-24
ENT-0802873,ACC-10207,CON-070518,LI-0504730,SW-ZTN-130,87,2023-10-24,2026-10-24
ENT-0802874,ACC-10207,CON-070518,LI-0504731,SUP-GOL-EDGE,1,2023-10-24,2026-10-24
ENT-0802875,ACC-10207,CON-070518,LI-0504732,SW-OBS-120,46,2023-10-24,2026-10-24
ENT-0802876,ACC-10207,CON-070518,LI-0504733,SUP-SIL-CORE,5,2023-10-24,2026-10-24
ENT-0802877,ACC-10207,CON-070518,LI-0504734,SW-SEC-140,111,2023-10-24,2026-10-24
ENT-0802878,ACC-10207,CON-070519,LI-0504735,SUP-PLA-DC,1,2023-10-11,2026-10-11
ENT-0802879,ACC-10207,CON-070519,LI-0504736,SW-SDC-120,149,2023-10-11,2026-10-11
ENT-0802880,ACC-10207,CON-070519,LI-0504737,SW-SDC-130,153,2023-10-11,2026-10-11
ENT-0802881,ACC-10207,CON-070519,LI-0504739,SUP-PLA-CORE,1,2023-10-11,2026-10-11
ENT-0802882,ACC-10208,CON-070520,LI-0504743,SW-SEC-120,214,2023-03-05,2026-03-05
ENT-0802883,ACC-10208,CON-070520,LI-0504744,SW-ZTN-110,227,2023-03-05,2026-03-05
ENT-0802884,ACC-10208,CON-070520,LI-0504746,SW-SEC-130,313,2023-03-05,2026-03-05
ENT-0802885,ACC-10208,CON-070520,LI-0504747,SW-NOC-110,336,2023-03-05,2026-03-05
ENT-0802886,ACC-10208,CON-070520,LI-0504749,SUP-SIL-EDGE,3,2023-03-05,2026-03-05
ENT-0802887,ACC-10208,CON-070521,LI-0504752,SUP-BRO-EDGE,1,2023-02-04,2026-02-04
ENT-0802888,ACC-10208,CON-070521,LI-0504753,SUP-PLA-CORE,2,2023-02-04,2026-02-04
ENT-0802889,ACC-10208,CON-070521,LI-0504755,SW-OBS-140,164,2023-02-04,2026-02-04
ENT-0802890,ACC-10208,CON-070521,LI-0504756,SW-NOC-120,28,2023-09-07,2026-02-04
ENT-0802891,ACC-10208,CON-070521,LI-0504758,SUP-BRO-DC,1,2023-02-04,2026-02-04
ENT-0802892,ACC-10208,CON-070521,LI-0504759,SUP-SIL-DC,3,2023-02-04,2026-02-04
ENT-0802893,ACC-10208,CON-070521,LI-0504760,SUP-SIL-EDGE,1,2023-02-04,2026-02-04
ENT-0802894,ACC-10208,CON-070521,LI-0504761,SW-ZTN-140,152,2023-02-04,2026-02-04
ENT-0802895,ACC-10209,CON-070522,LI-0504762,SUP-PLA-DC,1,2024-12-19,2027-12-19
ENT-0802896,ACC-10209,CON-070522,LI-0504763,SW-SEC-120,40,2024-12-19,2027-12-19
ENT-0802897,ACC-10209,CON-070522,LI-0504764,SW-SEC-130,280,2024-12-19,2027-12-19
ENT-0802898,ACC-10209,CON-070522,LI-0504766,SUP-GOL-DC,4,2024-12-19,2027-12-19
ENT-0802899,ACC-10209,CON-070522,LI-0504767,SW-NOC-110,436,2024-12-19,2027-12-19
ENT-0802900,ACC-10209,CON-070522,LI-0504769,SW-SDC-140,188,2024-12-19,2027-12-19
ENT-0802901,ACC-10209,CON-070522,LI-0504770,SW-OBS-140,446,2024-12-19,2027-12-19
ENT-0802902,ACC-10209,CON-070522,LI-0504771,SW-SEC-130,180,2024-12-19,2027-12-19
ENT-0802903,ACC-10209,CON-070522,LI-0504773,SW-SDC-130,175,2024-12-19,2027-12-19
ENT-0802904,ACC-10209,CON-070522,LI-0504774,SW-SEC-130,380,2024-12-19,2027-12-19
ENT-0802905,ACC-10210,CON-070523,LI-0504776,SW-SEC-140,607,2023-04-07,2028-04-07
ENT-0802906,ACC-10210,CON-070523,LI-0504777,SUP-GOL-DC,7,2023-04-07,2028-04-07
ENT-0802907,ACC-10210,CON-070523,LI-0504778,SW-SDC-140,571,2023-04-07,2028-04-07
ENT-0802908,ACC-10210,CON-070524,LI-0504782,SW-SDC-110,84,2022-11-21,2025-11-21
ENT-0802909,ACC-10210,CON-070524,LI-0504783,SW-SDC-140,201,2022-11-21,2025-11-21
ENT-0802910,ACC-10210,CON-070524,LI-0504784,SW-NOC-140,512,2022-11-21,2025-11-21
ENT-0802911,ACC-10210,CON-070524,LI-0504785,SUP-GOL-DC,5,2022-11-21,2025-11-21
ENT-0802912,ACC-10210,CON-070524,LI-0504786,SUP-GOL-DC,11,2022-11-21,2025-11-21
ENT-0802913,ACC-10210,CON-070524,LI-0504787,SW-SEC-120,991,2022-11-21,2025-11-21
ENT-0802914,ACC-10211,CON-070525,LI-0504789,SUP-SIL-EDGE,6,2023-06-13,2026-06-13
ENT-0802915,ACC-10211,CON-070525,LI-0504790,SW-OBS-110,179,2023-06-13,2026-06-13
ENT-0802916,ACC-10211,CON-070525,LI-0504791,SUP-SIL-EDGE,3,2023-06-13,2026-06-13
ENT-0802917,ACC-10211,CON-070525,LI-0504792,SUP-BRO-DC,10,2023-11-28,2026-06-13
ENT-0802918,ACC-10211,CON-070525,LI-0504795,SW-ZTN-130,205,2023-06-13,2026-06-13
ENT-0802919,ACC-10211,CON-070525,LI-0504798,SUP-GOL-EDGE,3,2023-06-13,2026-06-13
ENT-0802920,ACC-10211,CON-070525,LI-0504799,SW-ZTN-140,417,2023-06-13,2026-06-13
ENT-0802921,ACC-10211,CON-070526,LI-0504801,SUP-SIL-EDGE,2,2023-05-12,2025-05-12
ENT-0802922,ACC-10211,CON-070526,LI-0504802,SW-NOC-140,641,2024-08-20,2025-05-12
ENT-0802923,ACC-10211,CON-070526,LI-0504803,SW-SDC-140,346,2023-05-12,2025-05-12
ENT-0802924,ACC-10211,CON-070526,LI-0504804,SUP-SIL-EDGE,1,2023-05-12,2025-05-12
ENT-0802925,ACC-10211,CON-070526,LI-0504805,SUP-SIL-DC,4,2023-05-12,2025-05-12
ENT-0802926,ACC-10211,CON-070526,LI-0504806,SW-OBS-120,167,2023-05-12,2025-05-12
ENT-0802927,ACC-10211,CON-070526,LI-0504809,SUP-BRO-DC,7,2023-05-12,2025-05-12
ENT-0802928,ACC-10211,CON-070526,LI-0504811,SW-SEC-140,686,2023-05-12,2025-05-12
ENT-0802929,ACC-10211,CON-070526,LI-0504813,SW-NOC-130,390,2023-05-12,2025-05-12
ENT-0802930,ACC-10211,CON-070527,LI-0504814,SW-SEC-120,750,2023-10-15,2025-10-15
ENT-0802931,ACC-10211,CON-070527,LI-0504818,SW-SDC-120,341,2024-03-16,2025-10-15
ENT-0802932,ACC-10212,CON-070528,LI-0504821,SW-SEC-110,50,2024-07-12,2029-07-12
ENT-0802933,ACC-10212,CON-070528,LI-0504822,SW-SDC-120,219,2024-07-12,2029-07-12
ENT-0802934,ACC-10212,CON-070528,LI-0504823,SW-NOC-130,776,2024-07-12,2029-07-12
ENT-0802935,ACC-10212,CON-070528,LI-0504826,SW-SEC-130,715,2024-07-12,2029-07-12
ENT-0802936,ACC-10212,CON-070528,LI-0504828,SUP-GOL-DC,11,2024-07-12,2029-07-12
ENT-0802937,ACC-10212,CON-070528,LI-0504829,SW-SDC-110,72,2024-07-12,2029-07-12
ENT-0802938,ACC-10212,CON-070528,LI-0504830,SW-ZTN-110,598,2024-07-12,2029-07-12
ENT-0802939,ACC-10212,CON-070529,LI-0504831,SUP-BRO-CORE,11,2024-09-17,2029-09-17
ENT-0802940,ACC-10212,CON-070529,LI-0504832,SW-SEC-120,187,2024-09-17,2029-09-17
ENT-0802941,ACC-10212,CON-070529,LI-0504833,SUP-GOL-EDGE,1,2024-09-17,2029-09-17
ENT-0802942,ACC-10212,CON-070529,LI-0504836,SW-ZTN-120,533,2024-09-17,2029-09-17
ENT-0802943,ACC-10213,CON-070530,LI-0504838,SUP-SIL-CORE,3,2025-09-28,2027-02-22
ENT-0802944,ACC-10213,CON-070530,LI-0504840,SW-SEC-140,117,2024-02-22,2027-02-22
ENT-0802945,ACC-10213,CON-070530,LI-0504841,SUP-BRO-DC,1,2024-02-22,2027-02-22
ENT-0802946,ACC-10213,CON-070530,LI-0504842,SW-OBS-140,37,2024-02-22,2027-02-22
ENT-0802947,ACC-10213,CON-070530,LI-0504843,SW-SDC-140,318,2024-02-22,2027-02-22
ENT-0802948,ACC-10213,CON-070530,LI-0504844,SW-OBS-120,464,2024-02-22,2027-02-22
ENT-0802949,ACC-10213,CON-070530,LI-0504845,SUP-SIL-CORE,6,2024-06-12,2027-02-22
ENT-0802950,ACC-10213,CON-070530,LI-0504846,SW-NOC-110,129,2024-02-22,2027-02-22
ENT-0802951,ACC-10213,CON-070531,LI-0504848,SUP-SIL-CORE,7,2023-09-20,2024-09-20
ENT-0802952,ACC-10213,CON-070531,LI-0504849,SW-SDC-130,263,2023-09-20,2024-09-20
ENT-0802953,ACC-10213,CON-070531,LI-0504850,SW-NOC-130,351,2023-09-20,2024-09-20
ENT-0802954,ACC-10213,CON-070531,LI-0504851,SW-SDC-110,293,2023-09-20,2024-09-20
ENT-0802955,ACC-10213,CON-070531,LI-0504852,SUP-BRO-EDGE,3,2023-09-20,2024-09-20
ENT-0802956,ACC-10213,CON-070531,LI-0504853,SW-NOC-120,37,2023-09-20,2024-09-20
ENT-0802957,ACC-10213,CON-070532,LI-0504855,SUP-PLA-DC,5,2022-03-19,2025-03-19
ENT-0802958,ACC-10213,CON-070532,LI-0504856,SUP-PLA-EDGE,5,2022-03-19,2025-03-19
ENT-0802959,ACC-10213,CON-070532,LI-0504857,SW-SDC-130,368,2022-03-19,2025-03-19
ENT-0802960,ACC-10213,CON-070532,LI-0504858,SUP-PLA-CORE,7,2022-03-19,2025-03-19
ENT-0802961,ACC-10213,CON-070532,LI-0504860,SW-SEC-140,272,2022-03-19,2025-03-19
ENT-0802962,ACC-10213,CON-070532,LI-0504861,SW-OBS-140,488,2022-03-19,2025-03-19
ENT-0802963,ACC-10213,CON-070532,LI-0504862,SW-NOC-110,160,2022-03-19,2025-03-19
ENT-0802964,ACC-10213,CON-070532,LI-0504866,SUP-BRO-CORE,4,2022-03-19,2025-03-19
ENT-0802965,ACC-10213,CON-070533,LI-0504868,SW-SDC-120,539,2023-12-16,2026-12-16
ENT-0802966,ACC-10213,CON-070533,LI-0504869,SW-OBS-120,280,2023-12-16,2026-12-16
ENT-0802967,ACC-10213,CON-070533,LI-0504870,SUP-SIL-CORE,3,2023-12-16,2026-12-16
ENT-0802968,ACC-10213,CON-070533,LI-0504871,SW-OBS-110,76,2023-12-16,2026-12-16
ENT-0802969,ACC-10213,CON-070533,LI-0504874,SW-SEC-140,577,2023-12-16,2026-12-16
ENT-0802970,ACC-10213,CON-070533,LI-0504875,SUP-SIL-CORE,3,2023-12-16,2026-12-16
ENT-0802971,ACC-10214,CON-070534,LI-0504877,SUP-PLA-DC,6,2023-06-25,2026-06-25
ENT-0802972,ACC-10214,CON-070534,LI-0504878,SW-SEC-140,53,2023-06-25,2026-06-25
ENT-0802973,ACC-10214,CON-070534,LI-0504879,SUP-GOL-DC,5,2023-06-25,2026-06-25
ENT-0802974,ACC-10214,CON-070535,LI-0504880,SW-ZTN-120,503,2023-03-24,2025-03-24
ENT-0802975,ACC-10214,CON-070535,LI-0504881,SUP-GOL-DC,7,2023-03-24,2025-03-24
ENT-0802976,ACC-10214,CON-070535,LI-0504883,SW-NOC-140,24,2023-03-24,2025-03-24
ENT-0802977,ACC-10214,CON-070535,LI-0504884,SUP-PLA-EDGE,5,2023-03-24,2025-03-24
ENT-0802978,ACC-10214,CON-070535,LI-0504885,SW-SEC-120,104,2023-03-24,2025-03-24
ENT-0802979,ACC-10214,CON-070535,LI-0504888,SUP-PLA-CORE,5,2023-03-24,2025-03-24
ENT-0802980,ACC-10214,CON-070535,LI-0504890,SUP-BRO-DC,1,2023-03-24,2025-03-24
ENT-0802981,ACC-10214,CON-070535,LI-0504892,SUP-PLA-EDGE,5,2023-03-24,2025-03-24
ENT-0802982,ACC-10215,CON-070536,LI-0504894,SUP-PLA-DC,3,2023-04-03,2024-04-03
ENT-0802983,ACC-10215,CON-070536,LI-0504895,SW-NOC-140,154,2023-04-03,2024-04-03
ENT-0802984,ACC-10215,CON-070536,LI-0504897,SUP-GOL-EDGE,3,2023-04-03,2024-04-03
ENT-0802985,ACC-10215,CON-070536,LI-0504898,SUP-PLA-EDGE,4,2023-04-03,2024-04-03
ENT-0802986,ACC-10215,CON-070536,LI-0504900,SW-SDC-140,17,2023-04-03,2024-04-03
ENT-0802987,ACC-10215,CON-070536,LI-0504902,SUP-BRO-CORE,6,2023-04-03,2024-04-03
ENT-0802988,ACC-10215,CON-070536,LI-0504904,SW-ZTN-120,218,2023-04-03,2024-04-03
ENT-0802989,ACC-10216,CON-070537,LI-0504906,SW-OBS-120,241,2022-04-09,2024-04-09
ENT-0802990,ACC-10216,CON-070537,LI-0504907,SUP-GOL-EDGE,3,2022-04-09,2024-04-09
ENT-0802991,ACC-10216,CON-070537,LI-0504909,SW-SEC-130,390,2022-04-09,2024-04-09
ENT-0802992,ACC-10216,CON-070537,LI-0504910,SW-SEC-120,337,2022-04-09,2024-04-09
ENT-0802993,ACC-10216,CON-070537,LI-0504911,SW-NOC-140,50,2022-04-09,2024-04-09
ENT-0802994,ACC-10216,CON-070538,LI-0504914,SUP-BRO-EDGE,10,2025-10-13,2028-10-13
ENT-0802995,ACC-10216,CON-070538,LI-0504915,SUP-PLA-CORE,6,2025-10-13,2028-10-13
ENT-0802996,ACC-10216,CON-070538,LI-0504917,SUP-GOL-EDGE,11,2025-10-13,2028-10-13
ENT-0802997,ACC-10216,CON-070538,LI-0504918,SUP-BRO-DC,2,2025-10-13,2028-10-13
ENT-0802998,ACC-10216,CON-070538,LI-0504919,SW-SDC-140,539,2025-10-13,2028-10-13
ENT-0802999,ACC-10216,CON-070538,LI-0504922,SW-OBS-130,95,2025-10-13,2028-10-13
ENT-0803000,ACC-10216,CON-070538,LI-0504924,SW-SEC-120,216,2025-10-13,2028-10-13
ENT-0803001,ACC-10216,CON-070539,LI-0504927,SUP-SIL-EDGE,3,2022-11-23,2024-11-23
ENT-0803002,ACC-10216,CON-070539,LI-0504929,SW-NOC-110,187,2023-12-26,2024-11-23
ENT-0803003,ACC-10216,CON-070539,LI-0504931,SUP-SIL-EDGE,4,2022-11-23,2024-11-23
ENT-0803004,ACC-10216,CON-070539,LI-0504932,SUP-SIL-EDGE,1,2022-11-23,2024-11-23
ENT-0803005,ACC-10216,CON-070539,LI-0504933,SW-OBS-110,505,2022-11-23,2024-11-23
ENT-0803006,ACC-10216,CON-070540,LI-0504935,SUP-BRO-EDGE,9,2022-09-09,2025-09-09
ENT-0803007,ACC-10216,CON-070540,LI-0504938,SW-OBS-130,319,2022-09-09,2025-09-09
ENT-0803008,ACC-10216,CON-070540,LI-0504939,SUP-BRO-EDGE,3,2022-09-09,2025-09-09
ENT-0803009,ACC-10216,CON-070540,LI-0504940,SW-OBS-140,273,2025-05-21,2025-09-09
ENT-0803010,ACC-10216,CON-070540,LI-0504941,SW-SEC-120,297,2022-09-09,2025-09-09
ENT-0803011,ACC-10216,CON-070540,LI-0504942,SW-ZTN-120,329,2022-09-09,2025-09-09
ENT-0803012,ACC-10216,CON-070540,LI-0504945,SW-OBS-120,563,2022-09-09,2025-09-09
ENT-0803013,ACC-10216,CON-070540,LI-0504947,SUP-PLA-DC,3,2022-09-09,2025-09-09
ENT-0803014,ACC-10217,CON-070541,LI-0504948,SW-ZTN-120,163,2024-04-27,2026-04-27
ENT-0803015,ACC-10217,CON-070541,LI-0504949,SW-NOC-140,168,2024-04-27,2026-04-27
ENT-0803016,ACC-10217,CON-070541,LI-0504950,SUP-PLA-DC,2,2024-04-27,2026-04-27
ENT-0803017,ACC-10217,CON-070541,LI-0504951,SUP-SIL-CORE,2,2024-04-27,2026-04-27
ENT-0803018,ACC-10217,CON-070541,LI-0504953,SUP-BRO-EDGE,2,2024-04-27,2026-04-27
ENT-0803019,ACC-10217,CON-070542,LI-0504956,SW-SEC-120,60,2023-11-27,2026-11-27
ENT-0803020,ACC-10217,CON-070542,LI-0504957,SW-NOC-120,205,2023-11-27,2026-11-27
ENT-0803021,ACC-10218,CON-070543,LI-0504961,SUP-BRO-CORE,1,2022-06-06,2023-06-06
ENT-0803022,ACC-10218,CON-070543,LI-0504962,SW-NOC-120,77,2022-06-06,2023-06-06
ENT-0803023,ACC-10218,CON-070543,LI-0504963,SUP-GOL-DC,1,2022-06-06,2023-06-06
ENT-0803024,ACC-10218,CON-070543,LI-0504965,SW-ZTN-120,236,2022-06-06,2023-06-06
ENT-0803025,ACC-10218,CON-070543,LI-0504966,SW-ZTN-140,39,2022-06-06,2023-06-06
ENT-0803026,ACC-10219,CON-070544,LI-0504967,SW-NOC-120,930,2024-09-19,2027-09-19
ENT-0803027,ACC-10219,CON-070544,LI-0504968,SUP-PLA-EDGE,4,2024-09-19,2027-09-19
ENT-0803028,ACC-10219,CON-070544,LI-0504971,SW-NOC-140,736,2024-09-19,2027-09-19
ENT-0803029,ACC-10219,CON-070544,LI-0504972,SUP-BRO-DC,4,2024-09-19,2027-09-19
ENT-0803030,ACC-10219,CON-070545,LI-0504975,SUP-BRO-DC,2,2023-08-16,2024-08-16
ENT-0803031,ACC-10219,CON-070545,LI-0504976,SUP-GOL-EDGE,8,2023-08-16,2024-08-16
ENT-0803032,ACC-10219,CON-070545,LI-0504977,SW-OBS-110,875,2023-08-16,2024-08-16
ENT-0803033,ACC-10219,CON-070545,LI-0504978,SUP-GOL-EDGE,5,2023-08-16,2024-08-16
ENT-0803034,ACC-10219,CON-070545,LI-0504979,SUP-PLA-DC,1,2023-08-16,2024-08-16
ENT-0803035,ACC-10219,CON-070545,LI-0504980,SUP-SIL-EDGE,5,2023-08-16,2024-08-16
ENT-0803036,ACC-10220,CON-070546,LI-0504981,SW-ZTN-110,288,2024-11-28,2027-11-28
ENT-0803037,ACC-10220,CON-070546,LI-0504982,SUP-SIL-DC,1,2024-11-28,2027-11-28
ENT-0803038,ACC-10220,CON-070546,LI-0504984,SUP-BRO-EDGE,2,2024-11-28,2027-11-28
ENT-0803039,ACC-10220,CON-070546,LI-0504985,SUP-GOL-EDGE,4,2024-11-28,2027-11-28
ENT-0803040,ACC-10220,CON-070546,LI-0504986,SW-NOC-130,294,2024-11-28,2027-11-28
ENT-0803041,ACC-10220,CON-070546,LI-0504988,SUP-GOL-CORE,3,2024-11-28,2027-11-28
ENT-0803042,ACC-10220,CON-070546,LI-0504989,SUP-PLA-DC,1,2024-11-28,2027-11-28
ENT-0803043,ACC-10220,CON-070546,LI-0504990,SUP-PLA-CORE,1,2024-11-28,2027-11-28
ENT-0803044,ACC-10220,CON-070546,LI-0504991,SW-ZTN-140,354,2024-11-28,2027-11-28
ENT-0803045,ACC-10221,CON-070547,LI-0504992,SUP-BRO-DC,4,2024-08-29,2027-08-28
ENT-0803046,ACC-10221,CON-070547,LI-0504993,SUP-BRO-EDGE,5,2024-08-29,2027-08-28
ENT-0803047,ACC-10221,CON-070547,LI-0504994,SUP-GOL-EDGE,4,2024-08-29,2027-08-28
ENT-0803048,ACC-10221,CON-070547,LI-0504997,SUP-BRO-DC,2,2024-08-29,2027-08-28
ENT-0803049,ACC-10221,CON-070548,LI-0505002,SUP-BRO-DC,7,2024-04-20,2026-04-20
ENT-0803050,ACC-10221,CON-070548,LI-0505003,SUP-PLA-CORE,2,2025-07-10,2026-04-20
ENT-0803051,ACC-10222,CON-070549,LI-0505005,SW-SEC-130,918,2022-02-25,2025-02-25
ENT-0803052,ACC-10222,CON-070549,LI-0505008,SW-SEC-120,107,2022-02-25,2025-02-25
ENT-0803053,ACC-10222,CON-070549,LI-0505010,SW-NOC-140,242,2022-02-25,2025-02-25
ENT-0803054,ACC-10222,CON-070549,LI-0505011,SW-OBS-140,949,2022-02-25,2025-02-25
ENT-0803055,ACC-10222,CON-070549,LI-0505012,SW-NOC-140,902,2022-02-25,2025-02-25
ENT-0803056,ACC-10222,CON-070549,LI-0505013,SW-SEC-110,563,2022-02-25,2025-02-25
ENT-0803057,ACC-10222,CON-070549,LI-0505014,SW-ZTN-120,642,2022-02-25,2025-02-25
ENT-0803058,ACC-10222,CON-070549,LI-0505015,SW-OBS-120,39,2022-02-25,2025-02-25
ENT-0803059,ACC-10222,CON-070549,LI-0505016,SUP-PLA-EDGE,2,2022-02-25,2025-02-25
ENT-0803060,ACC-10222,CON-070549,LI-0505017,SUP-SIL-CORE,10,2022-02-25,2025-02-25
ENT-0803061,ACC-10222,CON-070550,LI-0505018,SW-NOC-110,81,2023-09-18,2028-09-18
ENT-0803062,ACC-10222,CON-070550,LI-0505019,SW-SEC-120,728,2023-09-18,2028-09-18
ENT-0803063,ACC-10222,CON-070550,LI-0505020,SW-SDC-140,571,2023-09-18,2028-09-18
ENT-0803064,ACC-10222,CON-070550,LI-0505021,SUP-GOL-CORE,4,2023-09-18,2028-09-18
ENT-0803065,ACC-10222,CON-070550,LI-0505022,SW-ZTN-110,431,2023-09-18,2028-09-18
ENT-0803066,ACC-10222,CON-070550,LI-0505023,SW-SDC-110,812,2023-09-18,2028-09-18
ENT-0803067,ACC-10222,CON-070551,LI-0505024,SUP-GOL-EDGE,3,2022-09-01,2025-09-01
ENT-0803068,ACC-10222,CON-070551,LI-0505026,SUP-PLA-DC,8,2022-09-01,2025-09-01
ENT-0803069,ACC-10222,CON-070551,LI-0505027,SUP-BRO-DC,2,2022-09-01,2025-09-01
ENT-0803070,ACC-10222,CON-070551,LI-0505028,SUP-BRO-EDGE,5,2022-09-01,2025-09-01
ENT-0803071,ACC-10222,CON-070551,LI-0505029,SW-NOC-120,378,2022-09-01,2025-09-01
ENT-0803072,ACC-10222,CON-070551,LI-0505032,SUP-GOL-CORE,10,2022-09-01,2025-09-01
ENT-0803073,ACC-10222,CON-070551,LI-0505033,SW-ZTN-130,888,2022-09-01,2025-09-01
ENT-0803074,ACC-10222,CON-070551,LI-0505034,SUP-BRO-CORE,9,2022-09-01,2025-09-01
ENT-0803075,ACC-10223,CON-070552,LI-0505037,SW-SEC-130,107,2022-11-26,2023-11-26
ENT-0803076,ACC-10223,CON-070552,LI-0505038,SUP-BRO-EDGE,1,2022-11-26,2023-11-26
ENT-0803077,ACC-10223,CON-070552,LI-0505039,SUP-GOL-EDGE,5,2022-11-26,2023-11-26
ENT-0803078,ACC-10223,CON-070552,LI-0505040,SUP-PLA-DC,2,2022-11-26,2023-11-26
ENT-0803079,ACC-10223,CON-070552,LI-0505041,SW-NOC-120,23,2022-11-26,2023-11-26
ENT-0803080,ACC-10223,CON-070552,LI-0505042,SUP-SIL-EDGE,2,2022-11-26,2023-11-26
ENT-0803081,ACC-10223,CON-070552,LI-0505044,SW-NOC-140,21,2022-11-26,2023-11-26
ENT-0803082,ACC-10223,CON-070552,LI-0505046,SUP-SIL-CORE,3,2022-11-26,2023-11-26
ENT-0803083,ACC-10223,CON-070552,LI-0505048,SUP-SIL-DC,6,2022-11-26,2023-11-26
ENT-0803084,ACC-10223,CON-070553,LI-0505049,SW-ZTN-130,505,2025-06-15,2028-06-15
ENT-0803085,ACC-10223,CON-070553,LI-0505051,SW-SDC-120,149,2025-06-15,2028-06-15
ENT-0803086,ACC-10223,CON-070553,LI-0505053,SUP-BRO-DC,6,2025-06-15,2028-06-15
ENT-0803087,ACC-10223,CON-070554,LI-0505056,SUP-BRO-CORE,6,2023-02-22,2026-02-22
ENT-0803088,ACC-10223,CON-070554,LI-0505057,SW-NOC-140,521,2023-02-22,2026-02-22
ENT-0803089,ACC-10223,CON-070554,LI-0505058,SW-SDC-110,160,2023-02-22,2026-02-22
ENT-0803090,ACC-10223,CON-070554,LI-0505059,SW-NOC-140,216,2023-02-22,2026-02-22
ENT-0803091,ACC-10223,CON-070554,LI-0505061,SUP-SIL-EDGE,2,2023-02-22,2026-02-22
ENT-0803092,ACC-10223,CON-070555,LI-0505063,SW-ZTN-120,423,2023-04-08,2024-04-08
ENT-0803093,ACC-10223,CON-070555,LI-0505066,SW-NOC-130,439,2023-04-08,2024-04-08
ENT-0803094,ACC-10223,CON-070555,LI-0505067,SUP-PLA-DC,1,2023-04-08,2024-04-08
ENT-0803095,ACC-10223,CON-070555,LI-0505070,SW-OBS-140,481,2023-04-08,2024-04-08
ENT-0803096,ACC-10223,CON-070555,LI-0505071,SUP-PLA-CORE,6,2023-04-08,2024-04-08
ENT-0803097,ACC-10223,CON-070555,LI-0505072,SW-OBS-110,216,2023-04-08,2024-04-08
ENT-0803098,ACC-10224,CON-070556,LI-0505076,SW-OBS-120,300,2024-05-08,2027-05-08
ENT-0803099,ACC-10224,CON-070556,LI-0505077,SUP-BRO-DC,1,2024-05-08,2027-05-08
ENT-0803100,ACC-10224,CON-070556,LI-0505078,SW-SEC-110,583,2024-05-08,2027-05-08
ENT-0803101,ACC-10224,CON-070556,LI-0505080,SW-SDC-110,448,2024-05-08,2027-05-08
ENT-0803102,ACC-10224,CON-070556,LI-0505081,SW-SEC-120,511,2024-05-08,2027-05-08
ENT-0803103,ACC-10224,CON-070556,LI-0505082,SW-ZTN-130,94,2024-05-08,2027-05-08
ENT-0803104,ACC-10224,CON-070556,LI-0505083,SUP-GOL-CORE,3,2024-05-08,2027-05-08
ENT-0803105,ACC-10224,CON-070557,LI-0505089,SUP-PLA-CORE,6,2022-10-07,2024-10-07
ENT-0803106,ACC-10224,CON-070557,LI-0505090,SW-ZTN-140,350,2022-10-07,2024-10-07
ENT-0803107,ACC-10224,CON-070557,LI-0505092,SUP-GOL-CORE,7,2022-10-07,2024-10-07
ENT-0803108,ACC-10224,CON-070557,LI-0505094,SW-ZTN-120,497,2022-10-07,2024-10-07
ENT-0803109,ACC-10224,CON-070557,LI-0505097,SW-OBS-110,80,2022-10-07,2024-10-07
ENT-0803110,ACC-10224,CON-070557,LI-0505098,SW-SEC-130,507,2022-10-07,2024-10-07
ENT-0803111,ACC-10225,CON-070558,LI-0505101,SW-ZTN-120,54,2025-04-05,2027-04-05
ENT-0803112,ACC-10225,CON-070558,LI-0505104,SUP-SIL-DC,1,2025-04-05,2027-04-05
ENT-0803113,ACC-10225,CON-070558,LI-0505107,SW-SEC-120,58,2025-04-05,2027-04-05
ENT-0803114,ACC-10225,CON-070558,LI-0505109,SUP-BRO-DC,3,2026-07-18,2027-04-05
ENT-0803115,ACC-10225,CON-070558,LI-0505110,SW-OBS-120,238,2025-04-05,2027-04-05
ENT-0803116,ACC-10225,CON-070558,LI-0505111,SUP-BRO-EDGE,1,2025-04-05,2027-04-05
ENT-0803117,ACC-10225,CON-070559,LI-0505113,SW-NOC-110,239,2022-08-02,2024-08-02
ENT-0803118,ACC-10225,CON-070559,LI-0505114,SUP-PLA-EDGE,3,2022-08-02,2024-08-02
ENT-0803119,ACC-10225,CON-070559,LI-0505116,SW-ZTN-120,237,2022-08-02,2024-08-02
ENT-0803120,ACC-10225,CON-070559,LI-0505117,SUP-PLA-EDGE,3,2022-08-02,2024-08-02
ENT-0803121,ACC-10225,CON-070559,LI-0505118,SW-NOC-140,238,2022-08-02,2024-08-02
ENT-0803122,ACC-10226,CON-070560,LI-0505120,SW-OBS-140,562,2023-03-12,2025-03-12
ENT-0803123,ACC-10226,CON-070560,LI-0505121,SW-SDC-110,95,2023-03-12,2025-03-12
ENT-0803124,ACC-10226,CON-070560,LI-0505123,SW-NOC-110,288,2023-03-12,2025-03-12
ENT-0803125,ACC-10226,CON-070561,LI-0505124,SUP-GOL-CORE,6,2025-03-03,2028-03-03
ENT-0803126,ACC-10226,CON-070561,LI-0505125,SW-OBS-120,344,2025-03-03,2028-03-03
ENT-0803127,ACC-10226,CON-070561,LI-0505128,SUP-PLA-CORE,1,2025-03-03,2028-03-03
ENT-0803128,ACC-10226,CON-070561,LI-0505129,SUP-BRO-DC,5,2025-03-03,2028-03-03
ENT-0803129,ACC-10227,CON-070562,LI-0505131,SW-OBS-120,91,2023-07-10,2026-07-10
ENT-0803130,ACC-10227,CON-070562,LI-0505133,SW-OBS-110,228,2023-07-10,2026-07-10
ENT-0803131,ACC-10227,CON-070562,LI-0505134,SW-SDC-120,193,2023-07-10,2026-07-10
ENT-0803132,ACC-10227,CON-070562,LI-0505137,SW-SEC-110,46,2023-07-10,2026-07-10
ENT-0803133,ACC-10228,CON-070563,LI-0505139,SW-NOC-140,851,2023-11-10,2026-01-13
ENT-0803134,ACC-10228,CON-070563,LI-0505140,SW-SEC-130,887,2023-01-13,2026-01-13
ENT-0803135,ACC-10228,CON-070563,LI-0505141,SUP-SIL-CORE,10,2023-01-13,2026-01-13
ENT-0803136,ACC-10228,CON-070563,LI-0505142,SW-OBS-110,703,2023-01-13,2026-01-13
ENT-0803137,ACC-10228,CON-070564,LI-0505145,SUP-GOL-DC,5,2023-10-31,2024-10-28
ENT-0803138,ACC-10228,CON-070564,LI-0505146,SW-SDC-140,141,2023-10-31,2024-10-28
ENT-0803139,ACC-10228,CON-070564,LI-0505148,SUP-SIL-EDGE,2,2023-10-31,2024-10-28
ENT-0803140,ACC-10228,CON-070564,LI-0505150,SUP-GOL-EDGE,3,2023-10-31,2024-10-28
ENT-0803141,ACC-10228,CON-070564,LI-0505151,SUP-BRO-CORE,2,2023-10-31,2024-10-28
ENT-0803142,ACC-10228,CON-070565,LI-0505153,SUP-SIL-CORE,11,2025-08-03,2026-08-03
ENT-0803143,ACC-10228,CON-070565,LI-0505157,SW-ZTN-130,931,2025-08-03,2026-08-03
ENT-0803144,ACC-10228,CON-070565,LI-0505160,SUP-GOL-DC,7,2025-08-03,2026-08-03
ENT-0803145,ACC-10228,CON-070565,LI-0505162,SW-NOC-120,485,2025-08-03,2026-08-03
ENT-0803146,ACC-10229,CON-070566,LI-0505164,SW-OBS-120,297,2025-05-12,2026-05-12
ENT-0803147,ACC-10229,CON-070566,LI-0505166,SW-SEC-110,325,2025-05-12,2026-05-12
ENT-0803148,ACC-10229,CON-070566,LI-0505167,SUP-GOL-DC,4,2025-05-12,2026-05-12
ENT-0803149,ACC-10229,CON-070567,LI-0505169,SUP-SIL-CORE,9,2025-04-04,2028-04-04
ENT-0803150,ACC-10229,CON-070567,LI-0505171,SW-ZTN-110,566,2025-12-19,2028-04-04
ENT-0803151,ACC-10229,CON-070567,LI-0505172,SW-NOC-140,561,2025-04-04,2028-04-04
ENT-0803152,ACC-10230,CON-070568,LI-0505180,SUP-BRO-DC,1,2025-02-14,2030-02-14
ENT-0803153,ACC-10231,CON-070569,LI-0505181,SW-ZTN-110,66,2023-11-02,2026-11-02
ENT-0803154,ACC-10231,CON-070569,LI-0505182,SUP-PLA-EDGE,1,2023-11-02,2026-11-02
ENT-0803155,ACC-10231,CON-070569,LI-0505183,SUP-PLA-CORE,6,2023-11-02,2026-11-02
ENT-0803156,ACC-10231,CON-070569,LI-0505184,SW-OBS-110,361,2023-11-02,2026-11-02
ENT-0803157,ACC-10231,CON-070569,LI-0505185,SW-SDC-140,415,2023-11-02,2026-11-02
ENT-0803158,ACC-10231,CON-070569,LI-0505187,SUP-GOL-EDGE,8,2023-11-02,2026-11-02
ENT-0803159,ACC-10231,CON-070569,LI-0505191,SUP-PLA-CORE,6,2023-11-02,2026-11-02
ENT-0803160,ACC-10231,CON-070570,LI-0505192,SUP-PLA-DC,1,2025-04-18,2026-04-18
ENT-0803161,ACC-10231,CON-070570,LI-0505194,SW-ZTN-130,36,2025-04-18,2026-04-18
ENT-0803162,ACC-10231,CON-070570,LI-0505195,SW-SEC-140,630,2025-04-18,2026-04-18
ENT-0803163,ACC-10231,CON-070571,LI-0505197,SUP-BRO-DC,4,2022-06-24,2023-06-24
ENT-0803164,ACC-10231,CON-070571,LI-0505200,SW-OBS-140,411,2022-06-24,2023-06-24
ENT-0803165,ACC-10231,CON-070571,LI-0505202,SUP-PLA-DC,8,2022-06-24,2023-06-24
ENT-0803166,ACC-10231,CON-070571,LI-0505203,SW-ZTN-110,134,2022-06-24,2023-06-24
ENT-0803167,ACC-10231,CON-070571,LI-0505204,SW-NOC-140,549,2022-09-28,2023-06-24
ENT-0803168,ACC-10231,CON-070571,LI-0505205,SW-NOC-130,414,2022-06-24,2023-06-24
ENT-0803169,ACC-10231,CON-070572,LI-0505206,SUP-PLA-CORE,1,2025-06-01,2028-06-01
ENT-0803170,ACC-10231,CON-070572,LI-0505208,SUP-PLA-CORE,8,2025-06-01,2028-06-01
ENT-0803171,ACC-10231,CON-070572,LI-0505210,SUP-GOL-CORE,1,2025-06-01,2028-06-01
ENT-0803172,ACC-10231,CON-070572,LI-0505212,SUP-SIL-CORE,5,2025-06-01,2028-06-01
ENT-0803173,ACC-10231,CON-070572,LI-0505213,SW-OBS-110,205,2025-06-01,2028-06-01
ENT-0803174,ACC-10231,CON-070572,LI-0505214,SW-SEC-120,487,2025-06-01,2028-06-01
ENT-0803175,ACC-10231,CON-070572,LI-0505216,SUP-PLA-DC,3,2025-06-01,2028-06-01
ENT-0803176,ACC-10232,CON-070573,LI-0505220,SW-NOC-110,21,2023-11-21,2026-11-21
ENT-0803177,ACC-10232,CON-070573,LI-0505221,SUP-PLA-EDGE,4,2023-11-21,2026-11-21
ENT-0803178,ACC-10232,CON-070573,LI-0505222,SW-SEC-120,57,2023-11-21,2026-11-21
ENT-0803179,ACC-10232,CON-070573,LI-0505223,SW-ZTN-130,31,2023-11-21,2026-11-21
ENT-0803180,ACC-10232,CON-070573,LI-0505224,SW-SEC-110,261,2023-11-21,2026-11-21
ENT-0803181,ACC-10232,CON-070573,LI-0505226,SW-SEC-140,178,2023-11-21,2026-11-21
ENT-0803182,ACC-10232,CON-070573,LI-0505227,SUP-PLA-CORE,2,2023-11-21,2026-11-21
ENT-0803183,ACC-10232,CON-070573,LI-0505228,SUP-GOL-DC,1,2023-11-21,2026-11-21
ENT-0803184,ACC-10232,CON-070573,LI-0505230,SUP-PLA-CORE,2,2023-11-21,2026-11-21
ENT-0803185,ACC-10232,CON-070573,LI-0505231,SW-SDC-110,19,2023-11-21,2026-11-21
ENT-0803186,ACC-10232,CON-070573,LI-0505232,SW-NOC-140,65,2023-11-21,2026-11-21
ENT-0803187,ACC-10233,CON-070574,LI-0505234,SW-OBS-140,108,2024-08-29,2027-08-28
ENT-0803188,ACC-10233,CON-070574,LI-0505235,SUP-GOL-EDGE,1,2024-08-29,2027-08-28
ENT-0803189,ACC-10233,CON-070574,LI-0505238,SW-NOC-120,228,2024-08-29,2027-08-28
ENT-0803190,ACC-10233,CON-070574,LI-0505239,SW-SEC-110,240,2024-08-29,2027-08-28
ENT-0803191,ACC-10234,CON-070575,LI-0505241,SW-SEC-110,521,2024-02-16,2027-02-16
ENT-0803192,ACC-10234,CON-070575,LI-0505242,SW-OBS-140,598,2024-02-16,2027-02-16
ENT-0803193,ACC-10234,CON-070575,LI-0505244,SW-SEC-130,423,2024-02-16,2027-02-16
ENT-0803194,ACC-10234,CON-070575,LI-0505245,SW-ZTN-140,94,2024-02-16,2027-02-16
ENT-0803195,ACC-10234,CON-070575,LI-0505246,SW-OBS-130,638,2024-02-16,2027-02-16
ENT-0803196,ACC-10234,CON-070575,LI-0505247,SUP-GOL-EDGE,2,2024-02-16,2027-02-16
ENT-0803197,ACC-10234,CON-070575,LI-0505248,SUP-SIL-CORE,8,2024-02-16,2027-02-16
ENT-0803198,ACC-10234,CON-070575,LI-0505249,SW-NOC-130,757,2024-02-16,2027-02-16
ENT-0803199,ACC-10234,CON-070576,LI-0505251,SW-NOC-140,140,2024-01-02,2025-01-02
ENT-0803200,ACC-10234,CON-070576,LI-0505252,SUP-SIL-EDGE,7,2024-01-02,2025-01-02
ENT-0803201,ACC-10234,CON-070576,LI-0505253,SUP-PLA-EDGE,1,2024-01-02,2025-01-02
ENT-0803202,ACC-10234,CON-070576,LI-0505254,SW-ZTN-110,296,2024-01-02,2025-01-02
ENT-0803203,ACC-10234,CON-070576,LI-0505255,SW-SEC-120,539,2024-04-11,2025-01-02
ENT-0803204,ACC-10234,CON-070576,LI-0505257,SW-SDC-110,487,2024-05-04,2025-01-02
ENT-0803205,ACC-10234,CON-070577,LI-0505260,SW-SDC-130,390,2022-08-03,2027-08-03
ENT-0803206,ACC-10234,CON-070577,LI-0505263,SW-NOC-120,446,2022-08-03,2027-08-03
ENT-0803207,ACC-10234,CON-070577,LI-0505264,SUP-BRO-EDGE,4,2022-08-03,2027-08-03
ENT-0803208,ACC-10234,CON-070577,LI-0505265,SUP-GOL-DC,1,2022-08-03,2027-08-03
ENT-0803209,ACC-10234,CON-070577,LI-0505267,SUP-GOL-CORE,7,2022-08-03,2027-08-03
ENT-0803210,ACC-10234,CON-070577,LI-0505268,SUP-BRO-DC,9,2022-08-03,2027-08-03
ENT-0803211,ACC-10234,CON-070577,LI-0505270,SW-OBS-110,536,2022-08-03,2027-08-03
ENT-0803212,ACC-10234,CON-070577,LI-0505271,SW-ZTN-130,285,2022-08-03,2027-08-03
ENT-0803213,ACC-10234,CON-070578,LI-0505274,SUP-BRO-EDGE,10,2024-04-03,2025-04-03
ENT-0803214,ACC-10234,CON-070578,LI-0505276,SW-OBS-110,716,2024-04-03,2025-04-03
ENT-0803215,ACC-10234,CON-070578,LI-0505278,SW-OBS-140,152,2024-04-03,2025-04-03
ENT-0803216,ACC-10234,CON-070578,LI-0505279,SUP-SIL-EDGE,6,2024-04-03,2025-04-03
ENT-0803217,ACC-10234,CON-070578,LI-0505280,SW-SDC-130,179,2024-04-03,2025-04-03
ENT-0803218,ACC-10235,CON-070579,LI-0505281,SW-NOC-140,41,2024-05-20,2029-05-20
ENT-0803219,ACC-10235,CON-070579,LI-0505282,SW-OBS-110,237,2024-05-20,2029-05-20
ENT-0803220,ACC-10235,CON-070579,LI-0505283,SW-NOC-120,72,2024-05-20,2029-05-20
ENT-0803221,ACC-10235,CON-070579,LI-0505284,SUP-SIL-EDGE,3,2024-05-20,2029-05-20
ENT-0803222,ACC-10235,CON-070579,LI-0505285,SW-ZTN-110,28,2024-05-20,2029-05-20
ENT-0803223,ACC-10235,CON-070579,LI-0505287,SW-OBS-140,170,2024-05-20,2029-05-20
ENT-0803224,ACC-10235,CON-070579,LI-0505291,SUP-BRO-CORE,1,2024-05-20,2029-05-20
ENT-0803225,ACC-10236,CON-070580,LI-0505293,SW-NOC-110,85,2025-07-28,2026-07-28
ENT-0803226,ACC-10236,CON-070580,LI-0505294,SW-SDC-110,63,2025-07-28,2026-07-28
ENT-0803227,ACC-10236,CON-070580,LI-0505296,SW-NOC-130,275,2025-07-28,2026-07-28
ENT-0803228,ACC-10236,CON-070580,LI-0505297,SUP-SIL-EDGE,1,2025-07-28,2026-07-28
ENT-0803229,ACC-10236,CON-070580,LI-0505299,SUP-BRO-EDGE,1,2025-07-28,2026-07-28
ENT-0803230,ACC-10236,CON-070581,LI-0505305,SW-SEC-110,68,2023-05-07,2025-05-07
ENT-0803231,ACC-10236,CON-070581,LI-0505306,SW-ZTN-120,198,2025-01-27,2025-05-07
ENT-0803232,ACC-10236,CON-070581,LI-0505312,SW-NOC-110,117,2023-05-07,2025-05-07
ENT-0803233,ACC-10236,CON-070581,LI-0505313,SW-SEC-130,79,2023-05-07,2025-05-07
ENT-0803234,ACC-10237,CON-070583,LI-0505320,SUP-BRO-CORE,10,2024-04-28,2025-04-28
ENT-0803235,ACC-10237,CON-070583,LI-0505325,SUP-BRO-DC,6,2024-04-28,2025-04-28
ENT-0803236,ACC-10237,CON-070584,LI-0505326,SUP-PLA-EDGE,8,2024-08-02,2027-08-02
ENT-0803237,ACC-10237,CON-070584,LI-0505327,SUP-BRO-EDGE,8,2024-08-02,2027-08-02
ENT-0803238,ACC-10237,CON-070584,LI-0505328,SW-NOC-130,136,2024-08-02,2027-08-02
ENT-0803239,ACC-10237,CON-070584,LI-0505330,SW-ZTN-110,511,2024-08-02,2027-08-02
ENT-0803240,ACC-10237,CON-070584,LI-0505331,SW-SDC-110,535,2024-08-02,2027-08-02
ENT-0803241,ACC-10237,CON-070584,LI-0505332,SW-NOC-140,50,2024-08-02,2027-08-02
ENT-0803242,ACC-10238,CON-070585,LI-0505333,SW-NOC-140,801,2024-04-14,2025-04-14
ENT-0803243,ACC-10238,CON-070585,LI-0505335,SW-SDC-130,378,2024-04-14,2025-04-14
ENT-0803244,ACC-10238,CON-070585,LI-0505338,SW-SEC-110,280,2024-04-14,2025-04-14
ENT-0803245,ACC-10238,CON-070585,LI-0505339,SW-NOC-130,907,2024-04-14,2025-04-14
ENT-0803246,ACC-10238,CON-070585,LI-0505340,SW-SEC-110,494,2024-04-14,2025-04-14
ENT-0803247,ACC-10238,CON-070585,LI-0505341,SW-ZTN-130,396,2024-04-14,2025-04-14
ENT-0803248,ACC-10238,CON-070585,LI-0505343,SW-NOC-110,820,2024-04-14,2025-04-14
ENT-0803249,ACC-10238,CON-070586,LI-0505344,SW-ZTN-140,63,2024-08-29,2025-08-28
ENT-0803250,ACC-10238,CON-070586,LI-0505345,SW-SEC-120,600,2024-08-29,2025-08-28
ENT-0803251,ACC-10238,CON-070586,LI-0505346,SW-OBS-140,458,2024-08-29,2025-08-28
ENT-0803252,ACC-10238,CON-070586,LI-0505350,SUP-BRO-EDGE,3,2024-08-29,2025-08-28
ENT-0803253,ACC-10238,CON-070586,LI-0505351,SW-OBS-140,966,2024-08-29,2025-08-28
ENT-0803254,ACC-10238,CON-070587,LI-0505354,SW-ZTN-130,155,2022-08-15,2027-08-15
ENT-0803255,ACC-10238,CON-070587,LI-0505355,SUP-GOL-EDGE,11,2022-08-15,2027-08-15
ENT-0803256,ACC-10238,CON-070587,LI-0505356,SUP-PLA-DC,6,2022-08-15,2027-08-15
ENT-0803257,ACC-10238,CON-070587,LI-0505359,SW-ZTN-110,942,2022-08-15,2027-08-15
ENT-0803258,ACC-10238,CON-070587,LI-0505360,SUP-SIL-EDGE,10,2022-08-15,2027-08-15
ENT-0803259,ACC-10238,CON-070587,LI-0505362,SW-OBS-110,453,2022-08-15,2027-08-15
ENT-0803260,ACC-10238,CON-070587,LI-0505363,SW-NOC-110,722,2022-08-15,2027-08-15
ENT-0803261,ACC-10238,CON-070588,LI-0505368,SW-ZTN-110,304,2024-10-01,2027-10-01
ENT-0803262,ACC-10238,CON-070588,LI-0505371,SW-OBS-110,721,2024-10-01,2027-10-01
ENT-0803263,ACC-10238,CON-070588,LI-0505372,SW-SDC-130,85,2024-10-01,2027-10-01
ENT-0803264,ACC-10238,CON-070588,LI-0505373,SUP-BRO-CORE,5,2024-10-01,2027-10-01
ENT-0803265,ACC-10238,CON-070588,LI-0505374,SUP-GOL-DC,9,2024-10-01,2027-10-01
ENT-0803266,ACC-10238,CON-070588,LI-0505375,SUP-GOL-EDGE,3,2024-10-01,2027-10-01
ENT-0803267,ACC-10238,CON-070588,LI-0505377,SUP-BRO-DC,5,2024-10-01,2027-10-01
ENT-0803268,ACC-10238,CON-070588,LI-0505378,SUP-GOL-CORE,3,2024-10-01,2027-10-01
ENT-0803269,ACC-10239,CON-070589,LI-0505379,SW-NOC-110,822,2023-03-23,2026-03-23
ENT-0803270,ACC-10239,CON-070589,LI-0505380,SUP-SIL-EDGE,7,2023-03-23,2026-03-23
ENT-0803271,ACC-10239,CON-070589,LI-0505381,SUP-GOL-EDGE,11,2023-03-23,2026-03-23
ENT-0803272,ACC-10239,CON-070589,LI-0505382,SUP-BRO-CORE,14,2024-10-31,2026-03-23
ENT-0803273,ACC-10239,CON-070590,LI-0505383,SW-OBS-110,204,2025-03-09,2028-03-09
ENT-0803274,ACC-10239,CON-070590,LI-0505384,SW-NOC-110,67,2025-03-09,2028-03-09
ENT-0803275,ACC-10239,CON-070590,LI-0505385,SW-NOC-130,586,2025-03-09,2028-03-09
ENT-0803276,ACC-10239,CON-070590,LI-0505386,SW-SEC-110,371,2025-03-09,2028-03-09
ENT-0803277,ACC-10240,CON-070591,LI-0505388,SW-SDC-110,43,2025-06-19,2027-06-19
ENT-0803278,ACC-10240,CON-070591,LI-0505389,SW-OBS-130,425,2025-06-19,2027-06-19
ENT-0803279,ACC-10240,CON-070591,LI-0505391,SW-OBS-110,540,2025-06-19,2027-06-19
ENT-0803280,ACC-10240,CON-070592,LI-0505392,SW-ZTN-110,394,2025-05-07,2027-05-07
ENT-0803281,ACC-10240,CON-070592,LI-0505397,SUP-SIL-DC,2,2025-05-07,2027-05-07
ENT-0803282,ACC-10240,CON-070592,LI-0505398,SW-ZTN-120,879,2025-05-07,2027-05-07
ENT-0803283,ACC-10240,CON-070592,LI-0505399,SUP-SIL-CORE,7,2025-05-07,2027-05-07
ENT-0803284,ACC-10240,CON-070592,LI-0505400,SUP-PLA-EDGE,6,2025-05-07,2027-05-07
ENT-0803285,ACC-10240,CON-070592,LI-0505401,SW-NOC-110,279,2025-05-07,2027-05-07
ENT-0803286,ACC-10240,CON-070592,LI-0505403,SW-OBS-130,344,2025-05-07,2027-05-07
ENT-0803287,ACC-10240,CON-070592,LI-0505404,SW-SDC-120,70,2025-05-07,2027-05-07
ENT-0803288,ACC-10240,CON-070593,LI-0505407,SUP-BRO-DC,1,2025-05-28,2026-05-28
ENT-0803289,ACC-10240,CON-070593,LI-0505409,SW-NOC-110,213,2025-05-28,2026-05-28
ENT-0803290,ACC-10240,CON-070593,LI-0505411,SW-SEC-110,212,2025-05-28,2026-05-28
ENT-0803291,ACC-10240,CON-070593,LI-0505413,SW-OBS-120,33,2025-05-28,2026-05-28
ENT-0803292,ACC-10240,CON-070593,LI-0505417,SUP-SIL-DC,3,2025-05-28,2026-05-28
ENT-0803293,ACC-10240,CON-070594,LI-0505418,SW-OBS-120,240,2023-01-30,2028-01-28
ENT-0803294,ACC-10240,CON-070594,LI-0505419,SW-SEC-140,483,2023-01-30,2028-01-28
ENT-0803295,ACC-10240,CON-070594,LI-0505420,SW-NOC-110,42,2023-01-30,2028-01-28
ENT-0803296,ACC-10240,CON-070594,LI-0505421,SUP-BRO-DC,12,2023-01-30,2028-01-28
ENT-0803297,ACC-10240,CON-070594,LI-0505422,SW-ZTN-120,213,2023-01-30,2028-01-28
ENT-0803298,ACC-10240,CON-070594,LI-0505423,SW-OBS-130,171,2023-01-30,2028-01-28
ENT-0803299,ACC-10240,CON-070594,LI-0505424,SUP-PLA-CORE,8,2023-01-30,2028-01-28
ENT-0803300,ACC-10240,CON-070594,LI-0505425,SUP-PLA-CORE,3,2023-01-30,2028-01-28
ENT-0803301,ACC-10240,CON-070594,LI-0505426,SW-OBS-130,485,2023-01-30,2028-01-28
ENT-0803302,ACC-10240,CON-070594,LI-0505427,SUP-SIL-CORE,8,2023-01-30,2028-01-28
ENT-0803303,ACC-10241,CON-070595,LI-0505428,SUP-GOL-EDGE,5,2022-07-14,2023-04-24
ENT-0803304,ACC-10241,CON-070595,LI-0505429,SW-SEC-110,502,2022-04-24,2023-04-24
ENT-0803305,ACC-10241,CON-070595,LI-0505433,SUP-BRO-DC,8,2022-04-24,2023-04-24
ENT-0803306,ACC-10241,CON-070596,LI-0505437,SW-SEC-140,648,2022-01-24,2024-01-24
ENT-0803307,ACC-10241,CON-070596,LI-0505438,SUP-SIL-CORE,4,2022-01-24,2024-01-24
ENT-0803308,ACC-10241,CON-070596,LI-0505439,SW-NOC-120,282,2022-01-24,2024-01-24
ENT-0803309,ACC-10241,CON-070596,LI-0505440,SW-SEC-110,398,2022-01-24,2024-01-24
ENT-0803310,ACC-10241,CON-070596,LI-0505441,SW-SEC-140,565,2022-01-24,2024-01-24
ENT-0803311,ACC-10241,CON-070596,LI-0505443,SUP-SIL-DC,3,2023-08-18,2024-01-24
ENT-0803312,ACC-10241,CON-070596,LI-0505444,SUP-PLA-DC,3,2022-01-24,2024-01-24
ENT-0803313,ACC-10241,CON-070596,LI-0505445,SW-OBS-120,442,2022-01-24,2024-01-24
ENT-0803314,ACC-10241,CON-070597,LI-0505447,SW-SEC-120,160,2024-04-19,2029-04-19
ENT-0803315,ACC-10241,CON-070597,LI-0505449,SUP-GOL-CORE,2,2024-04-19,2029-04-19
ENT-0803316,ACC-10241,CON-070597,LI-0505450,SUP-BRO-EDGE,7,2024-04-19,2029-04-19
ENT-0803317,ACC-10241,CON-070597,LI-0505451,SW-SDC-120,624,2024-04-19,2029-04-19
ENT-0803318,ACC-10241,CON-070597,LI-0505454,SUP-BRO-CORE,8,2024-04-19,2029-04-19
ENT-0803319,ACC-10241,CON-070597,LI-0505455,SW-SDC-120,488,2024-04-19,2029-04-19
ENT-0803320,ACC-10241,CON-070597,LI-0505457,SUP-GOL-CORE,1,2024-04-19,2029-04-19
ENT-0803321,ACC-10241,CON-070597,LI-0505458,SW-ZTN-130,72,2024-04-19,2029-04-19
ENT-0803322,ACC-10241,CON-070598,LI-0505461,SW-SEC-110,222,2024-04-25,2027-04-25
ENT-0803323,ACC-10241,CON-070598,LI-0505463,SW-OBS-120,66,2024-04-25,2027-04-25
ENT-0803324,ACC-10242,CON-070599,LI-0505464,SW-NOC-130,211,2022-08-15,2025-08-15
ENT-0803325,ACC-10242,CON-070599,LI-0505465,SW-SDC-120,162,2022-08-15,2025-08-15
ENT-0803326,ACC-10242,CON-070599,LI-0505467,SW-ZTN-130,115,2023-11-27,2025-08-15
ENT-0803327,ACC-10242,CON-070599,LI-0505469,SUP-BRO-CORE,1,2022-08-15,2025-08-15
ENT-0803328,ACC-10242,CON-070600,LI-0505470,SW-NOC-130,325,2025-01-24,2028-01-24
ENT-0803329,ACC-10242,CON-070600,LI-0505471,SUP-SIL-EDGE,1,2025-01-24,2028-01-24
ENT-0803330,ACC-10242,CON-070600,LI-0505473,SW-SEC-140,212,2025-01-24,2028-01-24
ENT-0803331,ACC-10242,CON-070600,LI-0505474,SW-OBS-120,308,2025-01-24,2028-01-24
ENT-0803332,ACC-10242,CON-070600,LI-0505478,SW-SDC-110,166,2025-01-24,2028-01-24
ENT-0803333,ACC-10242,CON-070600,LI-0505480,SW-NOC-140,73,2025-01-24,2028-01-24
ENT-0803334,ACC-10242,CON-070600,LI-0505481,SW-SEC-120,67,2025-01-24,2028-01-24
ENT-0803335,ACC-10243,CON-070601,LI-0505486,SW-SDC-140,220,2022-06-18,2023-06-18
ENT-0803336,ACC-10243,CON-070601,LI-0505487,SW-ZTN-110,544,2022-08-31,2023-06-18
ENT-0803337,ACC-10243,CON-070602,LI-0505488,SW-SDC-130,764,2025-12-02,2028-12-02
ENT-0803338,ACC-10243,CON-070602,LI-0505489,SW-ZTN-140,835,2025-12-02,2028-12-02
ENT-0803339,ACC-10243,CON-070602,LI-0505490,SUP-BRO-EDGE,2,2025-12-02,2028-12-02
ENT-0803340,ACC-10243,CON-070602,LI-0505494,SW-SEC-140,174,2025-12-02,2028-12-02
ENT-0803341,ACC-10243,CON-070602,LI-0505495,SUP-GOL-CORE,2,2025-12-02,2028-12-02
ENT-0803342,ACC-10243,CON-070602,LI-0505497,SW-NOC-120,1029,2025-12-02,2028-12-02
ENT-0803343,ACC-10243,CON-070602,LI-0505498,SW-SDC-110,239,2025-12-02,2028-12-02
ENT-0803344,ACC-10243,CON-070602,LI-0505500,SW-NOC-120,993,2025-12-02,2028-12-02
ENT-0803345,ACC-10243,CON-070603,LI-0505502,SW-OBS-140,44,2023-08-07,2024-08-07
ENT-0803346,ACC-10243,CON-070603,LI-0505503,SUP-BRO-CORE,5,2023-08-07,2024-08-07
ENT-0803347,ACC-10243,CON-070603,LI-0505504,SW-OBS-130,328,2023-08-07,2024-08-07
ENT-0803348,ACC-10243,CON-070603,LI-0505505,SW-SEC-120,972,2023-08-07,2024-08-07
ENT-0803349,ACC-10243,CON-070603,LI-0505508,SW-NOC-110,658,2023-08-07,2024-08-07
ENT-0803350,ACC-10243,CON-070603,LI-0505509,SW-SDC-130,829,2023-08-07,2024-08-07
ENT-0803351,ACC-10243,CON-070603,LI-0505510,SW-SEC-140,655,2023-08-07,2024-08-07
ENT-0803352,ACC-10243,CON-070603,LI-0505511,SUP-GOL-EDGE,2,2023-08-07,2024-08-07
ENT-0803353,ACC-10243,CON-070603,LI-0505512,SW-ZTN-120,950,2023-08-07,2024-08-07
ENT-0803354,ACC-10243,CON-070603,LI-0505513,SW-ZTN-140,657,2023-08-07,2024-08-07
ENT-0803355,ACC-10243,CON-070603,LI-0505514,SW-SEC-110,204,2023-08-07,2024-08-07
ENT-0803356,ACC-10243,CON-070604,LI-0505515,SW-SEC-130,677,2024-10-01,2026-10-01
ENT-0803357,ACC-10243,CON-070604,LI-0505516,SUP-SIL-EDGE,1,2024-10-01,2026-10-01
ENT-0803358,ACC-10243,CON-070604,LI-0505518,SW-NOC-140,41,2024-10-01,2026-10-01
ENT-0803359,ACC-10243,CON-070604,LI-0505519,SUP-SIL-CORE,11,2026-06-15,2026-10-01
ENT-0803360,ACC-10243,CON-070604,LI-0505520,SUP-SIL-DC,7,2024-10-01,2026-10-01
ENT-0803361,ACC-10243,CON-070604,LI-0505525,SUP-BRO-CORE,9,2024-10-01,2026-10-01
ENT-0803362,ACC-10243,CON-070604,LI-0505526,SUP-GOL-EDGE,12,2024-10-01,2026-10-01
ENT-0803363,ACC-10244,CON-070605,LI-0505527,SW-SDC-130,656,2025-09-26,2027-09-26
ENT-0803364,ACC-10244,CON-070605,LI-0505528,SUP-BRO-CORE,6,2025-09-26,2027-09-26
ENT-0803365,ACC-10244,CON-070605,LI-0505529,SW-NOC-140,250,2025-09-26,2027-09-26
ENT-0803366,ACC-10244,CON-070605,LI-0505532,SUP-PLA-DC,1,2025-09-26,2027-09-26
ENT-0803367,ACC-10244,CON-070605,LI-0505533,SW-OBS-120,157,2025-09-26,2027-09-26
ENT-0803368,ACC-10244,CON-070605,LI-0505534,SW-NOC-110,468,2025-09-26,2027-09-26
ENT-0803369,ACC-10244,CON-070606,LI-0505539,SUP-SIL-CORE,8,2023-03-10,2025-03-10
ENT-0803370,ACC-10244,CON-070606,LI-0505540,SW-NOC-110,31,2023-03-10,2025-03-10
ENT-0803371,ACC-10244,CON-070606,LI-0505541,SW-NOC-140,708,2023-03-10,2025-03-10
ENT-0803372,ACC-10244,CON-070607,LI-0505543,SW-NOC-130,373,2023-10-10,2028-10-10
ENT-0803373,ACC-10244,CON-070607,LI-0505544,SW-OBS-140,686,2023-10-10,2028-10-10
ENT-0803374,ACC-10245,CON-070608,LI-0505547,SW-NOC-130,11,2025-06-12,2028-06-12
ENT-0803375,ACC-10245,CON-070608,LI-0505548,SW-NOC-140,127,2025-06-12,2028-06-12
ENT-0803376,ACC-10245,CON-070608,LI-0505549,SW-SDC-120,120,2025-06-12,2028-06-12
ENT-0803377,ACC-10245,CON-070608,LI-0505551,SW-ZTN-130,190,2025-06-12,2028-06-12
ENT-0803378,ACC-10245,CON-070608,LI-0505552,SW-NOC-140,146,2025-06-12,2028-06-12
ENT-0803379,ACC-10245,CON-070608,LI-0505553,SUP-GOL-DC,2,2025-06-12,2028-06-12
ENT-0803380,ACC-10245,CON-070608,LI-0505554,SW-NOC-140,68,2025-06-12,2028-06-12
ENT-0803381,ACC-10246,CON-070609,LI-0505556,SW-ZTN-130,514,2022-07-21,2023-07-21
ENT-0803382,ACC-10246,CON-070609,LI-0505557,SUP-SIL-DC,5,2022-07-21,2023-07-21
ENT-0803383,ACC-10246,CON-070609,LI-0505559,SW-ZTN-140,478,2022-07-21,2023-07-21
ENT-0803384,ACC-10246,CON-070609,LI-0505560,SUP-PLA-DC,6,2022-12-03,2023-07-21
ENT-0803385,ACC-10246,CON-070610,LI-0505562,SUP-BRO-EDGE,5,2024-01-28,2027-01-28
ENT-0803386,ACC-10246,CON-070610,LI-0505564,SW-NOC-120,517,2024-01-28,2027-01-28
ENT-0803387,ACC-10246,CON-070610,LI-0505565,SUP-SIL-DC,6,2024-01-28,2027-01-28
ENT-0803388,ACC-10246,CON-070610,LI-0505566,SUP-PLA-CORE,7,2024-01-28,2027-01-28
ENT-0803389,ACC-10246,CON-070611,LI-0505569,SUP-BRO-EDGE,2,2023-04-13,2025-04-13
ENT-0803390,ACC-10246,CON-070611,LI-0505571,SW-ZTN-110,344,2023-04-13,2025-04-13
ENT-0803391,ACC-10246,CON-070611,LI-0505572,SW-SEC-120,401,2025-01-08,2025-04-13
ENT-0803392,ACC-10246,CON-070611,LI-0505579,SW-SDC-110,697,2023-04-13,2025-04-13
ENT-0803393,ACC-10247,CON-070612,LI-0505582,SUP-PLA-EDGE,3,2024-04-01,2029-04-01
ENT-0803394,ACC-10247,CON-070612,LI-0505583,SUP-GOL-DC,8,2024-04-01,2029-04-01
ENT-0803395,ACC-10247,CON-070612,LI-0505584,SW-SDC-140,827,2028-03-06,2029-04-01
ENT-0803396,ACC-10247,CON-070612,LI-0505585,SW-NOC-110,376,2024-04-01,2029-04-01
ENT-0803397,ACC-10247,CON-070612,LI-0505587,SUP-SIL-EDGE,3,2026-04-16,2029-04-01
ENT-0803398,ACC-10247,CON-070612,LI-0505588,SW-OBS-140,339,2024-04-01,2029-04-01
ENT-0803399,ACC-10247,CON-070612,LI-0505589,SUP-SIL-DC,1,2024-04-01,2029-04-01
ENT-0803400,ACC-10247,CON-070612,LI-0505590,SUP-PLA-EDGE,3,2024-04-01,2029-04-01
ENT-0803401,ACC-10247,CON-070613,LI-0505592,SUP-SIL-CORE,1,2024-07-09,2027-07-09
ENT-0803402,ACC-10247,CON-070613,LI-0505593,SW-OBS-130,571,2024-07-09,2027-07-09
ENT-0803403,ACC-10247,CON-070613,LI-0505596,SW-OBS-140,365,2024-07-09,2027-07-09
ENT-0803404,ACC-10247,CON-070613,LI-0505597,SUP-BRO-CORE,12,2024-07-09,2027-07-09
ENT-0803405,ACC-10247,CON-070613,LI-0505599,SUP-GOL-DC,6,2024-07-09,2027-07-09
ENT-0803406,ACC-10247,CON-070613,LI-0505600,SW-SEC-120,657,2024-07-09,2027-07-09
ENT-0803407,ACC-10247,CON-070613,LI-0505601,SW-SDC-110,1014,2024-07-09,2027-07-09
ENT-0803408,ACC-10248,CON-070614,LI-0505603,SW-NOC-130,164,2022-12-27,2023-12-27
ENT-0803409,ACC-10248,CON-070614,LI-0505604,SW-SDC-140,152,2022-12-27,2023-12-27
ENT-0803410,ACC-10248,CON-070614,LI-0505606,SW-NOC-120,107,2022-12-27,2023-12-27
ENT-0803411,ACC-10248,CON-070614,LI-0505607,SW-ZTN-120,133,2022-12-27,2023-12-27
ENT-0803412,ACC-10249,CON-070615,LI-0505609,SW-NOC-110,139,2023-04-22,2026-04-22
ENT-0803413,ACC-10249,CON-070615,LI-0505610,SW-SEC-120,127,2023-12-22,2026-04-22
ENT-0803414,ACC-10249,CON-070615,LI-0505611,SW-SDC-120,357,2023-04-22,2026-04-22
ENT-0803415,ACC-10249,CON-070615,LI-0505612,SUP-BRO-EDGE,1,2023-04-22,2026-04-22
ENT-0803416,ACC-10249,CON-070616,LI-0505615,SW-NOC-110,144,2022-06-08,2027-06-08
ENT-0803417,ACC-10249,CON-070616,LI-0505621,SW-SDC-130,124,2022-06-08,2027-06-08
ENT-0803418,ACC-10249,CON-070616,LI-0505622,SUP-SIL-CORE,4,2022-06-08,2027-06-08
ENT-0803419,ACC-10249,CON-070616,LI-0505623,SUP-BRO-CORE,4,2022-06-08,2027-06-08
ENT-0803420,ACC-10249,CON-070616,LI-0505624,SW-OBS-110,281,2022-06-08,2027-06-08
ENT-0803421,ACC-10249,CON-070616,LI-0505625,SUP-SIL-EDGE,5,2023-11-05,2027-06-08
ENT-0803422,ACC-10250,CON-070617,LI-0505627,SW-ZTN-120,324,2022-11-17,2023-11-17
ENT-0803423,ACC-10250,CON-070617,LI-0505628,SUP-PLA-EDGE,3,2022-11-17,2023-11-17
ENT-0803424,ACC-10250,CON-070617,LI-0505629,SUP-SIL-EDGE,2,2022-11-17,2023-11-17
ENT-0803425,ACC-10250,CON-070617,LI-0505630,SUP-BRO-DC,7,2022-11-17,2023-11-17
ENT-0803426,ACC-10250,CON-070617,LI-0505632,SUP-BRO-CORE,6,2022-11-17,2023-11-17
ENT-0803427,ACC-10250,CON-070617,LI-0505633,SUP-PLA-CORE,1,2022-11-17,2023-11-17
ENT-0803428,ACC-10250,CON-070618,LI-0505637,SUP-SIL-CORE,5,2024-07-15,2027-07-15
ENT-0803429,ACC-10250,CON-070618,LI-0505638,SW-ZTN-130,476,2024-07-15,2027-07-15
ENT-0803430,ACC-10250,CON-070618,LI-0505639,SW-ZTN-130,369,2026-09-23,2027-07-15
ENT-0803431,ACC-10250,CON-070618,LI-0505641,SUP-GOL-DC,6,2024-07-15,2027-07-15
ENT-0803432,ACC-10250,CON-070618,LI-0505643,SW-SDC-140,360,2024-07-15,2027-07-15
ENT-0803433,ACC-10250,CON-070618,LI-0505644,SW-NOC-110,179,2024-09-23,2027-07-15
ENT-0803434,ACC-10250,CON-070619,LI-0505647,SW-OBS-120,243,2022-12-18,2025-12-18
ENT-0803435,ACC-10250,CON-070619,LI-0505648,SUP-SIL-CORE,4,2022-12-18,2025-12-18
ENT-0803436,ACC-10250,CON-070619,LI-0505649,SW-NOC-120,565,2022-12-18,2025-12-18
ENT-0803437,ACC-10250,CON-070619,LI-0505650,SUP-BRO-DC,5,2022-12-18,2025-12-18
ENT-0803438,ACC-10250,CON-070619,LI-0505651,SW-SEC-140,214,2022-12-18,2025-12-18
ENT-0803439,ACC-10250,CON-070619,LI-0505652,SW-SEC-120,249,2022-12-18,2025-12-18
ENT-0803440,ACC-10250,CON-070619,LI-0505653,SUP-BRO-EDGE,2,2022-12-18,2025-12-18
ENT-0803441,ACC-10250,CON-070619,LI-0505655,SW-NOC-120,128,2022-12-18,2025-12-18
ENT-0803442,ACC-10250,CON-070619,LI-0505656,SUP-PLA-DC,3,2022-12-18,2025-12-18
ENT-0803443,ACC-10251,CON-070620,LI-0505658,SW-SEC-130,391,2025-02-09,2026-02-09
ENT-0803444,ACC-10251,CON-070620,LI-0505659,SUP-SIL-EDGE,2,2025-02-09,2026-02-09
ENT-0803445,ACC-10251,CON-070620,LI-0505661,SW-SEC-120,372,2025-02-09,2026-02-09
ENT-0803446,ACC-10251,CON-070620,LI-0505662,SUP-BRO-EDGE,5,2025-09-01,2026-02-09
ENT-0803447,ACC-10251,CON-070620,LI-0505663,SW-ZTN-120,404,2025-02-09,2026-02-09
ENT-0803448,ACC-10251,CON-070620,LI-0505664,SW-SEC-110,177,2025-02-09,2026-02-09
ENT-0803449,ACC-10251,CON-070621,LI-0505667,SW-ZTN-140,377,2023-11-14,2025-11-14
ENT-0803450,ACC-10251,CON-070621,LI-0505669,SUP-SIL-EDGE,4,2023-11-14,2025-11-14
ENT-0803451,ACC-10251,CON-070621,LI-0505673,SW-NOC-110,246,2023-11-14,2025-11-14
ENT-0803452,ACC-10251,CON-070621,LI-0505674,SUP-SIL-CORE,1,2023-11-14,2025-11-14
ENT-0803453,ACC-10251,CON-070621,LI-0505675,SW-SDC-130,221,2023-11-14,2025-11-14
ENT-0803454,ACC-10252,CON-070622,LI-0505676,SW-NOC-140,526,2022-06-05,2024-06-05
ENT-0803455,ACC-10252,CON-070622,LI-0505680,SW-SDC-110,286,2022-06-05,2024-06-05
ENT-0803456,ACC-10252,CON-070622,LI-0505681,SUP-BRO-DC,1,2022-06-05,2024-06-05
ENT-0803457,ACC-10252,CON-070622,LI-0505682,SW-SDC-120,150,2022-06-05,2024-06-05
ENT-0803458,ACC-10252,CON-070623,LI-0505683,SW-SEC-120,711,2025-03-15,2030-03-15
ENT-0803459,ACC-10252,CON-070623,LI-0505685,SW-SEC-110,305,2025-03-15,2030-03-15
ENT-0803460,ACC-10252,CON-070623,LI-0505686,SUP-BRO-DC,2,2025-03-15,2030-03-15
ENT-0803461,ACC-10252,CON-070623,LI-0505687,SW-SEC-140,369,2025-03-15,2030-03-15
ENT-0803462,ACC-10252,CON-070623,LI-0505688,SW-OBS-130,122,2025-03-15,2030-03-15
ENT-0803463,ACC-10252,CON-070623,LI-0505689,SW-SEC-110,129,2025-03-15,2030-03-15
ENT-0803464,ACC-10252,CON-070623,LI-0505691,SW-NOC-120,563,2025-03-15,2030-03-15
ENT-0803465,ACC-10252,CON-070623,LI-0505692,SW-SDC-140,640,2025-03-15,2030-03-15
ENT-0803466,ACC-10252,CON-070623,LI-0505693,SUP-BRO-DC,5,2025-03-15,2030-03-15
ENT-0803467,ACC-10252,CON-070623,LI-0505695,SUP-SIL-CORE,3,2025-03-15,2030-03-15
ENT-0803468,ACC-10253,CON-070624,LI-0505696,SUP-PLA-CORE,7,2023-06-05,2028-06-05
ENT-0803469,ACC-10253,CON-070624,LI-0505697,SUP-GOL-DC,2,2023-06-05,2028-06-05
ENT-0803470,ACC-10253,CON-070624,LI-0505699,SW-SDC-140,670,2026-05-09,2028-06-05
ENT-0803471,ACC-10253,CON-070624,LI-0505700,SW-SDC-110,776,2023-06-05,2028-06-05
ENT-0803472,ACC-10253,CON-070624,LI-0505702,SW-ZTN-130,795,2023-06-05,2028-06-05
ENT-0803473,ACC-10253,CON-070624,LI-0505704,SW-ZTN-140,105,2023-06-05,2028-06-05
ENT-0803474,ACC-10253,CON-070624,LI-0505705,SW-SDC-130,960,2023-06-05,2028-06-05
ENT-0803475,ACC-10253,CON-070624,LI-0505706,SUP-SIL-CORE,8,2023-06-05,2028-06-05
ENT-0803476,ACC-10253,CON-070624,LI-0505707,SW-ZTN-110,463,2023-06-05,2028-06-05
ENT-0803477,ACC-10253,CON-070624,LI-0505708,SW-OBS-140,984,2023-06-05,2028-06-05
ENT-0803478,ACC-10253,CON-070625,LI-0505711,SW-SEC-120,54,2025-12-26,2028-12-26
ENT-0803479,ACC-10253,CON-070625,LI-0505712,SW-OBS-110,547,2025-12-26,2028-12-26
ENT-0803480,ACC-10253,CON-070625,LI-0505713,SW-ZTN-130,249,2025-12-26,2028-12-26
ENT-0803481,ACC-10253,CON-070625,LI-0505716,SUP-GOL-EDGE,3,2025-12-26,2028-12-26
ENT-0803482,ACC-10253,CON-070625,LI-0505717,SW-SEC-120,268,2025-12-26,2028-12-26
ENT-0803483,ACC-10253,CON-070625,LI-0505718,SW-NOC-110,1010,2025-12-26,2028-12-26
ENT-0803484,ACC-10254,CON-070626,LI-0505721,SW-SEC-120,705,2027-11-08,2028-04-21
ENT-0803485,ACC-10254,CON-070626,LI-0505722,SUP-BRO-DC,3,2025-04-21,2028-04-21
ENT-0803486,ACC-10254,CON-070626,LI-0505725,SW-NOC-110,663,2025-04-21,2028-04-21
ENT-0803487,ACC-10254,CON-070626,LI-0505727,SW-SDC-130,66,2025-04-21,2028-04-21
ENT-0803488,ACC-10254,CON-070626,LI-0505728,SW-SDC-110,25,2025-04-21,2028-04-21
ENT-0803489,ACC-10254,CON-070627,LI-0505730,SUP-BRO-CORE,8,2022-04-18,2023-04-18
ENT-0803490,ACC-10254,CON-070627,LI-0505731,SUP-PLA-CORE,1,2022-08-15,2023-04-18
ENT-0803491,ACC-10254,CON-070627,LI-0505732,SW-ZTN-140,103,2022-12-28,2023-04-18
ENT-0803492,ACC-10254,CON-070627,LI-0505734,SW-OBS-140,236,2022-04-18,2023-04-18
ENT-0803493,ACC-10254,CON-070627,LI-0505735,SW-SEC-120,166,2022-04-18,2023-04-18
ENT-0803494,ACC-10254,CON-070627,LI-0505737,SW-ZTN-130,259,2022-04-18,2023-04-18
ENT-0803495,ACC-10254,CON-070627,LI-0505738,SW-NOC-110,757,2022-06-22,2023-04-18
ENT-0803496,ACC-10254,CON-070627,LI-0505739,SW-ZTN-110,176,2022-04-18,2023-04-18
ENT-0803497,ACC-10254,CON-070627,LI-0505740,SUP-PLA-CORE,1,2022-04-18,2023-04-18
ENT-0803498,ACC-10254,CON-070627,LI-0505741,SW-OBS-110,446,2022-04-18,2023-04-18
ENT-0803499,ACC-10254,CON-070628,LI-0505742,SUP-GOL-EDGE,3,2022-04-23,2024-04-23
ENT-0803500,ACC-10254,CON-070628,LI-0505744,SW-OBS-140,36,2023-05-21,2024-04-23
ENT-0803501,ACC-10254,CON-070628,LI-0505747,SW-SDC-130,473,2022-04-23,2024-04-23
ENT-0803502,ACC-10254,CON-070628,LI-0505748,SUP-SIL-EDGE,2,2022-04-23,2024-04-23
ENT-0803503,ACC-10254,CON-070628,LI-0505749,SW-SEC-130,457,2022-04-23,2024-04-23
ENT-0803504,ACC-10254,CON-070628,LI-0505751,SUP-BRO-CORE,7,2022-04-23,2024-04-23
ENT-0803505,ACC-10254,CON-070628,LI-0505752,SW-SEC-130,778,2022-04-23,2024-04-23
ENT-0803506,ACC-10254,CON-070629,LI-0505755,SUP-GOL-DC,6,2023-08-13,2028-08-13
ENT-0803507,ACC-10254,CON-070629,LI-0505757,SW-SEC-130,290,2023-08-13,2028-08-13
ENT-0803508,ACC-10255,CON-070630,LI-0505759,SW-NOC-140,742,2024-05-27,2027-05-27
ENT-0803509,ACC-10255,CON-070630,LI-0505761,SW-SDC-140,892,2024-05-27,2027-05-27
ENT-0803510,ACC-10255,CON-070631,LI-0505765,SW-SDC-140,266,2022-12-12,2023-12-12
ENT-0803511,ACC-10255,CON-070631,LI-0505766,SW-OBS-140,627,2022-12-12,2023-12-12
ENT-0803512,ACC-10255,CON-070631,LI-0505767,SW-SEC-130,729,2022-12-12,2023-12-12
ENT-0803513,ACC-10255,CON-070631,LI-0505768,SUP-PLA-EDGE,6,2022-12-12,2023-12-12
ENT-0803514,ACC-10255,CON-070631,LI-0505769,SW-NOC-110,262,2022-12-12,2023-12-12
ENT-0803515,ACC-10256,CON-070632,LI-0505771,SUP-GOL-DC,13,2024-11-10,2025-10-08
ENT-0803516,ACC-10256,CON-070632,LI-0505773,SW-ZTN-110,644,2022-10-08,2025-10-08
ENT-0803517,ACC-10256,CON-070632,LI-0505774,SUP-SIL-CORE,2,2022-10-08,2025-10-08
ENT-0803518,ACC-10256,CON-070632,LI-0505775,SUP-BRO-EDGE,13,2022-10-08,2025-10-08
ENT-0803519,ACC-10256,CON-070632,LI-0505776,SW-ZTN-110,508,2022-10-08,2025-10-08
ENT-0803520,ACC-10256,CON-070632,LI-0505780,SW-ZTN-130,881,2025-03-03,2025-10-08
ENT-0803521,ACC-10256,CON-070633,LI-0505781,SUP-GOL-DC,2,2023-03-28,2025-03-28
ENT-0803522,ACC-10256,CON-070633,LI-0505783,SW-SDC-120,1070,2023-03-28,2025-03-28
ENT-0803523,ACC-10256,CON-070633,LI-0505784,SW-SEC-140,674,2023-03-28,2025-03-28
ENT-0803524,ACC-10256,CON-070633,LI-0505787,SUP-GOL-EDGE,2,2023-03-28,2025-03-28
ENT-0803525,ACC-10256,CON-070633,LI-0505789,SW-OBS-140,618,2023-03-28,2025-03-28
ENT-0803526,ACC-10256,CON-070633,LI-0505790,SUP-GOL-EDGE,10,2023-03-28,2025-03-28
ENT-0803527,ACC-10256,CON-070634,LI-0505792,SW-ZTN-110,557,2023-09-01,2028-09-01
ENT-0803528,ACC-10257,CON-070635,LI-0505798,SW-SDC-120,18,2023-04-29,2026-04-28
ENT-0803529,ACC-10257,CON-070635,LI-0505801,SW-ZTN-130,169,2023-04-29,2026-04-28
ENT-0803530,ACC-10257,CON-070635,LI-0505802,SW-NOC-110,133,2023-04-29,2026-04-28
ENT-0803531,ACC-10257,CON-070635,LI-0505804,SW-SDC-110,157,2023-04-29,2026-04-28
ENT-0803532,ACC-10257,CON-070636,LI-0505807,SUP-PLA-CORE,1,2023-01-11,2025-01-11
ENT-0803533,ACC-10257,CON-070636,LI-0505808,SUP-PLA-EDGE,1,2023-01-11,2025-01-11
ENT-0803534,ACC-10257,CON-070636,LI-0505809,SW-SDC-130,169,2023-01-11,2025-01-11
ENT-0803535,ACC-10257,CON-070636,LI-0505810,SW-SDC-120,111,2023-01-11,2025-01-11
ENT-0803536,ACC-10257,CON-070636,LI-0505813,SW-SEC-130,189,2023-01-11,2025-01-11
ENT-0803537,ACC-10257,CON-070636,LI-0505814,SW-OBS-120,223,2023-01-11,2025-01-11
ENT-0803538,ACC-10258,CON-070637,LI-0505816,SW-NOC-110,497,2025-07-29,2027-07-28
ENT-0803539,ACC-10258,CON-070637,LI-0505818,SUP-BRO-CORE,5,2027-04-24,2027-07-28
ENT-0803540,ACC-10258,CON-070637,LI-0505819,SUP-GOL-EDGE,1,2025-07-29,2027-07-28
ENT-0803541,ACC-10258,CON-070637,LI-0505820,SW-SDC-110,506,2025-07-29,2027-07-28
ENT-0803542,ACC-10258,CON-070637,LI-0505823,SUP-BRO-CORE,4,2025-07-29,2027-07-28
ENT-0803543,ACC-10258,CON-070638,LI-0505825,SUP-BRO-DC,6,2025-04-03,2028-04-03
ENT-0803544,ACC-10258,CON-070638,LI-0505828,SUP-GOL-DC,2,2025-04-03,2028-04-03
ENT-0803545,ACC-10258,CON-070638,LI-0505829,SUP-SIL-DC,2,2025-04-03,2028-04-03
ENT-0803546,ACC-10258,CON-070638,LI-0505830,SUP-SIL-EDGE,5,2025-04-03,2028-04-03
ENT-0803547,ACC-10258,CON-070638,LI-0505832,SUP-SIL-CORE,6,2025-04-03,2028-04-03
ENT-0803548,ACC-10258,CON-070638,LI-0505833,SW-SDC-110,437,2025-04-03,2028-04-03
ENT-0803549,ACC-10258,CON-070638,LI-0505834,SW-NOC-110,165,2025-04-03,2028-04-03
ENT-0803550,ACC-10258,CON-070638,LI-0505835,SUP-PLA-EDGE,6,2025-04-03,2028-04-03
ENT-0803551,ACC-10259,CON-070639,LI-0505840,SUP-GOL-EDGE,11,2022-02-09,2025-02-09
ENT-0803552,ACC-10259,CON-070639,LI-0505841,SUP-PLA-EDGE,7,2022-02-09,2025-02-09
ENT-0803553,ACC-10259,CON-070640,LI-0505843,SW-ZTN-120,648,2023-07-11,2026-07-11
ENT-0803554,ACC-10259,CON-070640,LI-0505844,SUP-SIL-CORE,4,2023-07-11,2026-07-11
ENT-0803555,ACC-10259,CON-070640,LI-0505845,SW-SEC-110,868,2023-07-11,2026-07-11
ENT-0803556,ACC-10259,CON-070640,LI-0505847,SW-ZTN-120,164,2023-07-11,2026-07-11
ENT-0803557,ACC-10259,CON-070640,LI-0505848,SW-ZTN-110,35,2023-07-11,2026-07-11
ENT-0803558,ACC-10259,CON-070640,LI-0505849,SUP-GOL-EDGE,5,2023-07-11,2026-07-11
ENT-0803559,ACC-10259,CON-070641,LI-0505850,SUP-PLA-EDGE,1,2025-08-14,2026-08-14
ENT-0803560,ACC-10259,CON-070641,LI-0505852,SUP-PLA-EDGE,3,2025-08-14,2026-08-14
ENT-0803561,ACC-10259,CON-070641,LI-0505853,SUP-PLA-CORE,10,2025-08-14,2026-08-14
ENT-0803562,ACC-10259,CON-070641,LI-0505854,SW-NOC-110,270,2025-08-14,2026-08-14
ENT-0803563,ACC-10259,CON-070641,LI-0505855,SUP-BRO-EDGE,2,2025-08-14,2026-08-14
ENT-0803564,ACC-10259,CON-070641,LI-0505857,SW-OBS-120,80,2025-08-14,2026-08-14
ENT-0803565,ACC-10259,CON-070641,LI-0505858,SW-NOC-120,275,2026-03-23,2026-08-14
ENT-0803566,ACC-10259,CON-070641,LI-0505861,SW-SEC-110,668,2025-08-14,2026-08-14
ENT-0803567,ACC-10259,CON-070642,LI-0505862,SW-OBS-120,666,2025-08-26,2027-08-26
ENT-0803568,ACC-10259,CON-070642,LI-0505864,SW-NOC-110,582,2025-08-26,2027-08-26
ENT-0803569,ACC-10259,CON-070642,LI-0505865,SUP-GOL-DC,11,2025-08-26,2027-08-26
ENT-0803570,ACC-10259,CON-070642,LI-0505867,SUP-GOL-CORE,5,2025-08-26,2027-08-26
ENT-0803571,ACC-10260,CON-070643,LI-0505870,SUP-BRO-DC,1,2022-02-01,2027-02-01
ENT-0803572,ACC-10260,CON-070643,LI-0505871,SUP-BRO-CORE,8,2026-07-01,2027-02-01
ENT-0803573,ACC-10260,CON-070643,LI-0505872,SW-SEC-120,462,2022-02-01,2027-02-01
ENT-0803574,ACC-10260,CON-070643,LI-0505873,SW-OBS-110,316,2022-02-01,2027-02-01
ENT-0803575,ACC-10260,CON-070643,LI-0505875,SW-SDC-110,679,2022-02-01,2027-02-01
ENT-0803576,ACC-10260,CON-070643,LI-0505877,SW-SDC-140,31,2022-02-01,2027-02-01
ENT-0803577,ACC-10260,CON-070643,LI-0505878,SW-NOC-110,788,2022-02-01,2027-02-01
ENT-0803578,ACC-10260,CON-070643,LI-0505881,SUP-BRO-EDGE,10,2022-02-01,2027-02-01
ENT-0803579,ACC-10260,CON-070644,LI-0505884,SUP-GOL-EDGE,1,2024-07-28,2026-07-28
ENT-0803580,ACC-10260,CON-070645,LI-0505886,SW-SEC-110,740,2023-08-25,2024-08-25
ENT-0803581,ACC-10260,CON-070645,LI-0505887,SW-OBS-140,393,2023-08-25,2024-08-25
ENT-0803582,ACC-10260,CON-070645,LI-0505892,SUP-GOL-EDGE,5,2023-08-25,2024-08-25
ENT-0803583,ACC-10260,CON-070645,LI-0505893,SW-ZTN-110,591,2023-08-25,2024-08-25
ENT-0803584,ACC-10260,CON-070645,LI-0505894,SUP-SIL-DC,10,2023-08-25,2024-08-25
ENT-0803585,ACC-10261,CON-070646,LI-0505896,SW-SEC-130,142,2025-12-29,2028-12-28
ENT-0803586,ACC-10261,CON-070646,LI-0505900,SUP-BRO-CORE,2,2025-12-29,2028-12-28
ENT-0803587,ACC-10261,CON-070646,LI-0505904,SUP-SIL-CORE,2,2025-12-29,2028-12-28
ENT-0803588,ACC-10261,CON-070647,LI-0505906,SW-SDC-110,91,2024-04-21,2027-04-21
ENT-0803589,ACC-10261,CON-070647,LI-0505907,SW-ZTN-130,572,2024-04-21,2027-04-21
ENT-0803590,ACC-10261,CON-070647,LI-0505909,SUP-PLA-EDGE,9,2024-04-21,2027-04-21
ENT-0803591,ACC-10261,CON-070647,LI-0505910,SW-SEC-110,577,2024-04-21,2027-04-21
ENT-0803592,ACC-10261,CON-070647,LI-0505911,SUP-PLA-EDGE,8,2024-04-21,2027-04-21
ENT-0803593,ACC-10261,CON-070647,LI-0505912,SW-OBS-130,731,2024-04-21,2027-04-21
ENT-0803594,ACC-10261,CON-070647,LI-0505914,SW-SDC-130,692,2024-04-21,2027-04-21
ENT-0803595,ACC-10261,CON-070647,LI-0505915,SW-ZTN-140,198,2024-04-21,2027-04-21
ENT-0803596,ACC-10261,CON-070647,LI-0505916,SUP-GOL-EDGE,1,2024-04-21,2027-04-21
ENT-0803597,ACC-10261,CON-070648,LI-0505918,SUP-SIL-EDGE,1,2023-05-31,2024-05-28
ENT-0803598,ACC-10261,CON-070648,LI-0505920,SUP-PLA-EDGE,1,2023-05-31,2024-05-28
ENT-0803599,ACC-10261,CON-070648,LI-0505923,SUP-BRO-EDGE,7,2023-05-31,2024-05-28
ENT-0803600,ACC-10261,CON-070648,LI-0505926,SW-SEC-140,54,2023-05-31,2024-05-28
ENT-0803601,ACC-10261,CON-070648,LI-0505927,SUP-PLA-DC,9,2023-05-31,2024-05-28
ENT-0803602,ACC-10261,CON-070648,LI-0505928,SUP-SIL-CORE,1,2023-12-09,2024-05-28
ENT-0803603,ACC-10261,CON-070648,LI-0505929,SW-ZTN-130,490,2023-05-31,2024-05-28
ENT-0803604,ACC-10262,CON-070649,LI-0505931,SUP-BRO-DC,4,2024-02-25,2025-02-25
ENT-0803605,ACC-10262,CON-070649,LI-0505932,SW-NOC-110,494,2024-02-25,2025-02-25
ENT-0803606,ACC-10262,CON-070649,LI-0505933,SW-SEC-110,110,2024-02-25,2025-02-25
ENT-0803607,ACC-10262,CON-070649,LI-0505936,SUP-GOL-EDGE,9,2024-02-25,2025-02-25
ENT-0803608,ACC-10262,CON-070650,LI-0505939,SW-NOC-120,941,2025-03-10,2028-03-10
ENT-0803609,ACC-10262,CON-070650,LI-0505941,SUP-BRO-EDGE,2,2025-03-10,2028-03-10
ENT-0803610,ACC-10262,CON-070650,LI-0505942,SUP-SIL-DC,5,2025-03-10,2028-03-10
ENT-0803611,ACC-10262,CON-070650,LI-0505944,SW-SDC-120,173,2025-03-10,2028-03-10
ENT-0803612,ACC-10262,CON-070650,LI-0505946,SW-SDC-140,247,2025-03-10,2028-03-10
ENT-0803613,ACC-10262,CON-070650,LI-0505947,SUP-PLA-CORE,6,2025-03-10,2028-03-10
ENT-0803614,ACC-10262,CON-070650,LI-0505950,SW-SEC-120,478,2025-03-10,2028-03-10
ENT-0803615,ACC-10262,CON-070651,LI-0505952,SW-NOC-140,51,2026-03-29,2027-09-14
ENT-0803616,ACC-10262,CON-070651,LI-0505953,SW-SDC-140,308,2024-09-14,2027-09-14
ENT-0803617,ACC-10262,CON-070651,LI-0505954,SW-NOC-130,728,2024-09-14,2027-09-14
ENT-0803618,ACC-10262,CON-070651,LI-0505955,SW-OBS-140,120,2024-09-14,2027-09-14
ENT-0803619,ACC-10262,CON-070651,LI-0505957,SW-SEC-120,97,2024-09-14,2027-09-14
ENT-0803620,ACC-10262,CON-070651,LI-0505960,SW-ZTN-130,311,2024-09-14,2027-09-14
ENT-0803621,ACC-10262,CON-070651,LI-0505961,SUP-SIL-EDGE,5,2024-09-14,2027-09-14
ENT-0803622,ACC-10262,CON-070651,LI-0505962,SW-SEC-130,450,2024-09-14,2027-09-14
ENT-0803623,ACC-10263,CON-070652,LI-0505965,SW-NOC-110,330,2024-10-07,2026-10-07
ENT-0803624,ACC-10263,CON-070652,LI-0505966,SW-ZTN-120,310,2024-10-07,2026-10-07
ENT-0803625,ACC-10263,CON-070652,LI-0505967,SUP-SIL-EDGE,4,2024-10-07,2026-10-07
ENT-0803626,ACC-10263,CON-070652,LI-0505968,SUP-BRO-EDGE,5,2024-10-07,2026-10-07
ENT-0803627,ACC-10263,CON-070652,LI-0505969,SW-NOC-130,551,2024-10-07,2026-10-07
ENT-0803628,ACC-10263,CON-070652,LI-0505970,SUP-GOL-CORE,1,2024-10-07,2026-10-07
ENT-0803629,ACC-10263,CON-070652,LI-0505972,SW-SEC-140,481,2024-10-07,2026-10-07
ENT-0803630,ACC-10263,CON-070652,LI-0505973,SUP-GOL-DC,6,2024-10-07,2026-10-07
ENT-0803631,ACC-10264,CON-070653,LI-0505976,SW-NOC-140,404,2023-12-27,2024-12-27
ENT-0803632,ACC-10264,CON-070653,LI-0505977,SW-SDC-130,333,2023-12-27,2024-12-27
ENT-0803633,ACC-10264,CON-070653,LI-0505978,SUP-PLA-EDGE,8,2023-12-27,2024-12-27
ENT-0803634,ACC-10264,CON-070653,LI-0505979,SW-SEC-140,735,2023-12-27,2024-12-27
ENT-0803635,ACC-10264,CON-070653,LI-0505980,SUP-GOL-EDGE,1,2023-12-27,2024-12-27
ENT-0803636,ACC-10264,CON-070653,LI-0505981,SW-SDC-140,30,2024-02-27,2024-12-27
ENT-0803637,ACC-10264,CON-070654,LI-0505984,SW-ZTN-140,863,2023-07-20,2025-07-20
ENT-0803638,ACC-10264,CON-070654,LI-0505985,SUP-BRO-DC,2,2023-07-20,2025-07-20
ENT-0803639,ACC-10264,CON-070654,LI-0505986,SW-NOC-110,827,2023-07-20,2025-07-20
ENT-0803640,ACC-10264,CON-070654,LI-0505987,SUP-GOL-EDGE,8,2023-07-20,2025-07-20
ENT-0803641,ACC-10264,CON-070654,LI-0505988,SW-NOC-120,308,2023-07-20,2025-07-20
ENT-0803642,ACC-10264,CON-070654,LI-0505989,SW-ZTN-120,678,2023-07-20,2025-07-20
ENT-0803643,ACC-10265,CON-070655,LI-0505991,SUP-PLA-EDGE,2,2023-10-21,2024-10-21
ENT-0803644,ACC-10265,CON-070655,LI-0505992,SW-SDC-110,117,2023-10-21,2024-10-21
ENT-0803645,ACC-10265,CON-070655,LI-0505993,SUP-PLA-DC,3,2023-10-21,2024-10-21
ENT-0803646,ACC-10265,CON-070655,LI-0505994,SW-SEC-130,287,2023-10-21,2024-10-21
ENT-0803647,ACC-10265,CON-070655,LI-0505996,SW-SEC-130,241,2023-10-21,2024-10-21
ENT-0803648,ACC-10266,CON-070656,LI-0505997,SW-SDC-140,37,2024-11-04,2027-11-04
ENT-0803649,ACC-10266,CON-070656,LI-0506001,SUP-PLA-EDGE,1,2024-11-04,2027-11-04
ENT-0803650,ACC-10266,CON-070656,LI-0506002,SUP-PLA-DC,2,2024-11-04,2027-11-04
ENT-0803651,ACC-10266,CON-070656,LI-0506003,SUP-BRO-CORE,1,2024-11-04,2027-11-04
ENT-0803652,ACC-10266,CON-070656,LI-0506005,SW-SDC-110,70,2024-11-04,2027-11-04
ENT-0803653,ACC-10267,CON-070657,LI-0506007,SUP-PLA-CORE,1,2023-05-09,2025-05-09
ENT-0803654,ACC-10267,CON-070657,LI-0506008,SW-SDC-110,40,2023-05-09,2025-05-09
ENT-0803655,ACC-10267,CON-070657,LI-0506012,SW-SDC-140,359,2023-05-09,2025-05-09
ENT-0803656,ACC-10268,CON-070658,LI-0506014,SW-SEC-130,57,2025-11-30,2026-11-28
ENT-0803657,ACC-10268,CON-070658,LI-0506015,SUP-BRO-CORE,2,2025-11-30,2026-11-28
ENT-0803658,ACC-10268,CON-070658,LI-0506016,SUP-BRO-CORE,5,2025-11-30,2026-11-28
ENT-0803659,ACC-10268,CON-070659,LI-0506017,SW-SDC-110,238,2024-05-12,2027-05-12
ENT-0803660,ACC-10268,CON-070659,LI-0506018,SW-SDC-120,112,2024-05-12,2027-05-12
ENT-0803661,ACC-10268,CON-070659,LI-0506019,SW-ZTN-130,220,2024-05-12,2027-05-12
ENT-0803662,ACC-10268,CON-070659,LI-0506020,SW-OBS-140,141,2024-05-12,2027-05-12
ENT-0803663,ACC-10268,CON-070659,LI-0506021,SUP-BRO-DC,3,2024-05-12,2027-05-12
ENT-0803664,ACC-10268,CON-070659,LI-0506023,SW-SDC-140,320,2024-05-12,2027-05-12
ENT-0803665,ACC-10268,CON-070659,LI-0506024,SUP-BRO-EDGE,2,2024-05-12,2027-05-12
ENT-0803666,ACC-10268,CON-070659,LI-0506025,SUP-GOL-DC,3,2026-10-21,2027-05-12
ENT-0803667,ACC-10268,CON-070659,LI-0506026,SW-NOC-120,230,2024-05-12,2027-05-12
ENT-0803668,ACC-10268,CON-070659,LI-0506027,SW-SDC-110,232,2024-05-12,2027-05-12
ENT-0803669,ACC-10269,CON-070660,LI-0506029,SW-ZTN-140,749,2025-08-05,2026-08-05
ENT-0803670,ACC-10269,CON-070660,LI-0506031,SUP-PLA-EDGE,2,2025-08-05,2026-08-05
ENT-0803671,ACC-10269,CON-070661,LI-0506034,SUP-SIL-DC,3,2022-10-21,2025-10-21
ENT-0803672,ACC-10269,CON-070661,LI-0506035,SUP-GOL-CORE,7,2022-10-21,2025-10-21
ENT-0803673,ACC-10269,CON-070661,LI-0506036,SUP-PLA-DC,12,2022-10-21,2025-10-21
ENT-0803674,ACC-10269,CON-070661,LI-0506037,SW-NOC-140,787,2022-10-21,2025-10-21
ENT-0803675,ACC-10269,CON-070661,LI-0506038,SW-SEC-120,547,2024-09-18,2025-10-21
ENT-0803676,ACC-10269,CON-070661,LI-0506039,SUP-PLA-DC,11,2022-10-21,2025-10-21
ENT-0803677,ACC-10269,CON-070661,LI-0506041,SW-SDC-140,420,2022-10-21,2025-10-21
ENT-0803678,ACC-10270,CON-070662,LI-0506047,SUP-SIL-DC,2,2023-08-09,2025-08-09
ENT-0803679,ACC-10270,CON-070662,LI-0506048,SUP-SIL-CORE,1,2023-08-09,2025-08-09
ENT-0803680,ACC-10270,CON-070662,LI-0506051,SUP-BRO-CORE,2,2023-08-09,2025-08-09
ENT-0803681,ACC-10270,CON-070662,LI-0506053,SW-SDC-120,133,2024-11-29,2025-08-09
ENT-0803682,ACC-10270,CON-070662,LI-0506054,SUP-BRO-CORE,2,2023-08-09,2025-08-09
ENT-0803683,ACC-10271,CON-070663,LI-0506056,SUP-GOL-EDGE,1,2023-08-30,2026-08-28
ENT-0803684,ACC-10271,CON-070663,LI-0506057,SW-OBS-140,46,2023-08-30,2026-08-28
ENT-0803685,ACC-10271,CON-070663,LI-0506058,SUP-SIL-DC,1,2023-08-30,2026-08-28
ENT-0803686,ACC-10271,CON-070663,LI-0506059,SUP-SIL-EDGE,1,2023-08-30,2026-08-28
ENT-0803687,ACC-10271,CON-070663,LI-0506061,SUP-BRO-CORE,3,2023-08-30,2026-08-28
ENT-0803688,ACC-10271,CON-070663,LI-0506063,SW-OBS-140,295,2023-08-30,2026-08-28
ENT-0803689,ACC-10271,CON-070663,LI-0506065,SUP-BRO-DC,2,2023-08-30,2026-08-28
ENT-0803690,ACC-10272,CON-070664,LI-0506066,SW-OBS-110,732,2025-03-07,2026-03-07
ENT-0803691,ACC-10272,CON-070664,LI-0506067,SW-SEC-130,117,2025-03-07,2026-03-07
ENT-0803692,ACC-10272,CON-070664,LI-0506068,SUP-SIL-DC,7,2025-03-07,2026-03-07
ENT-0803693,ACC-10272,CON-070664,LI-0506069,SW-OBS-130,723,2025-03-07,2026-03-07
ENT-0803694,ACC-10272,CON-070664,LI-0506071,SW-ZTN-110,640,2025-03-07,2026-03-07
ENT-0803695,ACC-10272,CON-070664,LI-0506072,SW-SDC-110,444,2025-03-07,2026-03-07
ENT-0803696,ACC-10272,CON-070665,LI-0506078,SUP-BRO-EDGE,2,2024-10-10,2026-10-10
ENT-0803697,ACC-10272,CON-070665,LI-0506079,SW-SDC-140,482,2024-10-10,2026-10-10
ENT-0803698,ACC-10272,CON-070665,LI-0506080,SW-NOC-130,548,2024-10-10,2026-10-10
ENT-0803699,ACC-10272,CON-070665,LI-0506082,SW-NOC-140,569,2024-10-10,2026-10-10
ENT-0803700,ACC-10272,CON-070665,LI-0506085,SW-SEC-130,162,2024-10-10,2026-10-10
ENT-0803701,ACC-10272,CON-070665,LI-0506086,SW-ZTN-140,700,2024-10-10,2026-10-10
ENT-0803702,ACC-10272,CON-070665,LI-0506088,SW-SDC-110,303,2024-10-10,2026-10-10
ENT-0803703,ACC-10272,CON-070665,LI-0506089,SW-SEC-120,566,2024-10-10,2026-10-10
ENT-0803704,ACC-10272,CON-070666,LI-0506090,SW-SDC-110,621,2022-12-02,2027-12-02
ENT-0803705,ACC-10272,CON-070666,LI-0506091,SUP-PLA-CORE,2,2022-12-02,2027-12-02
ENT-0803706,ACC-10272,CON-070666,LI-0506092,SW-SDC-130,481,2022-12-02,2027-12-02
ENT-0803707,ACC-10272,CON-070666,LI-0506094,SW-ZTN-120,350,2022-12-02,2027-12-02
ENT-0803708,ACC-10272,CON-070666,LI-0506099,SW-SEC-130,244,2022-12-02,2027-12-02
ENT-0803709,ACC-10272,CON-070666,LI-0506100,SW-SEC-120,523,2022-12-02,2027-12-02
ENT-0803710,ACC-10273,CON-070667,LI-0506102,SUP-BRO-EDGE,4,2022-05-25,2024-05-25
ENT-0803711,ACC-10273,CON-070667,LI-0506103,SW-OBS-130,60,2022-05-25,2024-05-25
ENT-0803712,ACC-10273,CON-070667,LI-0506104,SW-OBS-110,400,2022-05-25,2024-05-25
ENT-0803713,ACC-10273,CON-070667,LI-0506105,SUP-GOL-EDGE,1,2022-05-25,2024-05-25
ENT-0803714,ACC-10273,CON-070667,LI-0506108,SUP-GOL-DC,2,2022-05-25,2024-05-25
ENT-0803715,ACC-10273,CON-070667,LI-0506109,SUP-BRO-EDGE,3,2022-05-25,2024-05-25
ENT-0803716,ACC-10273,CON-070667,LI-0506110,SUP-SIL-EDGE,2,2022-05-25,2024-05-25
ENT-0803717,ACC-10273,CON-070667,LI-0506112,SW-SDC-120,363,2022-05-25,2024-05-25
ENT-0803718,ACC-10273,CON-070668,LI-0506114,SUP-GOL-EDGE,4,2023-02-22,2026-02-22
ENT-0803719,ACC-10273,CON-070668,LI-0506117,SW-NOC-110,261,2024-11-14,2026-02-22
ENT-0803720,ACC-10273,CON-070668,LI-0506118,SUP-SIL-DC,1,2023-02-22,2026-02-22
ENT-0803721,ACC-10274,CON-070669,LI-0506119,SUP-BRO-DC,1,2024-10-28,2027-10-28
ENT-0803722,ACC-10274,CON-070669,LI-0506122,SUP-GOL-CORE,1,2026-10-21,2027-10-28
ENT-0803723,ACC-10274,CON-070669,LI-0506124,SW-OBS-140,208,2024-10-28,2027-10-28
ENT-0803724,ACC-10274,CON-070669,LI-0506126,SUP-PLA-EDGE,1,2024-10-28,2027-10-28
ENT-0803725,ACC-10275,CON-070671,LI-0506132,SW-ZTN-130,448,2023-03-04,2026-03-04
ENT-0803726,ACC-10275,CON-070671,LI-0506134,SUP-PLA-EDGE,1,2023-03-04,2026-03-04
ENT-0803727,ACC-10275,CON-070671,LI-0506135,SW-ZTN-110,287,2025-05-29,2026-03-04
ENT-0803728,ACC-10275,CON-070672,LI-0506140,SW-OBS-110,258,2022-01-30,2025-01-28
ENT-0803729,ACC-10275,CON-070672,LI-0506141,SW-NOC-140,115,2022-01-30,2025-01-28
ENT-0803730,ACC-10276,CON-070673,LI-0506144,SW-OBS-110,23,2024-06-23,2028-11-27
ENT-0803731,ACC-10276,CON-070673,LI-0506145,SUP-BRO-DC,4,2023-11-27,2028-11-27
ENT-0803732,ACC-10276,CON-070673,LI-0506146,SW-SEC-120,95,2023-11-27,2028-11-27
ENT-0803733,ACC-10276,CON-070673,LI-0506147,SUP-PLA-EDGE,5,2023-11-27,2028-11-27
ENT-0803734,ACC-10276,CON-070673,LI-0506148,SW-OBS-120,310,2023-11-27,2028-11-27
ENT-0803735,ACC-10276,CON-070673,LI-0506149,SW-SEC-120,217,2023-11-27,2028-11-27
ENT-0803736,ACC-10276,CON-070673,LI-0506150,SW-SDC-130,458,2023-11-27,2028-11-27
ENT-0803737,ACC-10276,CON-070674,LI-0506151,SUP-GOL-DC,1,2024-11-17,2029-11-17
ENT-0803738,ACC-10276,CON-070674,LI-0506152,SW-SEC-110,135,2024-11-17,2029-11-17
ENT-0803739,ACC-10276,CON-070674,LI-0506153,SW-ZTN-120,400,2024-11-17,2029-11-17
ENT-0803740,ACC-10276,CON-070674,LI-0506154,SUP-SIL-DC,5,2024-11-17,2029-11-17
ENT-0803741,ACC-10276,CON-070674,LI-0506155,SUP-SIL-CORE,1,2024-11-17,2029-11-17
ENT-0803742,ACC-10276,CON-070674,LI-0506156,SW-NOC-120,242,2024-11-17,2029-11-17
ENT-0803743,ACC-10276,CON-070674,LI-0506158,SUP-SIL-CORE,5,2024-11-17,2029-11-17
ENT-0803744,ACC-10276,CON-070674,LI-0506159,SUP-GOL-EDGE,2,2024-11-17,2029-11-17
ENT-0803745,ACC-10276,CON-070674,LI-0506160,SW-ZTN-130,370,2024-11-17,2029-11-17
ENT-0803746,ACC-10276,CON-070674,LI-0506161,SW-OBS-110,247,2028-11-07,2029-11-17
ENT-0803747,ACC-10276,CON-070674,LI-0506162,SUP-SIL-DC,5,2024-11-17,2029-11-17
ENT-0803748,ACC-10277,CON-070675,LI-0506164,SW-ZTN-140,633,2024-03-03,2027-03-03
ENT-0803749,ACC-10277,CON-070675,LI-0506166,SW-NOC-120,766,2026-10-20,2027-03-03
ENT-0803750,ACC-10277,CON-070675,LI-0506167,SUP-BRO-DC,9,2024-03-03,2027-03-03
ENT-0803751,ACC-10277,CON-070675,LI-0506168,SUP-GOL-EDGE,3,2025-07-04,2027-03-03
ENT-0803752,ACC-10277,CON-070676,LI-0506170,SW-OBS-130,707,2024-04-12,2029-04-12
ENT-0803753,ACC-10277,CON-070676,LI-0506171,SUP-GOL-DC,9,2024-04-12,2029-04-12
ENT-0803754,ACC-10277,CON-070676,LI-0506172,SW-OBS-140,699,2024-04-12,2029-04-12
ENT-0803755,ACC-10277,CON-070676,LI-0506175,SW-SDC-110,740,2024-04-12,2029-04-12
ENT-0803756,ACC-10277,CON-070676,LI-0506177,SW-SEC-110,426,2024-04-12,2029-04-12
ENT-0803757,ACC-10277,CON-070677,LI-0506179,SW-SEC-120,378,2024-02-23,2027-02-23
ENT-0803758,ACC-10277,CON-070677,LI-0506180,SUP-SIL-CORE,2,2024-02-23,2027-02-23
ENT-0803759,ACC-10277,CON-070677,LI-0506183,SW-SEC-130,304,2024-02-23,2027-02-23
ENT-0803760,ACC-10277,CON-070677,LI-0506184,SUP-GOL-DC,9,2026-06-26,2027-02-23
ENT-0803761,ACC-10277,CON-070677,LI-0506185,SUP-SIL-EDGE,7,2024-02-23,2027-02-23
ENT-0803762,ACC-10277,CON-070678,LI-0506187,SW-NOC-120,873,2024-04-16,2025-04-16
ENT-0803763,ACC-10277,CON-070678,LI-0506191,SW-NOC-120,762,2024-04-16,2025-04-16
ENT-0803764,ACC-10277,CON-070678,LI-0506192,SUP-GOL-DC,5,2024-11-17,2025-04-16
ENT-0803765,ACC-10277,CON-070678,LI-0506193,SUP-SIL-CORE,2,2024-04-16,2025-04-16
ENT-0803766,ACC-10278,CON-070679,LI-0506194,SW-ZTN-140,322,2025-05-28,2028-05-28
ENT-0803767,ACC-10278,CON-070679,LI-0506197,SW-ZTN-120,185,2025-05-28,2028-05-28
ENT-0803768,ACC-10278,CON-070679,LI-0506198,SW-OBS-140,261,2025-05-28,2028-05-28
ENT-0803769,ACC-10278,CON-070679,LI-0506200,SW-NOC-120,309,2025-05-28,2028-05-28
ENT-0803770,ACC-10278,CON-070679,LI-0506202,SW-ZTN-110,24,2025-05-28,2028-05-28
ENT-0803771,ACC-10278,CON-070679,LI-0506203,SW-SDC-140,420,2025-05-28,2028-05-28
ENT-0803772,ACC-10278,CON-070680,LI-0506206,SW-SDC-120,16,2025-04-12,2027-04-12
ENT-0803773,ACC-10278,CON-070680,LI-0506208,SUP-PLA-CORE,1,2025-04-12,2027-04-12
ENT-0803774,ACC-10278,CON-070680,LI-0506209,SW-NOC-130,239,2025-04-12,2027-04-12
ENT-0803775,ACC-10278,CON-070680,LI-0506210,SW-ZTN-140,103,2025-04-12,2027-04-12
ENT-0803776,ACC-10278,CON-070680,LI-0506213,SUP-SIL-CORE,1,2025-09-17,2027-04-12
ENT-0803777,ACC-10278,CON-070680,LI-0506214,SUP-PLA-EDGE,4,2025-04-12,2027-04-12
ENT-0803778,ACC-10278,CON-070680,LI-0506215,SW-SDC-140,196,2025-04-12,2027-04-12
ENT-0803779,ACC-10278,CON-070680,LI-0506216,SW-SDC-130,245,2025-04-12,2027-04-12
ENT-0803780,ACC-10278,CON-070680,LI-0506217,SW-NOC-140,431,2025-04-12,2027-04-12
ENT-0803781,ACC-10278,CON-070680,LI-0506218,SUP-GOL-DC,4,2025-04-12,2027-04-12
ENT-0803782,ACC-10279,CON-070681,LI-0506220,SUP-GOL-DC,2,2024-12-05,2025-12-05
ENT-0803783,ACC-10279,CON-070681,LI-0506221,SUP-SIL-CORE,1,2024-12-05,2025-12-05
ENT-0803784,ACC-10279,CON-070681,LI-0506223,SUP-SIL-EDGE,1,2024-12-05,2025-12-05
ENT-0803785,ACC-10279,CON-070681,LI-0506224,SUP-GOL-EDGE,1,2024-12-05,2025-12-05
ENT-0803786,ACC-10280,CON-070682,LI-0506225,SUP-GOL-CORE,4,2023-07-28,2024-07-28
ENT-0803787,ACC-10280,CON-070682,LI-0506226,SUP-SIL-CORE,5,2023-07-28,2024-07-28
ENT-0803788,ACC-10280,CON-070682,LI-0506230,SW-NOC-130,266,2023-07-28,2024-07-28
ENT-0803789,ACC-10280,CON-070683,LI-0506231,SUP-GOL-DC,5,2022-07-04,2025-07-04
ENT-0803790,ACC-10280,CON-070683,LI-0506232,SW-SEC-110,273,2022-07-04,2025-07-04
ENT-0803791,ACC-10280,CON-070683,LI-0506233,SW-OBS-130,395,2022-07-04,2025-07-04
ENT-0803792,ACC-10280,CON-070683,LI-0506236,SUP-SIL-EDGE,1,2022-07-04,2025-07-04
ENT-0803793,ACC-10280,CON-070683,LI-0506237,SW-SEC-110,164,2022-07-04,2025-07-04
ENT-0803794,ACC-10280,CON-070683,LI-0506239,SW-ZTN-130,34,2022-07-04,2025-07-04
ENT-0803795,ACC-10280,CON-070683,LI-0506240,SW-SEC-120,169,2022-07-04,2025-07-04
ENT-0803796,ACC-10280,CON-070683,LI-0506241,SUP-PLA-EDGE,1,2024-12-12,2025-07-04
ENT-0803797,ACC-10281,CON-070684,LI-0506242,SW-SDC-130,59,2025-01-15,2026-01-15
ENT-0803798,ACC-10281,CON-070684,LI-0506243,SW-ZTN-120,229,2025-01-15,2026-01-15
ENT-0803799,ACC-10281,CON-070684,LI-0506244,SUP-GOL-CORE,7,2025-01-15,2026-01-15
ENT-0803800,ACC-10281,CON-070684,LI-0506245,SUP-SIL-CORE,1,2025-01-15,2026-01-15
ENT-0803801,ACC-10281,CON-070684,LI-0506246,SUP-GOL-CORE,5,2025-01-15,2026-01-15
ENT-0803802,ACC-10281,CON-070684,LI-0506247,SUP-SIL-DC,2,2025-01-15,2026-01-15
ENT-0803803,ACC-10281,CON-070684,LI-0506248,SW-NOC-130,428,2025-01-15,2026-01-15
ENT-0803804,ACC-10281,CON-070684,LI-0506252,SUP-PLA-EDGE,1,2025-01-15,2026-01-15
ENT-0803805,ACC-10281,CON-070684,LI-0506254,SW-ZTN-140,555,2025-01-15,2026-01-15
ENT-0803806,ACC-10281,CON-070684,LI-0506255,SUP-BRO-DC,5,2025-01-15,2026-01-15
ENT-0803807,ACC-10281,CON-070685,LI-0506256,SW-SDC-130,327,2025-02-01,2030-02-01
ENT-0803808,ACC-10281,CON-070685,LI-0506257,SW-NOC-110,135,2025-02-01,2030-02-01
ENT-0803809,ACC-10281,CON-070685,LI-0506258,SUP-PLA-CORE,5,2025-02-01,2030-02-01
ENT-0803810,ACC-10281,CON-070685,LI-0506259,SUP-BRO-DC,2,2025-02-01,2030-02-01
ENT-0803811,ACC-10281,CON-070685,LI-0506260,SW-NOC-140,153,2025-02-01,2030-02-01
ENT-0803812,ACC-10281,CON-070685,LI-0506265,SUP-GOL-DC,5,2025-02-01,2030-02-01
ENT-0803813,ACC-10281,CON-070685,LI-0506266,SW-NOC-140,403,2025-02-01,2030-02-01
ENT-0803814,ACC-10281,CON-070685,LI-0506267,SW-NOC-110,507,2025-02-01,2030-02-01
ENT-0803815,ACC-10282,CON-070686,LI-0506268,SUP-BRO-CORE,1,2025-05-05,2026-05-05
ENT-0803816,ACC-10282,CON-070686,LI-0506269,SW-SEC-110,163,2025-05-05,2026-05-05
ENT-0803817,ACC-10282,CON-070686,LI-0506271,SW-SEC-110,276,2025-05-05,2026-05-05
ENT-0803818,ACC-10282,CON-070687,LI-0506273,SW-SDC-130,47,2025-12-17,2026-12-17
ENT-0803819,ACC-10282,CON-070687,LI-0506274,SW-OBS-130,46,2025-12-17,2026-12-17
ENT-0803820,ACC-10282,CON-070687,LI-0506277,SW-SEC-140,144,2025-12-17,2026-12-17
ENT-0803821,ACC-10282,CON-070687,LI-0506278,SUP-PLA-DC,5,2026-06-19,2026-12-17
ENT-0803822,ACC-10282,CON-070687,LI-0506280,SUP-BRO-DC,2,2025-12-17,2026-12-17
ENT-0803823,ACC-10282,CON-070687,LI-0506281,SW-OBS-130,245,2025-12-17,2026-12-17
ENT-0803824,ACC-10282,CON-070687,LI-0506282,SW-OBS-130,312,2025-12-17,2026-12-17
ENT-0803825,ACC-10282,CON-070687,LI-0506283,SUP-BRO-EDGE,3,2025-12-17,2026-12-17
ENT-0803826,ACC-10283,CON-070688,LI-0506285,SW-OBS-110,82,2023-04-01,2028-04-01
ENT-0803827,ACC-10283,CON-070688,LI-0506286,SUP-GOL-DC,10,2023-04-01,2028-04-01
ENT-0803828,ACC-10283,CON-070688,LI-0506287,SUP-BRO-CORE,5,2023-04-01,2028-04-01
ENT-0803829,ACC-10283,CON-070688,LI-0506288,SW-SDC-140,91,2023-04-01,2028-04-01
ENT-0803830,ACC-10283,CON-070688,LI-0506289,SUP-PLA-DC,2,2023-04-01,2028-04-01
ENT-0803831,ACC-10283,CON-070688,LI-0506293,SUP-PLA-CORE,8,2023-04-01,2028-04-01
ENT-0803832,ACC-10283,CON-070688,LI-0506294,SUP-GOL-DC,11,2023-04-01,2028-04-01
ENT-0803833,ACC-10283,CON-070689,LI-0506296,SW-SDC-130,680,2025-06-27,2029-07-11
ENT-0803834,ACC-10283,CON-070689,LI-0506297,SUP-SIL-EDGE,5,2024-07-11,2029-07-11
ENT-0803835,ACC-10283,CON-070689,LI-0506298,SW-OBS-110,461,2024-07-11,2029-07-11
ENT-0803836,ACC-10283,CON-070689,LI-0506299,SUP-SIL-CORE,5,2024-07-11,2029-07-11
ENT-0803837,ACC-10283,CON-070689,LI-0506300,SW-SDC-140,725,2024-07-11,2029-07-11
ENT-0803838,ACC-10283,CON-070689,LI-0506301,SUP-BRO-EDGE,4,2024-07-11,2029-07-11
ENT-0803839,ACC-10283,CON-070689,LI-0506304,SUP-SIL-EDGE,3,2024-07-11,2029-07-11
ENT-0803840,ACC-10283,CON-070689,LI-0506305,SW-SDC-140,293,2024-07-11,2029-07-11
ENT-0803841,ACC-10283,CON-070689,LI-0506306,SW-ZTN-110,830,2024-07-11,2029-07-11
ENT-0803842,ACC-10283,CON-070689,LI-0506307,SUP-BRO-CORE,7,2024-07-11,2029-07-11
ENT-0803843,ACC-10283,CON-070689,LI-0506308,SUP-GOL-CORE,7,2024-07-11,2029-07-11
ENT-0803844,ACC-10283,CON-070690,LI-0506310,SW-SEC-140,154,2025-12-11,2030-12-11
ENT-0803845,ACC-10283,CON-070690,LI-0506311,SUP-GOL-DC,4,2025-12-11,2030-12-11
ENT-0803846,ACC-10283,CON-070690,LI-0506312,SUP-BRO-DC,11,2025-12-11,2030-12-11
ENT-0803847,ACC-10283,CON-070690,LI-0506313,SW-OBS-130,706,2025-12-11,2030-12-11
ENT-0803848,ACC-10283,CON-070690,LI-0506314,SW-OBS-120,806,2025-12-11,2030-12-11
ENT-0803849,ACC-10283,CON-070690,LI-0506315,SW-SEC-140,303,2025-12-11,2030-12-11
ENT-0803850,ACC-10283,CON-070690,LI-0506318,SUP-PLA-CORE,5,2025-12-11,2030-12-11
ENT-0803851,ACC-10283,CON-070690,LI-0506319,SW-ZTN-130,553,2025-12-11,2030-12-11
ENT-0803852,ACC-10283,CON-070690,LI-0506320,SW-NOC-110,593,2025-12-11,2030-12-11
ENT-0803853,ACC-10283,CON-070690,LI-0506322,SUP-GOL-CORE,5,2025-12-11,2030-12-11
ENT-0803854,ACC-10283,CON-070691,LI-0506324,SW-NOC-130,788,2025-07-18,2028-07-18
ENT-0803855,ACC-10283,CON-070691,LI-0506325,SUP-PLA-DC,11,2025-07-18,2028-07-18
ENT-0803856,ACC-10283,CON-070691,LI-0506326,SW-NOC-130,564,2025-09-29,2028-07-18
ENT-0803857,ACC-10283,CON-070691,LI-0506327,SUP-BRO-DC,3,2025-07-18,2028-07-18
ENT-0803858,ACC-10283,CON-070691,LI-0506328,SUP-PLA-CORE,2,2025-07-18,2028-07-18
ENT-0803859,ACC-10283,CON-070691,LI-0506330,SUP-SIL-CORE,2,2025-07-18,2028-07-18
ENT-0803860,ACC-10283,CON-070691,LI-0506332,SUP-GOL-EDGE,1,2025-07-18,2028-07-18
ENT-0803861,ACC-10283,CON-070691,LI-0506335,SW-SDC-130,377,2026-01-25,2028-07-18
ENT-0803862,ACC-10284,CON-070692,LI-0506336,SW-NOC-110,221,2023-05-10,2028-05-10
ENT-0803863,ACC-10284,CON-070692,LI-0506338,SW-ZTN-130,514,2023-05-10,2028-05-10
ENT-0803864,ACC-10284,CON-070692,LI-0506341,SW-SDC-130,609,2023-05-10,2028-05-10
ENT-0803865,ACC-10284,CON-070692,LI-0506342,SW-SDC-110,554,2023-05-10,2028-05-10
ENT-0803866,ACC-10284,CON-070693,LI-0506343,SW-SEC-140,380,2023-10-04,2025-10-04
ENT-0803867,ACC-10284,CON-070693,LI-0506344,SUP-BRO-EDGE,3,2023-10-04,2025-10-04
ENT-0803868,ACC-10284,CON-070693,LI-0506347,SUP-GOL-DC,1,2023-10-04,2025-10-04
ENT-0803869,ACC-10284,CON-070693,LI-0506348,SW-SEC-130,944,2023-10-04,2025-10-04
ENT-0803870,ACC-10284,CON-070693,LI-0506350,SUP-GOL-EDGE,9,2023-10-04,2025-10-04
ENT-0803871,ACC-10284,CON-070693,LI-0506352,SW-SDC-130,805,2023-10-04,2025-10-04
ENT-0803872,ACC-10284,CON-070694,LI-0506353,SUP-BRO-CORE,6,2023-07-20,2028-07-20
ENT-0803873,ACC-10284,CON-070694,LI-0506354,SUP-PLA-EDGE,3,2023-07-20,2028-07-20
ENT-0803874,ACC-10284,CON-070694,LI-0506355,SW-OBS-140,109,2023-07-20,2028-07-20
ENT-0803875,ACC-10284,CON-070694,LI-0506356,SUP-GOL-EDGE,7,2023-07-20,2028-07-20
ENT-0803876,ACC-10284,CON-070694,LI-0506357,SUP-SIL-CORE,3,2023-07-20,2028-07-20
ENT-0803877,ACC-10284,CON-070694,LI-0506358,SW-SDC-110,96,2023-07-20,2028-07-20
ENT-0803878,ACC-10284,CON-070694,LI-0506362,SW-OBS-140,956,2023-07-20,2028-07-20
ENT-0803879,ACC-10285,CON-070695,LI-0506364,SW-SDC-110,140,2022-11-20,2025-11-20
ENT-0803880,ACC-10285,CON-070695,LI-0506366,SW-ZTN-120,170,2023-07-21,2025-11-20
ENT-0803881,ACC-10285,CON-070695,LI-0506367,SUP-PLA-DC,2,2022-11-20,2025-11-20
ENT-0803882,ACC-10285,CON-070695,LI-0506368,SUP-PLA-DC,1,2022-11-20,2025-11-20
ENT-0803883,ACC-10285,CON-070695,LI-0506369,SW-OBS-110,152,2022-11-20,2025-11-20
ENT-0803884,ACC-10285,CON-070695,LI-0506370,SW-OBS-110,280,2022-11-20,2025-11-20
ENT-0803885,ACC-10285,CON-070695,LI-0506374,SUP-SIL-EDGE,1,2022-11-20,2025-11-20
ENT-0803886,ACC-10285,CON-070695,LI-0506375,SUP-SIL-DC,2,2022-11-20,2025-11-20
ENT-0803887,ACC-10285,CON-070696,LI-0506377,SW-OBS-140,57,2023-02-10,2025-02-10
ENT-0803888,ACC-10285,CON-070696,LI-0506378,SW-ZTN-130,235,2023-02-10,2025-02-10
ENT-0803889,ACC-10285,CON-070696,LI-0506379,SUP-GOL-CORE,4,2023-02-10,2025-02-10
ENT-0803890,ACC-10285,CON-070696,LI-0506382,SUP-SIL-CORE,1,2023-02-10,2025-02-10
ENT-0803891,ACC-10286,CON-070697,LI-0506384,SUP-PLA-DC,2,2024-12-18,2027-12-18
ENT-0803892,ACC-10286,CON-070697,LI-0506385,SUP-SIL-EDGE,1,2024-12-18,2027-12-18
ENT-0803893,ACC-10286,CON-070697,LI-0506388,SW-SDC-140,186,2024-12-18,2027-12-18
ENT-0803894,ACC-10286,CON-070697,LI-0506389,SW-NOC-140,13,2024-12-18,2027-12-18
ENT-0803895,ACC-10286,CON-070697,LI-0506390,SW-ZTN-120,33,2024-12-18,2027-12-18
ENT-0803896,ACC-10287,CON-070698,LI-0506392,SW-SDC-130,40,2022-09-21,2027-09-21
ENT-0803897,ACC-10287,CON-070698,LI-0506393,SUP-GOL-DC,1,2022-09-21,2027-09-21
ENT-0803898,ACC-10287,CON-070698,LI-0506394,SW-SDC-120,315,2022-09-21,2027-09-21
ENT-0803899,ACC-10287,CON-070698,LI-0506395,SUP-SIL-EDGE,1,2022-09-21,2027-09-21
ENT-0803900,ACC-10287,CON-070698,LI-0506396,SUP-SIL-CORE,1,2022-09-21,2027-09-21
ENT-0803901,ACC-10287,CON-070698,LI-0506397,SUP-SIL-EDGE,1,2022-09-21,2027-09-21
ENT-0803902,ACC-10287,CON-070698,LI-0506398,SUP-BRO-EDGE,1,2022-09-21,2027-09-21
ENT-0803903,ACC-10287,CON-070698,LI-0506400,SUP-SIL-DC,3,2022-09-21,2027-09-21
ENT-0803904,ACC-10287,CON-070699,LI-0506402,SW-OBS-120,93,2024-01-31,2025-10-10
ENT-0803905,ACC-10287,CON-070699,LI-0506403,SW-SDC-140,31,2022-10-10,2025-10-10
ENT-0803906,ACC-10287,CON-070699,LI-0506404,SUP-BRO-CORE,2,2022-10-10,2025-10-10
ENT-0803907,ACC-10287,CON-070699,LI-0506406,SUP-BRO-CORE,3,2022-10-10,2025-10-10
ENT-0803908,ACC-10288,CON-070700,LI-0506407,SUP-BRO-EDGE,1,2022-10-07,2025-10-07
ENT-0803909,ACC-10288,CON-070700,LI-0506408,SUP-SIL-EDGE,3,2022-10-07,2025-10-07
ENT-0803910,ACC-10288,CON-070700,LI-0506409,SW-SEC-120,26,2022-10-07,2025-10-07
ENT-0803911,ACC-10288,CON-070700,LI-0506410,SUP-BRO-DC,1,2022-10-07,2025-10-07
ENT-0803912,ACC-10288,CON-070700,LI-0506411,SUP-PLA-CORE,3,2022-10-07,2025-10-07
ENT-0803913,ACC-10288,CON-070700,LI-0506414,SUP-SIL-EDGE,3,2022-10-07,2025-10-07
ENT-0803914,ACC-10289,CON-070701,LI-0506415,SUP-SIL-EDGE,2,2024-02-15,2029-02-15
ENT-0803915,ACC-10289,CON-070701,LI-0506416,SW-ZTN-140,240,2024-02-15,2029-02-15
ENT-0803916,ACC-10289,CON-070701,LI-0506417,SUP-GOL-EDGE,4,2024-02-15,2029-02-15
ENT-0803917,ACC-10289,CON-070701,LI-0506419,SUP-GOL-DC,5,2024-02-15,2029-02-15
ENT-0803918,ACC-10289,CON-070702,LI-0506421,SW-SDC-120,392,2024-05-26,2026-05-26
ENT-0803919,ACC-10289,CON-070702,LI-0506422,SUP-BRO-DC,1,2024-05-26,2026-05-26
ENT-0803920,ACC-10289,CON-070702,LI-0506423,SUP-PLA-EDGE,5,2024-05-26,2026-05-26
ENT-0803921,ACC-10289,CON-070703,LI-0506424,SW-SEC-140,260,2024-08-27,2026-08-27
ENT-0803922,ACC-10289,CON-070703,LI-0506425,SW-ZTN-120,572,2024-08-27,2026-08-27
ENT-0803923,ACC-10289,CON-070703,LI-0506427,SW-SEC-140,328,2024-08-27,2026-08-27
ENT-0803924,ACC-10289,CON-070703,LI-0506428,SW-NOC-130,310,2024-08-27,2026-08-27
ENT-0803925,ACC-10289,CON-070703,LI-0506430,SW-OBS-130,507,2024-08-27,2026-08-27
ENT-0803926,ACC-10289,CON-070703,LI-0506431,SW-OBS-110,442,2024-08-27,2026-08-27
ENT-0803927,ACC-10289,CON-070703,LI-0506434,SUP-PLA-EDGE,5,2024-08-27,2026-08-27
ENT-0803928,ACC-10289,CON-070703,LI-0506435,SUP-BRO-CORE,4,2024-08-27,2026-08-27
ENT-0803929,ACC-10289,CON-070703,LI-0506437,SUP-PLA-EDGE,5,2024-08-27,2026-08-27
ENT-0803930,ACC-10290,CON-070704,LI-0506438,SW-OBS-130,1017,2024-03-17,2026-03-17
ENT-0803931,ACC-10290,CON-070704,LI-0506439,SUP-SIL-EDGE,12,2024-03-17,2026-03-17
ENT-0803932,ACC-10290,CON-070704,LI-0506440,SW-SDC-120,223,2024-03-17,2026-03-17
ENT-0803933,ACC-10290,CON-070704,LI-0506441,SUP-PLA-EDGE,12,2024-03-17,2026-03-17
ENT-0803934,ACC-10290,CON-070704,LI-0506442,SW-SEC-140,261,2024-03-17,2026-03-17
ENT-0803935,ACC-10290,CON-070704,LI-0506443,SW-SDC-110,762,2024-03-17,2026-03-17
ENT-0803936,ACC-10290,CON-070705,LI-0506449,SW-ZTN-120,519,2023-10-26,2026-10-26
ENT-0803937,ACC-10290,CON-070705,LI-0506450,SUP-GOL-EDGE,5,2023-10-26,2026-10-26
ENT-0803938,ACC-10290,CON-070705,LI-0506452,SW-SDC-110,1112,2023-10-26,2026-10-26
ENT-0803939,ACC-10290,CON-070705,LI-0506453,SUP-SIL-CORE,14,2023-10-26,2026-10-26
ENT-0803940,ACC-10290,CON-070705,LI-0506454,SUP-PLA-CORE,5,2023-10-26,2026-10-26
ENT-0803941,ACC-10290,CON-070705,LI-0506455,SUP-GOL-DC,2,2023-10-26,2026-10-26
ENT-0803942,ACC-10290,CON-070706,LI-0506456,SW-NOC-130,184,2025-10-11,2028-10-11
ENT-0803943,ACC-10290,CON-070706,LI-0506459,SW-SDC-140,342,2025-10-11,2028-10-11
ENT-0803944,ACC-10290,CON-070706,LI-0506460,SW-SDC-110,122,2025-10-11,2028-10-11
ENT-0803945,ACC-10290,CON-070706,LI-0506461,SW-SEC-120,41,2025-10-11,2028-10-11
ENT-0803946,ACC-10290,CON-070706,LI-0506462,SW-OBS-110,826,2025-10-11,2028-10-11
ENT-0803947,ACC-10290,CON-070706,LI-0506464,SW-NOC-110,854,2025-10-11,2028-10-11
ENT-0803948,ACC-10290,CON-070706,LI-0506465,SUP-GOL-EDGE,7,2025-10-11,2028-10-11
ENT-0803949,ACC-10290,CON-070706,LI-0506466,SUP-BRO-CORE,4,2025-10-11,2028-10-11
ENT-0803950,ACC-10290,CON-070706,LI-0506467,SUP-SIL-CORE,10,2025-10-11,2028-10-11
ENT-0803951,ACC-10291,CON-070707,LI-0506468,SW-OBS-110,85,2023-10-25,2025-10-25
ENT-0803952,ACC-10291,CON-070707,LI-0506469,SW-SEC-120,210,2023-10-25,2025-10-25
ENT-0803953,ACC-10291,CON-070707,LI-0506471,SW-SEC-130,109,2023-10-25,2025-10-25
ENT-0803954,ACC-10291,CON-070707,LI-0506473,SW-ZTN-130,312,2023-10-25,2025-10-25
ENT-0803955,ACC-10291,CON-070707,LI-0506474,SUP-SIL-CORE,1,2023-10-25,2025-10-25
ENT-0803956,ACC-10291,CON-070707,LI-0506476,SUP-PLA-CORE,1,2023-10-25,2025-10-25
ENT-0803957,ACC-10291,CON-070707,LI-0506477,SW-NOC-140,104,2023-10-25,2025-10-25
ENT-0803958,ACC-10291,CON-070707,LI-0506478,SW-SDC-110,378,2023-10-25,2025-10-25
ENT-0803959,ACC-10291,CON-070707,LI-0506480,SW-SDC-130,355,2025-07-09,2025-10-25
ENT-0803960,ACC-10291,CON-070707,LI-0506481,SW-SEC-140,123,2023-10-25,2025-10-25
ENT-0803961,ACC-10291,CON-070708,LI-0506482,SW-SEC-120,190,2024-03-08,2025-03-08
ENT-0803962,ACC-10291,CON-070708,LI-0506483,SW-ZTN-130,26,2024-03-08,2025-03-08
ENT-0803963,ACC-10291,CON-070708,LI-0506484,SW-SEC-140,302,2024-03-08,2025-03-08
ENT-0803964,ACC-10291,CON-070708,LI-0506485,SUP-PLA-DC,4,2024-11-16,2025-03-08
ENT-0803965,ACC-10291,CON-070708,LI-0506486,SW-NOC-130,111,2024-03-08,2025-03-08
ENT-0803966,ACC-10292,CON-070709,LI-0506487,SUP-GOL-CORE,2,2025-09-25,2027-09-25
ENT-0803967,ACC-10292,CON-070709,LI-0506488,SW-OBS-110,307,2025-09-25,2027-09-25
ENT-0803968,ACC-10292,CON-070709,LI-0506490,SUP-GOL-DC,2,2025-09-25,2027-09-25
ENT-0803969,ACC-10292,CON-070709,LI-0506491,SW-NOC-120,52,2025-09-25,2027-09-25
ENT-0803970,ACC-10292,CON-070709,LI-0506492,SW-SDC-140,343,2025-09-25,2027-09-25
ENT-0803971,ACC-10292,CON-070709,LI-0506493,SUP-BRO-CORE,2,2025-09-25,2027-09-25
ENT-0803972,ACC-10292,CON-070709,LI-0506494,SW-NOC-130,70,2025-09-25,2027-09-25
ENT-0803973,ACC-10292,CON-070709,LI-0506495,SUP-SIL-CORE,5,2025-09-25,2027-09-25
ENT-0803974,ACC-10292,CON-070709,LI-0506496,SW-ZTN-130,378,2025-09-25,2027-09-25
ENT-0803975,ACC-10293,CON-070710,LI-0506497,SW-SEC-110,356,2022-11-27,2023-11-27
ENT-0803976,ACC-10293,CON-070710,LI-0506500,SW-NOC-130,414,2022-11-27,2023-11-27
ENT-0803977,ACC-10293,CON-070711,LI-0506501,SUP-SIL-CORE,5,2022-09-07,2024-09-07
ENT-0803978,ACC-10293,CON-070711,LI-0506502,SW-OBS-130,209,2022-09-07,2024-09-07
ENT-0803979,ACC-10293,CON-070711,LI-0506504,SW-SEC-130,63,2022-09-07,2024-09-07
ENT-0803980,ACC-10293,CON-070711,LI-0506505,SW-SDC-140,379,2022-09-07,2024-09-07
ENT-0803981,ACC-10293,CON-070711,LI-0506506,SW-NOC-140,327,2022-09-07,2024-09-07
ENT-0803982,ACC-10294,CON-070712,LI-0506509,SUP-BRO-DC,1,2024-09-11,2025-09-11
ENT-0803983,ACC-10294,CON-070712,LI-0506510,SUP-SIL-CORE,1,2024-09-11,2025-09-11
ENT-0803984,ACC-10294,CON-070712,LI-0506511,SUP-SIL-CORE,3,2024-09-11,2025-09-11
ENT-0803985,ACC-10296,CON-070714,LI-0506520,SUP-BRO-CORE,4,2022-06-13,2025-06-13
ENT-0803986,ACC-10296,CON-070714,LI-0506524,SW-NOC-130,212,2022-06-13,2025-06-13
ENT-0803987,ACC-10296,CON-070714,LI-0506525,SW-NOC-120,256,2022-06-13,2025-06-13
ENT-0803988,ACC-10296,CON-070714,LI-0506526,SW-SDC-120,405,2022-06-13,2025-06-13
ENT-0803989,ACC-10296,CON-070714,LI-0506529,SUP-SIL-DC,1,2022-06-13,2025-06-13
ENT-0803990,ACC-10297,CON-070715,LI-0506533,SW-OBS-110,651,2025-05-08,2027-05-08
ENT-0803991,ACC-10297,CON-070715,LI-0506534,SUP-SIL-DC,8,2025-05-08,2027-05-08
ENT-0803992,ACC-10297,CON-070715,LI-0506535,SUP-SIL-CORE,10,2025-05-08,2027-05-08
ENT-0803993,ACC-10297,CON-070715,LI-0506536,SW-ZTN-140,292,2025-05-08,2027-05-08
ENT-0803994,ACC-10297,CON-070715,LI-0506537,SUP-BRO-EDGE,7,2025-05-08,2027-05-08
ENT-0803995,ACC-10297,CON-070715,LI-0506539,SW-OBS-140,821,2025-05-08,2027-05-08
ENT-0803996,ACC-10297,CON-070715,LI-0506540,SW-SEC-130,465,2025-05-08,2027-05-08
ENT-0803997,ACC-10297,CON-070715,LI-0506541,SUP-GOL-DC,5,2025-05-08,2027-05-08
ENT-0803998,ACC-10297,CON-070715,LI-0506543,SW-NOC-130,572,2025-05-08,2027-05-08
ENT-0803999,ACC-10297,CON-070716,LI-0506548,SW-OBS-110,161,2022-01-17,2023-01-17
ENT-0804000,ACC-10297,CON-070716,LI-0506550,SW-SDC-120,243,2022-01-17,2023-01-17
ENT-0804001,ACC-10297,CON-070716,LI-0506551,SW-ZTN-110,560,2022-01-17,2023-01-17
ENT-0804002,ACC-10297,CON-070716,LI-0506552,SW-NOC-140,35,2022-08-28,2023-01-17
ENT-0804003,ACC-10297,CON-070716,LI-0506555,SUP-BRO-CORE,9,2022-01-17,2023-01-17
ENT-0804004,ACC-10297,CON-070716,LI-0506556,SUP-BRO-DC,1,2022-01-17,2023-01-17
ENT-0804005,ACC-10297,CON-070717,LI-0506557,SW-OBS-140,816,2022-08-16,2025-08-16
ENT-0804006,ACC-10297,CON-070717,LI-0506558,SUP-SIL-EDGE,3,2022-08-16,2025-08-16
ENT-0804007,ACC-10297,CON-070717,LI-0506559,SUP-BRO-DC,3,2022-08-16,2025-08-16
ENT-0804008,ACC-10297,CON-070717,LI-0506560,SW-OBS-120,44,2022-08-16,2025-08-16
ENT-0804009,ACC-10298,CON-070718,LI-0506562,SW-OBS-120,45,2025-09-26,2028-04-25
ENT-0804010,ACC-10298,CON-070718,LI-0506563,SW-NOC-120,614,2025-04-25,2028-04-25
ENT-0804011,ACC-10298,CON-070718,LI-0506564,SUP-SIL-CORE,6,2025-04-25,2028-04-25
ENT-0804012,ACC-10298,CON-070718,LI-0506566,SW-NOC-140,596,2025-04-25,2028-04-25
ENT-0804013,ACC-10298,CON-070718,LI-0506567,SW-SEC-140,303,2025-04-25,2028-04-25
ENT-0804014,ACC-10298,CON-070718,LI-0506568,SW-OBS-130,178,2025-04-25,2028-04-25
ENT-0804015,ACC-10298,CON-070718,LI-0506570,SUP-BRO-DC,7,2025-04-25,2028-04-25
ENT-0804016,ACC-10298,CON-070718,LI-0506571,SW-NOC-110,377,2025-04-25,2028-04-25
ENT-0804017,ACC-10298,CON-070718,LI-0506574,SW-ZTN-110,216,2026-12-29,2028-04-25
ENT-0804018,ACC-10298,CON-070719,LI-0506577,SUP-PLA-EDGE,4,2022-02-18,2025-02-18
ENT-0804019,ACC-10298,CON-070719,LI-0506578,SW-SEC-110,437,2022-02-18,2025-02-18
ENT-0804020,ACC-10298,CON-070719,LI-0506579,SW-NOC-140,556,2022-02-18,2025-02-18
ENT-0804021,ACC-10299,CON-070720,LI-0506583,SUP-BRO-EDGE,8,2025-06-03,2028-06-03
ENT-0804022,ACC-10299,CON-070720,LI-0506584,SW-OBS-140,661,2025-06-03,2028-06-03
ENT-0804023,ACC-10299,CON-070720,LI-0506585,SUP-GOL-DC,1,2025-06-03,2028-06-03
ENT-0804024,ACC-10299,CON-070720,LI-0506586,SW-SEC-140,619,2025-06-03,2028-06-03
ENT-0804025,ACC-10299,CON-070720,LI-0506587,SUP-BRO-CORE,3,2025-06-03,2028-06-03
ENT-0804026,ACC-10299,CON-070720,LI-0506589,SW-SDC-130,348,2025-06-03,2028-06-03
ENT-0804027,ACC-10299,CON-070721,LI-0506590,SW-ZTN-130,48,2024-04-04,2025-04-04
ENT-0804028,ACC-10299,CON-070721,LI-0506591,SW-OBS-130,731,2024-04-04,2025-04-04
ENT-0804029,ACC-10299,CON-070721,LI-0506592,SUP-SIL-DC,9,2024-04-04,2025-04-04
ENT-0804030,ACC-10299,CON-070721,LI-0506594,SW-NOC-110,721,2024-04-04,2025-04-04
ENT-0804031,ACC-10299,CON-070721,LI-0506598,SW-NOC-120,905,2024-04-04,2025-04-04
ENT-0804032,ACC-10299,CON-070721,LI-0506599,SW-SEC-110,690,2024-04-04,2025-04-04
ENT-0804033,ACC-10299,CON-070721,LI-0506600,SW-ZTN-120,575,2024-06-20,2025-04-04
ENT-0804034,ACC-10299,CON-070721,LI-0506602,SW-SDC-120,613,2024-04-04,2025-04-04
ENT-0804035,ACC-10299,CON-070722,LI-0506610,SW-ZTN-110,386,2024-01-31,2027-01-28
ENT-0804036,ACC-10299,CON-070722,LI-0506612,SW-SEC-120,842,2024-01-31,2027-01-28
ENT-0804037,ACC-10299,CON-070723,LI-0506616,SW-OBS-110,251,2024-10-18,2026-10-18
ENT-0804038,ACC-10299,CON-070723,LI-0506618,SW-OBS-110,131,2024-10-18,2026-10-18
ENT-0804039,ACC-10299,CON-070723,LI-0506619,SUP-BRO-DC,6,2024-10-18,2026-10-18
ENT-0804040,ACC-10300,CON-070724,LI-0506621,SW-OBS-120,373,2023-11-02,2026-11-02
ENT-0804041,ACC-10300,CON-070724,LI-0506622,SUP-GOL-EDGE,1,2023-11-02,2026-11-02
ENT-0804042,ACC-10300,CON-070724,LI-0506623,SW-ZTN-130,247,2024-10-11,2026-11-02
ENT-0804043,ACC-10300,CON-070724,LI-0506625,SW-NOC-120,161,2023-11-02,2026-11-02
ENT-0804044,ACC-10300,CON-070724,LI-0506626,SW-SEC-130,150,2023-11-02,2026-11-02
ENT-0804045,ACC-10300,CON-070724,LI-0506630,SUP-GOL-DC,1,2023-11-02,2026-11-02
ENT-0804046,ACC-10300,CON-070724,LI-0506631,SW-SEC-140,43,2023-11-02,2026-11-02
ENT-0804047,ACC-10300,CON-070725,LI-0506632,SW-ZTN-140,383,2024-03-14,2027-03-14
ENT-0804048,ACC-10300,CON-070725,LI-0506633,SW-SEC-120,75,2024-03-14,2027-03-14
ENT-0804049,ACC-10300,CON-070725,LI-0506634,SW-SEC-120,383,2024-03-14,2027-03-14
ENT-0804050,ACC-10300,CON-070725,LI-0506636,SW-SDC-120,300,2024-03-14,2027-03-14
ENT-0804051,ACC-10300,CON-070725,LI-0506637,SUP-BRO-DC,1,2024-03-14,2027-03-14
ENT-0804052,ACC-10301,CON-070726,LI-0506638,SW-NOC-110,211,2023-03-06,2025-03-06
ENT-0804053,ACC-10301,CON-070726,LI-0506640,SW-NOC-120,120,2023-03-06,2025-03-06
ENT-0804054,ACC-10301,CON-070726,LI-0506642,SUP-BRO-EDGE,2,2023-03-06,2025-03-06
ENT-0804055,ACC-10301,CON-070726,LI-0506643,SW-OBS-140,15,2023-03-06,2025-03-06
ENT-0804056,ACC-10301,CON-070726,LI-0506644,SW-NOC-120,222,2023-03-06,2025-03-06
ENT-0804057,ACC-10301,CON-070726,LI-0506645,SUP-PLA-EDGE,1,2023-03-06,2025-03-06
ENT-0804058,ACC-10301,CON-070726,LI-0506646,SW-SEC-140,335,2023-03-06,2025-03-06
ENT-0804059,ACC-10301,CON-070727,LI-0506649,SUP-PLA-CORE,1,2022-01-05,2025-01-05
ENT-0804060,ACC-10301,CON-070727,LI-0506651,SW-NOC-140,201,2022-01-05,2025-01-05
ENT-0804061,ACC-10301,CON-070727,LI-0506652,SUP-SIL-DC,3,2022-01-05,2025-01-05
ENT-0804062,ACC-10302,CON-070728,LI-0506653,SW-ZTN-140,189,2025-06-28,2026-01-25
ENT-0804063,ACC-10302,CON-070728,LI-0506654,SUP-PLA-EDGE,5,2024-01-25,2026-01-25
ENT-0804064,ACC-10302,CON-070728,LI-0506655,SUP-BRO-DC,2,2025-03-12,2026-01-25
ENT-0804065,ACC-10302,CON-070728,LI-0506656,SW-SEC-130,91,2024-01-25,2026-01-25
ENT-0804066,ACC-10302,CON-070728,LI-0506659,SW-ZTN-120,56,2024-01-25,2026-01-25
ENT-0804067,ACC-10303,CON-070729,LI-0506663,SUP-GOL-CORE,2,2025-06-12,2027-06-12
ENT-0804068,ACC-10303,CON-070729,LI-0506664,SUP-PLA-DC,2,2025-06-12,2027-06-12
ENT-0804069,ACC-10303,CON-070729,LI-0506665,SW-OBS-140,81,2025-06-12,2027-06-12
ENT-0804070,ACC-10303,CON-070729,LI-0506666,SUP-PLA-CORE,2,2025-06-12,2027-06-12
ENT-0804071,ACC-10303,CON-070730,LI-0506669,SW-ZTN-140,34,2022-11-24,2025-11-24
ENT-0804072,ACC-10303,CON-070730,LI-0506671,SUP-GOL-EDGE,3,2022-11-24,2025-11-24
ENT-0804073,ACC-10303,CON-070730,LI-0506672,SW-SDC-130,19,2022-11-24,2025-11-24
ENT-0804074,ACC-10303,CON-070730,LI-0506673,SW-SDC-140,267,2022-11-24,2025-11-24
ENT-0804075,ACC-10303,CON-070730,LI-0506674,SW-OBS-130,109,2022-11-24,2025-11-24
ENT-0804076,ACC-10303,CON-070730,LI-0506675,SUP-SIL-EDGE,3,2022-11-24,2025-11-24
ENT-0804077,ACC-10303,CON-070730,LI-0506676,SW-OBS-140,248,2022-11-24,2025-11-24
ENT-0804078,ACC-10303,CON-070730,LI-0506677,SW-SEC-110,163,2022-11-24,2025-11-24
ENT-0804079,ACC-10303,CON-070730,LI-0506679,SW-ZTN-110,159,2022-11-24,2025-11-24
ENT-0804080,ACC-10303,CON-070730,LI-0506680,SW-SDC-140,43,2022-11-24,2025-11-24
ENT-0804081,ACC-10304,CON-070731,LI-0506681,SUP-GOL-CORE,4,2022-03-01,2025-03-01
ENT-0804082,ACC-10304,CON-070731,LI-0506684,SUP-SIL-EDGE,1,2022-03-01,2025-03-01
ENT-0804083,ACC-10304,CON-070731,LI-0506686,SUP-PLA-EDGE,6,2022-03-01,2025-03-01
ENT-0804084,ACC-10304,CON-070731,LI-0506687,SW-SDC-110,467,2022-03-01,2025-03-01
ENT-0804085,ACC-10304,CON-070732,LI-0506689,SUP-GOL-DC,2,2025-01-01,2026-01-01
ENT-0804086,ACC-10304,CON-070732,LI-0506691,SW-NOC-130,268,2025-01-01,2026-01-01
ENT-0804087,ACC-10304,CON-070732,LI-0506694,SUP-GOL-EDGE,4,2025-01-01,2026-01-01
ENT-0804088,ACC-10304,CON-070732,LI-0506695,SUP-GOL-EDGE,5,2025-01-01,2026-01-01
ENT-0804089,ACC-10305,CON-070733,LI-0506696,SUP-BRO-DC,5,2024-01-26,2027-01-26
ENT-0804090,ACC-10305,CON-070733,LI-0506699,SUP-SIL-DC,5,2024-01-26,2027-01-26
ENT-0804091,ACC-10305,CON-070733,LI-0506700,SW-SDC-110,480,2024-01-26,2027-01-26
ENT-0804092,ACC-10306,CON-070734,LI-0506701,SUP-BRO-DC,1,2025-04-20,2030-04-20
ENT-0804093,ACC-10306,CON-070734,LI-0506703,SW-NOC-140,26,2025-04-20,2030-04-20
ENT-0804094,ACC-10306,CON-070734,LI-0506704,SUP-PLA-CORE,1,2025-04-20,2030-04-20
ENT-0804095,ACC-10306,CON-070734,LI-0506709,SW-SEC-110,440,2025-04-20,2030-04-20
ENT-0804096,ACC-10306,CON-070735,LI-0506711,SUP-PLA-EDGE,4,2025-12-09,2026-12-09
ENT-0804097,ACC-10306,CON-070735,LI-0506712,SW-SEC-130,160,2025-12-09,2026-12-09
ENT-0804098,ACC-10306,CON-070735,LI-0506714,SW-ZTN-130,76,2025-12-09,2026-12-09
ENT-0804099,ACC-10307,CON-070736,LI-0506715,SUP-GOL-CORE,6,2023-02-06,2026-02-06
ENT-0804100,ACC-10307,CON-070736,LI-0506716,SW-NOC-110,260,2023-02-06,2026-02-06
ENT-0804101,ACC-10307,CON-070736,LI-0506717,SW-SDC-140,625,2023-02-06,2026-02-06
ENT-0804102,ACC-10307,CON-070736,LI-0506718,SW-SEC-110,332,2023-02-06,2026-02-06
ENT-0804103,ACC-10307,CON-070736,LI-0506719,SW-ZTN-110,264,2023-02-06,2026-02-06
ENT-0804104,ACC-10307,CON-070736,LI-0506720,SW-NOC-120,404,2023-11-28,2026-02-06
ENT-0804105,ACC-10307,CON-070736,LI-0506721,SUP-PLA-CORE,8,2023-02-06,2026-02-06
ENT-0804106,ACC-10307,CON-070736,LI-0506722,SW-NOC-130,264,2023-02-06,2026-02-06
ENT-0804107,ACC-10307,CON-070737,LI-0506723,SW-SEC-110,601,2024-01-02,2025-01-28
ENT-0804108,ACC-10307,CON-070737,LI-0506724,SW-OBS-130,73,2023-01-31,2025-01-28
ENT-0804109,ACC-10307,CON-070737,LI-0506726,SW-SDC-130,30,2023-01-31,2025-01-28
ENT-0804110,ACC-10307,CON-070737,LI-0506729,SW-ZTN-110,377,2023-01-31,2025-01-28
ENT-0804111,ACC-10307,CON-070737,LI-0506730,SW-NOC-140,76,2023-01-31,2025-01-28
ENT-0804112,ACC-10307,CON-070737,LI-0506732,SW-NOC-120,623,2023-01-31,2025-01-28
ENT-0804113,ACC-10307,CON-070737,LI-0506733,SW-OBS-120,441,2023-01-31,2025-01-28
ENT-0804114,ACC-10308,CON-070738,LI-0506736,SW-NOC-110,719,2025-01-17,2030-01-17
ENT-0804115,ACC-10308,CON-070738,LI-0506737,SW-ZTN-120,849,2025-01-17,2030-01-17
ENT-0804116,ACC-10308,CON-070738,LI-0506740,SW-OBS-110,851,2025-01-17,2030-01-17
ENT-0804117,ACC-10308,CON-070739,LI-0506743,SW-OBS-110,799,2025-05-12,2028-05-12
ENT-0804118,ACC-10308,CON-070739,LI-0506744,SW-NOC-120,185,2025-05-12,2028-05-12
ENT-0804119,ACC-10308,CON-070739,LI-0506745,SW-SEC-110,385,2025-05-12,2028-05-12
ENT-0804120,ACC-10308,CON-070740,LI-0506747,SUP-BRO-CORE,2,2025-08-30,2026-08-28
ENT-0804121,ACC-10308,CON-070740,LI-0506748,SUP-SIL-CORE,9,2025-08-30,2026-08-28
ENT-0804122,ACC-10308,CON-070740,LI-0506750,SW-NOC-120,762,2025-08-30,2026-08-28
ENT-0804123,ACC-10309,CON-070742,LI-0506756,SUP-SIL-EDGE,8,2023-01-27,2024-01-27
ENT-0804124,ACC-10309,CON-070742,LI-0506758,SW-SEC-130,75,2023-01-27,2024-01-27
ENT-0804125,ACC-10309,CON-070742,LI-0506759,SW-NOC-110,143,2023-01-27,2024-01-27
ENT-0804126,ACC-10309,CON-070742,LI-0506760,SW-ZTN-110,387,2023-01-27,2024-01-27
ENT-0804127,ACC-10309,CON-070742,LI-0506761,SUP-GOL-CORE,2,2023-01-27,2024-01-27
ENT-0804128,ACC-10309,CON-070742,LI-0506764,SW-ZTN-140,69,2023-01-27,2024-01-27
ENT-0804129,ACC-10309,CON-070742,LI-0506765,SW-SDC-130,772,2023-01-27,2024-01-27
ENT-0804130,ACC-10309,CON-070742,LI-0506766,SW-ZTN-140,624,2023-01-27,2024-01-27
ENT-0804131,ACC-10309,CON-070743,LI-0506769,SUP-GOL-DC,7,2022-07-30,2024-07-28
ENT-0804132,ACC-10309,CON-070743,LI-0506773,SW-SEC-120,496,2022-07-30,2024-07-28
ENT-0804133,ACC-10309,CON-070743,LI-0506774,SW-NOC-120,842,2022-07-30,2024-07-28
ENT-0804134,ACC-10309,CON-070743,LI-0506775,SW-NOC-110,404,2022-07-30,2024-07-28
ENT-0804135,ACC-10309,CON-070743,LI-0506776,SW-ZTN-120,262,2022-07-30,2024-07-28
ENT-0804136,ACC-10309,CON-070744,LI-0506779,SW-ZTN-120,446,2025-01-09,2028-01-09
ENT-0804137,ACC-10309,CON-070744,LI-0506780,SW-SEC-140,307,2025-01-09,2028-01-09
ENT-0804138,ACC-10309,CON-070744,LI-0506781,SUP-PLA-EDGE,9,2025-01-09,2028-01-09
ENT-0804139,ACC-10310,CON-070745,LI-0506782,SW-OBS-130,207,2026-07-27,2026-12-05
ENT-0804140,ACC-10310,CON-070745,LI-0506783,SUP-SIL-DC,3,2025-12-05,2026-12-05
ENT-0804141,ACC-10310,CON-070745,LI-0506784,SW-SDC-120,160,2025-12-05,2026-12-05
ENT-0804142,ACC-10310,CON-070745,LI-0506786,SUP-SIL-EDGE,1,2025-12-05,2026-12-05
ENT-0804143,ACC-10310,CON-070745,LI-0506789,SW-SDC-110,161,2025-12-05,2026-12-05
ENT-0804144,ACC-10310,CON-070745,LI-0506791,SUP-PLA-CORE,2,2025-12-05,2026-12-05
ENT-0804145,ACC-10310,CON-070745,LI-0506792,SUP-PLA-DC,1,2025-12-05,2026-12-05
ENT-0804146,ACC-10311,CON-070746,LI-0506794,SW-SDC-130,169,2024-05-23,2027-05-23
ENT-0804147,ACC-10311,CON-070746,LI-0506795,SUP-BRO-EDGE,6,2024-05-23,2027-05-23
ENT-0804148,ACC-10311,CON-070746,LI-0506798,SUP-SIL-EDGE,6,2024-05-23,2027-05-23
ENT-0804149,ACC-10311,CON-070746,LI-0506799,SW-SEC-120,401,2024-05-23,2027-05-23
ENT-0804150,ACC-10311,CON-070747,LI-0506800,SW-OBS-120,129,2022-08-26,2024-08-26
ENT-0804151,ACC-10311,CON-070747,LI-0506801,SUP-PLA-DC,6,2022-08-26,2024-08-26
ENT-0804152,ACC-10311,CON-070747,LI-0506802,SW-SDC-110,175,2022-12-26,2024-08-26
ENT-0804153,ACC-10311,CON-070747,LI-0506803,SW-NOC-110,368,2022-08-26,2024-08-26
ENT-0804154,ACC-10311,CON-070747,LI-0506805,SW-SEC-110,584,2022-08-26,2024-08-26
ENT-0804155,ACC-10311,CON-070747,LI-0506807,SW-OBS-120,405,2022-08-26,2024-08-26
ENT-0804156,ACC-10311,CON-070747,LI-0506808,SUP-PLA-CORE,1,2022-08-26,2024-08-26
ENT-0804157,ACC-10311,CON-070747,LI-0506810,SW-SDC-140,93,2022-08-26,2024-08-26
ENT-0804158,ACC-10311,CON-070747,LI-0506811,SW-SDC-120,114,2022-08-26,2024-08-26
ENT-0804159,ACC-10312,CON-070748,LI-0506812,SW-SDC-110,554,2024-06-08,2026-06-08
ENT-0804160,ACC-10312,CON-070748,LI-0506813,SW-SDC-120,415,2025-08-28,2026-06-08
ENT-0804161,ACC-10312,CON-070748,LI-0506814,SW-ZTN-110,335,2024-06-08,2026-06-08
ENT-0804162,ACC-10312,CON-070748,LI-0506815,SUP-SIL-CORE,1,2025-08-17,2026-06-08
ENT-0804163,ACC-10312,CON-070748,LI-0506816,SUP-BRO-DC,3,2024-06-08,2026-06-08
ENT-0804164,ACC-10312,CON-070748,LI-0506817,SW-OBS-120,210,2024-06-08,2026-06-08
ENT-0804165,ACC-10312,CON-070748,LI-0506818,SW-SDC-110,916,2024-06-08,2026-06-08
ENT-0804166,ACC-10312,CON-070748,LI-0506819,SW-SEC-130,626,2024-06-08,2026-06-08
ENT-0804167,ACC-10312,CON-070748,LI-0506820,SUP-PLA-DC,3,2024-06-08,2026-06-08
ENT-0804168,ACC-10312,CON-070749,LI-0506822,SW-OBS-140,930,2023-06-14,2025-06-14
ENT-0804169,ACC-10312,CON-070749,LI-0506823,SW-SEC-140,578,2023-12-07,2025-06-14
ENT-0804170,ACC-10312,CON-070749,LI-0506824,SUP-SIL-DC,10,2023-06-14,2025-06-14
ENT-0804171,ACC-10312,CON-070749,LI-0506826,SUP-SIL-DC,1,2023-06-14,2025-06-14
ENT-0804172,ACC-10312,CON-070749,LI-0506827,SUP-BRO-CORE,1,2023-06-14,2025-06-14
ENT-0804173,ACC-10312,CON-070750,LI-0506828,SUP-BRO-EDGE,3,2022-03-04,2025-03-04
ENT-0804174,ACC-10312,CON-070750,LI-0506829,SW-ZTN-120,773,2022-03-04,2025-03-04
ENT-0804175,ACC-10312,CON-070750,LI-0506830,SUP-PLA-CORE,6,2022-03-04,2025-03-04
ENT-0804176,ACC-10312,CON-070750,LI-0506834,SUP-SIL-EDGE,7,2022-03-04,2025-03-04
ENT-0804177,ACC-10312,CON-070750,LI-0506837,SW-ZTN-130,149,2022-03-04,2025-03-04
ENT-0804178,ACC-10312,CON-070750,LI-0506839,SUP-PLA-DC,11,2022-03-04,2025-03-04
ENT-0804179,ACC-10313,CON-070751,LI-0506840,SW-NOC-130,374,2022-02-16,2027-02-16
ENT-0804180,ACC-10313,CON-070751,LI-0506841,SUP-PLA-CORE,4,2022-02-16,2027-02-16
ENT-0804181,ACC-10313,CON-070751,LI-0506843,SUP-BRO-DC,3,2022-02-16,2027-02-16
ENT-0804182,ACC-10313,CON-070751,LI-0506845,SW-ZTN-130,137,2022-02-16,2027-02-16
ENT-0804183,ACC-10313,CON-070751,LI-0506846,SUP-GOL-CORE,2,2022-02-16,2027-02-16
ENT-0804184,ACC-10314,CON-070752,LI-0506848,SUP-PLA-CORE,1,2025-10-15,2030-10-15
ENT-0804185,ACC-10314,CON-070752,LI-0506849,SW-SDC-110,58,2025-10-15,2030-10-15
ENT-0804186,ACC-10314,CON-070752,LI-0506850,SW-ZTN-130,68,2025-10-15,2030-10-15
ENT-0804187,ACC-10314,CON-070752,LI-0506852,SUP-BRO-DC,11,2025-10-15,2030-10-15
ENT-0804188,ACC-10314,CON-070752,LI-0506854,SUP-BRO-EDGE,5,2025-10-15,2030-10-15
ENT-0804189,ACC-10314,CON-070752,LI-0506855,SW-OBS-130,639,2025-10-15,2030-10-15
ENT-0804190,ACC-10314,CON-070752,LI-0506857,SW-SEC-130,53,2025-10-15,2030-10-15
ENT-0804191,ACC-10314,CON-070752,LI-0506860,SW-ZTN-140,880,2025-10-15,2030-10-15
ENT-0804192,ACC-10314,CON-070753,LI-0506861,SW-OBS-120,799,2022-08-22,2024-08-22
ENT-0804193,ACC-10314,CON-070753,LI-0506862,SW-SEC-120,792,2022-08-22,2024-08-22
ENT-0804194,ACC-10314,CON-070753,LI-0506863,SUP-SIL-EDGE,8,2022-08-22,2024-08-22
ENT-0804195,ACC-10314,CON-070753,LI-0506864,SW-OBS-110,127,2022-08-22,2024-08-22
ENT-0804196,ACC-10314,CON-070754,LI-0506865,SUP-PLA-DC,5,2022-08-19,2023-04-14
ENT-0804197,ACC-10314,CON-070754,LI-0506866,SUP-PLA-DC,5,2022-04-14,2023-04-14
ENT-0804198,ACC-10314,CON-070754,LI-0506867,SW-SDC-120,644,2022-04-14,2023-04-14
ENT-0804199,ACC-10314,CON-070754,LI-0506868,SW-SDC-120,601,2022-04-14,2023-04-14
ENT-0804200,ACC-10314,CON-070754,LI-0506870,SUP-BRO-CORE,4,2022-04-14,2023-04-14
ENT-0804201,ACC-10314,CON-070754,LI-0506871,SUP-PLA-CORE,9,2022-04-14,2023-04-14
ENT-0804202,ACC-10314,CON-070754,LI-0506872,SW-OBS-140,856,2022-04-14,2023-04-14
ENT-0804203,ACC-10314,CON-070754,LI-0506875,SUP-PLA-DC,5,2022-04-14,2023-04-14
ENT-0804204,ACC-10314,CON-070754,LI-0506876,SUP-BRO-CORE,1,2022-04-14,2023-04-14
ENT-0804205,ACC-10314,CON-070755,LI-0506878,SUP-GOL-CORE,5,2025-06-09,2027-06-09
ENT-0804206,ACC-10314,CON-070755,LI-0506879,SW-ZTN-140,758,2025-06-09,2027-06-09
ENT-0804207,ACC-10314,CON-070755,LI-0506881,SUP-PLA-EDGE,2,2025-06-09,2027-06-09
ENT-0804208,ACC-10314,CON-070755,LI-0506885,SW-OBS-140,966,2025-11-22,2027-06-09
ENT-0804209,ACC-10315,CON-070756,LI-0506888,SUP-GOL-EDGE,2,2025-01-16,2027-01-16
ENT-0804210,ACC-10315,CON-070756,LI-0506890,SUP-PLA-CORE,1,2025-01-16,2027-01-16
ENT-0804211,ACC-10315,CON-070756,LI-0506891,SW-SDC-110,126,2025-01-16,2027-01-16
ENT-0804212,ACC-10315,CON-070756,LI-0506892,SW-SEC-120,289,2025-01-16,2027-01-16
ENT-0804213,ACC-10315,CON-070756,LI-0506893,SW-SDC-130,347,2025-01-16,2027-01-16
ENT-0804214,ACC-10315,CON-070756,LI-0506894,SUP-GOL-DC,1,2025-01-16,2027-01-16
ENT-0804215,ACC-10316,CON-070757,LI-0506896,SW-ZTN-140,245,2024-03-20,2025-03-20
ENT-0804216,ACC-10316,CON-070757,LI-0506897,SUP-GOL-DC,3,2024-08-01,2025-03-20
ENT-0804217,ACC-10316,CON-070757,LI-0506898,SW-ZTN-130,213,2024-03-20,2025-03-20
ENT-0804218,ACC-10316,CON-070757,LI-0506899,SUP-SIL-DC,3,2024-03-20,2025-03-20
ENT-0804219,ACC-10316,CON-070757,LI-0506900,SW-SEC-110,122,2024-03-20,2025-03-20
ENT-0804220,ACC-10316,CON-070757,LI-0506901,SUP-GOL-CORE,2,2024-03-20,2025-03-20
ENT-0804221,ACC-10316,CON-070757,LI-0506903,SUP-PLA-EDGE,2,2024-03-20,2025-03-20
ENT-0804222,ACC-10316,CON-070758,LI-0506904,SW-OBS-140,268,2023-01-20,2026-01-20
ENT-0804223,ACC-10316,CON-070758,LI-0506905,SW-OBS-130,18,2023-01-20,2026-01-20
ENT-0804224,ACC-10316,CON-070758,LI-0506906,SW-OBS-120,52,2023-01-20,2026-01-20
ENT-0804225,ACC-10316,CON-070758,LI-0506908,SW-ZTN-120,212,2023-01-20,2026-01-20
ENT-0804226,ACC-10316,CON-070758,LI-0506912,SW-SDC-130,36,2023-01-20,2026-01-20
ENT-0804227,ACC-10316,CON-070758,LI-0506914,SW-NOC-120,237,2023-01-20,2026-01-20
ENT-0804228,ACC-10316,CON-070758,LI-0506915,SW-NOC-120,10,2023-01-20,2026-01-20
ENT-0804229,ACC-10317,CON-070759,LI-0506916,SW-SDC-140,214,2024-07-04,2025-07-04
ENT-0804230,ACC-10317,CON-070759,LI-0506917,SUP-BRO-EDGE,2,2024-07-04,2025-07-04
ENT-0804231,ACC-10317,CON-070759,LI-0506923,SW-SEC-120,342,2024-07-04,2025-07-04
ENT-0804232,ACC-10317,CON-070759,LI-0506924,SUP-BRO-EDGE,3,2024-07-04,2025-07-04
ENT-0804233,ACC-10317,CON-070759,LI-0506926,SW-SEC-120,106,2024-07-04,2025-07-04
ENT-0804234,ACC-10317,CON-070759,LI-0506927,SW-SEC-130,248,2024-07-04,2025-07-04
ENT-0804235,ACC-10318,CON-070760,LI-0506929,SUP-BRO-DC,2,2022-03-27,2025-03-27
ENT-0804236,ACC-10319,CON-070761,LI-0506932,SUP-PLA-DC,8,2025-07-24,2026-07-24
ENT-0804237,ACC-10319,CON-070761,LI-0506933,SUP-PLA-DC,2,2025-07-24,2026-07-24
ENT-0804238,ACC-10319,CON-070761,LI-0506934,SUP-SIL-CORE,7,2025-07-24,2026-07-24
ENT-0804239,ACC-10319,CON-070761,LI-0506935,SUP-PLA-CORE,14,2025-07-24,2026-07-24
ENT-0804240,ACC-10319,CON-070762,LI-0506937,SW-OBS-140,998,2024-10-12,2026-10-12
ENT-0804241,ACC-10319,CON-070762,LI-0506940,SUP-PLA-CORE,10,2024-10-12,2026-10-12
ENT-0804242,ACC-10319,CON-070762,LI-0506941,SW-ZTN-120,1023,2024-10-12,2026-10-12
ENT-0804243,ACC-10319,CON-070762,LI-0506943,SW-OBS-110,790,2024-10-12,2026-10-12
ENT-0804244,ACC-10319,CON-070762,LI-0506944,SUP-SIL-CORE,13,2024-10-12,2026-10-12
ENT-0804245,ACC-10319,CON-070763,LI-0506946,SW-SDC-140,358,2024-05-28,2027-05-28
ENT-0804246,ACC-10319,CON-070763,LI-0506947,SW-SDC-110,481,2024-05-28,2027-05-28
ENT-0804247,ACC-10319,CON-070763,LI-0506948,SUP-SIL-EDGE,4,2026-06-05,2027-05-28
ENT-0804248,ACC-10319,CON-070763,LI-0506951,SW-ZTN-140,468,2024-05-28,2027-05-28
ENT-0804249,ACC-10319,CON-070763,LI-0506954,SW-SDC-120,926,2024-05-28,2027-05-28
ENT-0804250,ACC-10319,CON-070763,LI-0506955,SUP-GOL-DC,1,2024-05-28,2027-05-28
ENT-0804251,ACC-10320,CON-070764,LI-0506957,SW-SDC-130,191,2022-03-07,2025-03-07
ENT-0804252,ACC-10320,CON-070764,LI-0506959,SUP-SIL-CORE,2,2022-03-07,2025-03-07
ENT-0804253,ACC-10320,CON-070764,LI-0506960,SW-ZTN-140,222,2022-03-07,2025-03-07
ENT-0804254,ACC-10320,CON-070764,LI-0506961,SUP-PLA-DC,7,2022-03-07,2025-03-07
ENT-0804255,ACC-10320,CON-070764,LI-0506963,SW-ZTN-130,343,2022-03-07,2025-03-07
ENT-0804256,ACC-10320,CON-070764,LI-0506966,SW-NOC-110,88,2022-03-07,2025-03-07
ENT-0804257,ACC-10320,CON-070764,LI-0506967,SW-OBS-130,590,2022-03-07,2025-03-07
ENT-0804258,ACC-10320,CON-070764,LI-0506968,SW-NOC-140,382,2022-09-18,2025-03-07
ENT-0804259,ACC-10320,CON-070765,LI-0506969,SW-SEC-120,593,2023-12-05,2026-12-05
ENT-0804260,ACC-10320,CON-070765,LI-0506971,SW-NOC-130,165,2023-12-05,2026-12-05
ENT-0804261,ACC-10320,CON-070765,LI-0506972,SUP-PLA-EDGE,4,2023-12-05,2026-12-05
ENT-0804262,ACC-10321,CON-070766,LI-0506973,SUP-BRO-CORE,2,2023-11-09,2025-11-09
ENT-0804263,ACC-10321,CON-070766,LI-0506974,SW-SEC-140,833,2023-11-09,2025-11-09
ENT-0804264,ACC-10321,CON-070766,LI-0506977,SW-SEC-120,593,2023-11-09,2025-11-09
ENT-0804265,ACC-10321,CON-070767,LI-0506981,SUP-GOL-DC,4,2022-04-15,2024-04-15
ENT-0804266,ACC-10321,CON-070767,LI-0506982,SW-OBS-140,455,2022-04-15,2024-04-15
ENT-0804267,ACC-10321,CON-070767,LI-0506988,SUP-SIL-DC,7,2022-04-15,2024-04-15
ENT-0804268,ACC-10321,CON-070767,LI-0506990,SW-NOC-120,540,2022-04-15,2024-04-15
ENT-0804269,ACC-10321,CON-070767,LI-0506991,SUP-BRO-DC,10,2022-04-15,2024-04-15
ENT-0804270,ACC-10321,CON-070768,LI-0506995,SW-SEC-120,550,2023-05-22,2026-05-22
ENT-0804271,ACC-10321,CON-070768,LI-0506996,SUP-BRO-CORE,3,2023-05-22,2026-05-22
ENT-0804272,ACC-10321,CON-070768,LI-0506997,SW-NOC-110,659,2023-05-22,2026-05-22
ENT-0804273,ACC-10321,CON-070768,LI-0506999,SW-SDC-130,509,2023-05-22,2026-05-22
ENT-0804274,ACC-10321,CON-070768,LI-0507000,SW-ZTN-130,790,2023-05-22,2026-05-22
ENT-0804275,ACC-10321,CON-070768,LI-0507001,SW-SDC-120,728,2023-05-22,2026-05-22
ENT-0804276,ACC-10321,CON-070768,LI-0507002,SUP-PLA-EDGE,8,2023-05-22,2026-05-22
ENT-0804277,ACC-10322,CON-070769,LI-0507003,SW-SDC-140,82,2022-06-01,2025-06-01
ENT-0804278,ACC-10322,CON-070769,LI-0507006,SW-SEC-110,695,2022-06-01,2025-06-01
ENT-0804279,ACC-10322,CON-070769,LI-0507007,SUP-GOL-EDGE,7,2022-06-01,2025-06-01
ENT-0804280,ACC-10322,CON-070769,LI-0507008,SUP-BRO-CORE,2,2022-06-01,2025-06-01
ENT-0804281,ACC-10322,CON-070769,LI-0507009,SW-SEC-130,302,2022-06-01,2025-06-01
ENT-0804282,ACC-10322,CON-070769,LI-0507010,SUP-GOL-DC,8,2022-06-01,2025-06-01
ENT-0804283,ACC-10322,CON-070769,LI-0507011,SW-NOC-120,329,2022-06-01,2025-06-01
ENT-0804284,ACC-10322,CON-070770,LI-0507013,SW-SEC-140,421,2024-01-27,2025-01-27
ENT-0804285,ACC-10322,CON-070770,LI-0507015,SW-SEC-120,740,2024-01-27,2025-01-27
ENT-0804286,ACC-10322,CON-070770,LI-0507016,SW-SEC-140,277,2024-01-27,2025-01-27
ENT-0804287,ACC-10322,CON-070770,LI-0507017,SW-OBS-140,391,2024-01-27,2025-01-27
ENT-0804288,ACC-10322,CON-070770,LI-0507019,SUP-BRO-CORE,1,2024-01-27,2025-01-27
ENT-0804289,ACC-10322,CON-070770,LI-0507021,SW-OBS-120,647,2024-01-27,2025-01-27
ENT-0804290,ACC-10322,CON-070770,LI-0507023,SW-SEC-130,665,2024-01-27,2025-01-27
ENT-0804291,ACC-10322,CON-070770,LI-0507024,SW-SDC-120,633,2024-01-27,2025-01-27
ENT-0804292,ACC-10322,CON-070771,LI-0507027,SW-NOC-140,341,2025-11-09,2028-04-13
ENT-0804293,ACC-10322,CON-070771,LI-0507028,SW-ZTN-130,137,2025-04-13,2028-04-13
ENT-0804294,ACC-10322,CON-070771,LI-0507030,SW-OBS-130,87,2025-04-13,2028-04-13
ENT-0804295,ACC-10322,CON-070771,LI-0507031,SW-SEC-130,184,2025-04-13,2028-04-13
ENT-0804296,ACC-10322,CON-070771,LI-0507032,SUP-GOL-EDGE,2,2025-04-13,2028-04-13
ENT-0804297,ACC-10322,CON-070771,LI-0507033,SW-NOC-130,761,2026-11-09,2028-04-13
ENT-0804298,ACC-10322,CON-070771,LI-0507035,SW-SEC-110,179,2025-04-13,2028-04-13
ENT-0804299,ACC-10322,CON-070771,LI-0507036,SW-ZTN-120,268,2025-04-13,2028-04-13
ENT-0804300,ACC-10322,CON-070772,LI-0507037,SW-SDC-130,455,2024-06-25,2025-06-25
ENT-0804301,ACC-10322,CON-070772,LI-0507040,SW-SDC-140,25,2024-06-25,2025-06-25
ENT-0804302,ACC-10322,CON-070772,LI-0507041,SW-OBS-120,367,2024-06-25,2025-06-25
ENT-0804303,ACC-10322,CON-070772,LI-0507043,SW-SEC-130,79,2024-06-25,2025-06-25
ENT-0804304,ACC-10323,CON-070773,LI-0507044,SUP-PLA-DC,2,2025-08-16,2030-08-16
ENT-0804305,ACC-10323,CON-070773,LI-0507045,SUP-GOL-CORE,2,2025-08-16,2030-08-16
ENT-0804306,ACC-10323,CON-070773,LI-0507046,SW-SEC-130,238,2025-08-16,2030-08-16
ENT-0804307,ACC-10323,CON-070773,LI-0507047,SUP-PLA-CORE,1,2025-08-16,2030-08-16
ENT-0804308,ACC-10323,CON-070773,LI-0507048,SW-SEC-120,191,2025-08-16,2030-08-16
ENT-0804309,ACC-10324,CON-070774,LI-0507055,SW-SEC-140,246,2024-05-18,2027-05-18
ENT-0804310,ACC-10324,CON-070774,LI-0507057,SUP-BRO-EDGE,2,2024-05-18,2027-05-18
ENT-0804311,ACC-10324,CON-070774,LI-0507063,SUP-PLA-DC,1,2024-05-18,2027-05-18
ENT-0804312,ACC-10325,CON-070775,LI-0507066,SUP-PLA-CORE,1,2025-03-03,2030-03-03
ENT-0804313,ACC-10325,CON-070775,LI-0507067,SUP-PLA-DC,7,2025-03-03,2030-03-03
ENT-0804314,ACC-10325,CON-070775,LI-0507068,SW-SDC-110,568,2029-07-14,2030-03-03
ENT-0804315,ACC-10325,CON-070775,LI-0507069,SUP-GOL-DC,8,2025-03-03,2030-03-03
ENT-0804316,ACC-10325,CON-070775,LI-0507072,SW-SEC-110,95,2025-03-03,2030-03-03
ENT-0804317,ACC-10325,CON-070775,LI-0507073,SUP-PLA-DC,1,2025-03-03,2030-03-03
ENT-0804318,ACC-10325,CON-070775,LI-0507074,SUP-GOL-CORE,1,2025-03-03,2030-03-03
ENT-0804319,ACC-10325,CON-070775,LI-0507075,SW-SDC-120,242,2025-03-03,2030-03-03
ENT-0804320,ACC-10325,CON-070775,LI-0507076,SUP-SIL-DC,1,2025-03-03,2030-03-03
ENT-0804321,ACC-10325,CON-070775,LI-0507077,SW-ZTN-120,574,2025-03-03,2030-03-03
ENT-0804322,ACC-10325,CON-070775,LI-0507079,SW-ZTN-110,360,2025-03-03,2030-03-03
ENT-0804323,ACC-10325,CON-070776,LI-0507080,SW-ZTN-140,263,2025-04-11,2028-04-11
ENT-0804324,ACC-10325,CON-070776,LI-0507081,SW-OBS-120,351,2025-04-11,2028-04-11
ENT-0804325,ACC-10325,CON-070776,LI-0507082,SW-OBS-140,404,2025-04-11,2028-04-11
ENT-0804326,ACC-10325,CON-070776,LI-0507083,SW-SEC-110,583,2025-04-11,2028-04-11
ENT-0804327,ACC-10325,CON-070776,LI-0507084,SW-OBS-130,376,2025-04-11,2028-04-11
ENT-0804328,ACC-10326,CON-070777,LI-0507086,SUP-PLA-CORE,6,2024-06-18,2027-06-18
ENT-0804329,ACC-10326,CON-070777,LI-0507087,SW-SEC-110,350,2024-06-18,2027-06-18
ENT-0804330,ACC-10326,CON-070777,LI-0507088,SW-OBS-140,331,2024-06-18,2027-06-18
ENT-0804331,ACC-10326,CON-070777,LI-0507090,SW-SDC-130,443,2024-06-18,2027-06-18
ENT-0804332,ACC-10326,CON-070777,LI-0507094,SW-ZTN-110,391,2024-06-18,2027-06-18
ENT-0804333,ACC-10326,CON-070777,LI-0507095,SUP-BRO-EDGE,2,2024-06-18,2027-06-18
ENT-0804334,ACC-10326,CON-070778,LI-0507096,SUP-GOL-EDGE,1,2023-08-15,2028-08-15
ENT-0804335,ACC-10326,CON-070778,LI-0507097,SW-SDC-110,316,2023-08-15,2028-08-15
ENT-0804336,ACC-10326,CON-070778,LI-0507101,SW-SDC-120,94,2023-08-15,2028-08-15
ENT-0804337,ACC-10326,CON-070778,LI-0507102,SW-SEC-120,507,2023-08-15,2028-08-15
ENT-0804338,ACC-10326,CON-070778,LI-0507103,SUP-SIL-DC,2,2023-08-15,2028-08-15
ENT-0804339,ACC-10326,CON-070778,LI-0507104,SW-SEC-140,106,2023-08-15,2028-08-15
ENT-0804340,ACC-10326,CON-070778,LI-0507106,SUP-GOL-EDGE,3,2023-08-15,2028-08-15
ENT-0804341,ACC-10326,CON-070778,LI-0507107,SW-OBS-110,321,2023-08-15,2028-08-15
ENT-0804342,ACC-10326,CON-070778,LI-0507108,SUP-GOL-DC,7,2023-08-15,2028-08-15
ENT-0804343,ACC-10326,CON-070779,LI-0507110,SW-NOC-110,40,2025-02-18,2028-02-18
ENT-0804344,ACC-10326,CON-070779,LI-0507111,SUP-SIL-EDGE,6,2025-02-18,2028-02-18
ENT-0804345,ACC-10326,CON-070779,LI-0507112,SUP-PLA-CORE,3,2025-02-18,2028-02-18
ENT-0804346,ACC-10326,CON-070779,LI-0507113,SUP-SIL-EDGE,1,2025-02-18,2028-02-18
ENT-0804347,ACC-10326,CON-070779,LI-0507116,SW-ZTN-140,107,2025-02-18,2028-02-18
ENT-0804348,ACC-10327,CON-070780,LI-0507118,SW-SEC-110,621,2025-05-10,2028-05-10
ENT-0804349,ACC-10327,CON-070780,LI-0507120,SW-ZTN-110,186,2025-05-10,2028-05-10
ENT-0804350,ACC-10327,CON-070780,LI-0507121,SW-NOC-140,559,2025-05-10,2028-05-10
ENT-0804351,ACC-10327,CON-070781,LI-0507124,SUP-PLA-DC,9,2024-07-03,2027-07-03
ENT-0804352,ACC-10327,CON-070781,LI-0507125,SUP-PLA-EDGE,8,2024-07-03,2027-07-03
ENT-0804353,ACC-10327,CON-070781,LI-0507128,SW-SEC-110,134,2024-07-03,2027-07-03
ENT-0804354,ACC-10327,CON-070781,LI-0507129,SUP-BRO-CORE,5,2024-07-03,2027-07-03
ENT-0804355,ACC-10327,CON-070781,LI-0507130,SW-SDC-120,370,2024-07-03,2027-07-03
ENT-0804356,ACC-10327,CON-070781,LI-0507131,SUP-SIL-DC,9,2024-07-03,2027-07-03
ENT-0804357,ACC-10328,CON-070782,LI-0507132,SUP-BRO-CORE,6,2022-01-20,2027-01-20
ENT-0804358,ACC-10328,CON-070782,LI-0507133,SUP-PLA-CORE,4,2022-01-20,2027-01-20
ENT-0804359,ACC-10328,CON-070782,LI-0507134,SW-SEC-140,94,2022-01-20,2027-01-20
ENT-0804360,ACC-10328,CON-070782,LI-0507135,SW-SEC-130,94,2022-01-20,2027-01-20
ENT-0804361,ACC-10328,CON-070782,LI-0507138,SUP-PLA-DC,5,2022-01-20,2027-01-20
ENT-0804362,ACC-10328,CON-070782,LI-0507139,SUP-PLA-EDGE,3,2022-01-20,2027-01-20
ENT-0804363,ACC-10328,CON-070782,LI-0507141,SW-ZTN-110,75,2022-01-20,2027-01-20
ENT-0804364,ACC-10328,CON-070783,LI-0507142,SW-ZTN-130,487,2026-05-27,2026-11-13
ENT-0804365,ACC-10328,CON-070783,LI-0507143,SW-SEC-120,577,2026-07-26,2026-11-13
ENT-0804366,ACC-10328,CON-070783,LI-0507148,SW-SEC-130,356,2025-11-13,2026-11-13
ENT-0804367,ACC-10328,CON-070783,LI-0507149,SW-SEC-140,80,2025-11-13,2026-11-13
ENT-0804368,ACC-10328,CON-070783,LI-0507151,SW-NOC-120,622,2025-11-13,2026-11-13
ENT-0804369,ACC-10328,CON-070783,LI-0507152,SW-OBS-120,570,2025-11-13,2026-11-13
ENT-0804370,ACC-10328,CON-070783,LI-0507154,SUP-PLA-CORE,2,2025-11-13,2026-11-13
ENT-0804371,ACC-10328,CON-070784,LI-0507156,SUP-SIL-EDGE,7,2023-11-13,2025-11-13
ENT-0804372,ACC-10328,CON-070784,LI-0507157,SUP-GOL-DC,1,2023-11-13,2025-11-13
ENT-0804373,ACC-10328,CON-070784,LI-0507158,SW-OBS-110,605,2023-11-13,2025-11-13
ENT-0804374,ACC-10328,CON-070784,LI-0507160,SUP-SIL-DC,1,2023-11-13,2025-11-13
ENT-0804375,ACC-10328,CON-070784,LI-0507161,SUP-SIL-CORE,1,2023-11-13,2025-11-13
ENT-0804376,ACC-10328,CON-070784,LI-0507162,SUP-PLA-DC,2,2023-11-13,2025-11-13
ENT-0804377,ACC-10328,CON-070784,LI-0507163,SW-NOC-130,522,2023-11-13,2025-11-13
ENT-0804378,ACC-10328,CON-070784,LI-0507166,SW-SEC-120,584,2023-11-13,2025-11-13
ENT-0804379,ACC-10328,CON-070785,LI-0507167,SW-SEC-140,476,2025-01-15,2030-01-15
ENT-0804380,ACC-10328,CON-070785,LI-0507168,SW-OBS-140,225,2025-01-15,2030-01-15
ENT-0804381,ACC-10328,CON-070785,LI-0507169,SUP-SIL-EDGE,7,2025-01-15,2030-01-15
ENT-0804382,ACC-10328,CON-070785,LI-0507171,SW-SDC-110,193,2025-01-15,2030-01-15
ENT-0804383,ACC-10328,CON-070785,LI-0507173,SW-SDC-140,497,2025-01-15,2030-01-15
ENT-0804384,ACC-10328,CON-070785,LI-0507175,SW-SDC-120,576,2025-01-15,2030-01-15
ENT-0804385,ACC-10328,CON-070785,LI-0507176,SW-OBS-140,483,2025-01-15,2030-01-15
ENT-0804386,ACC-10329,CON-070786,LI-0507177,SUP-BRO-DC,1,2025-06-05,2026-06-05
ENT-0804387,ACC-10329,CON-070786,LI-0507180,SUP-BRO-CORE,1,2025-06-05,2026-06-05
ENT-0804388,ACC-10329,CON-070786,LI-0507181,SW-SEC-130,479,2025-06-05,2026-06-05
ENT-0804389,ACC-10329,CON-070786,LI-0507182,SUP-GOL-EDGE,5,2026-01-28,2026-06-05
ENT-0804390,ACC-10329,CON-070786,LI-0507184,SUP-SIL-EDGE,3,2025-06-05,2026-06-05
ENT-0804391,ACC-10329,CON-070786,LI-0507187,SW-OBS-110,87,2025-06-05,2026-06-05
ENT-0804392,ACC-10329,CON-070786,LI-0507188,SUP-GOL-DC,2,2025-06-05,2026-06-05
ENT-0804393,ACC-10329,CON-070786,LI-0507189,SW-NOC-120,323,2025-06-05,2026-06-05
ENT-0804394,ACC-10329,CON-070787,LI-0507190,SW-OBS-130,246,2023-04-26,2025-04-26
ENT-0804395,ACC-10329,CON-070787,LI-0507191,SW-NOC-140,422,2023-04-26,2025-04-26
ENT-0804396,ACC-10329,CON-070787,LI-0507197,SUP-SIL-DC,1,2023-04-26,2025-04-26
ENT-0804397,ACC-10329,CON-070787,LI-0507198,SUP-SIL-CORE,5,2023-04-26,2025-04-26
ENT-0804398,ACC-10329,CON-070787,LI-0507199,SUP-PLA-DC,1,2023-04-26,2025-04-26
ENT-0804399,ACC-10329,CON-070788,LI-0507200,SUP-GOL-EDGE,3,2024-10-11,2025-05-14
ENT-0804400,ACC-10329,CON-070788,LI-0507201,SW-ZTN-130,229,2022-05-14,2025-05-14
ENT-0804401,ACC-10329,CON-070788,LI-0507205,SUP-PLA-CORE,2,2022-05-14,2025-05-14
ENT-0804402,ACC-10329,CON-070788,LI-0507206,SW-OBS-130,87,2022-05-14,2025-05-14
ENT-0804403,ACC-10329,CON-070788,LI-0507208,SUP-BRO-DC,5,2022-05-14,2025-05-14
ENT-0804404,ACC-10329,CON-070789,LI-0507212,SW-SEC-140,374,2023-02-13,2025-02-13
ENT-0804405,ACC-10329,CON-070789,LI-0507214,SW-SDC-120,463,2023-02-13,2025-02-13
ENT-0804406,ACC-10329,CON-070789,LI-0507215,SUP-BRO-DC,7,2023-02-13,2025-02-13
ENT-0804407,ACC-10330,CON-070790,LI-0507218,SW-SEC-140,203,2022-02-03,2025-02-03
ENT-0804408,ACC-10330,CON-070790,LI-0507219,SW-SEC-110,197,2023-06-12,2025-02-03
ENT-0804409,ACC-10330,CON-070790,LI-0507220,SW-SEC-120,331,2022-02-03,2025-02-03
ENT-0804410,ACC-10330,CON-070790,LI-0507224,SW-SEC-140,174,2022-02-03,2025-02-03
ENT-0804411,ACC-10330,CON-070790,LI-0507226,SW-ZTN-110,250,2022-02-03,2025-02-03
ENT-0804412,ACC-10330,CON-070790,LI-0507228,SW-ZTN-110,284,2022-02-03,2025-02-03
ENT-0804413,ACC-10330,CON-070790,LI-0507229,SUP-SIL-DC,3,2022-02-03,2025-02-03
ENT-0804414,ACC-10330,CON-070790,LI-0507230,SW-SEC-140,464,2022-02-03,2025-02-03
ENT-0804415,ACC-10331,CON-070791,LI-0507232,SW-NOC-110,704,2023-12-05,2025-12-05
ENT-0804416,ACC-10331,CON-070791,LI-0507233,SW-SEC-120,682,2023-12-05,2025-12-05
ENT-0804417,ACC-10331,CON-070792,LI-0507236,SW-ZTN-140,522,2024-09-09,2025-09-09
ENT-0804418,ACC-10331,CON-070792,LI-0507237,SW-SEC-130,405,2024-09-09,2025-09-09
ENT-0804419,ACC-10331,CON-070792,LI-0507238,SUP-GOL-CORE,8,2024-09-09,2025-09-09
ENT-0804420,ACC-10331,CON-070792,LI-0507239,SUP-SIL-CORE,9,2024-09-09,2025-09-09
ENT-0804421,ACC-10331,CON-070792,LI-0507241,SW-NOC-120,721,2024-09-09,2025-09-09
ENT-0804422,ACC-10331,CON-070792,LI-0507243,SW-ZTN-120,623,2024-09-09,2025-09-09
ENT-0804423,ACC-10331,CON-070792,LI-0507244,SUP-SIL-EDGE,5,2024-09-09,2025-09-09
ENT-0804424,ACC-10331,CON-070792,LI-0507245,SUP-PLA-DC,11,2024-09-09,2025-09-09
ENT-0804425,ACC-10331,CON-070792,LI-0507246,SUP-PLA-CORE,8,2024-09-09,2025-09-09
ENT-0804426,ACC-10331,CON-070792,LI-0507247,SW-SDC-120,531,2024-09-09,2025-09-09
ENT-0804427,ACC-10332,CON-070793,LI-0507249,SW-SDC-120,329,2025-12-12,2026-08-08
ENT-0804428,ACC-10332,CON-070793,LI-0507250,SUP-PLA-EDGE,4,2025-08-08,2026-08-08
ENT-0804429,ACC-10332,CON-070793,LI-0507251,SW-NOC-130,26,2025-08-08,2026-08-08
ENT-0804430,ACC-10333,CON-070794,LI-0507254,SW-OBS-130,55,2024-01-05,2027-01-05
ENT-0804431,ACC-10333,CON-070794,LI-0507255,SW-ZTN-110,246,2024-01-05,2027-01-05
ENT-0804432,ACC-10333,CON-070794,LI-0507257,SW-OBS-120,157,2024-01-05,2027-01-05
ENT-0804433,ACC-10333,CON-070794,LI-0507258,SW-SEC-120,126,2024-01-05,2027-01-05
ENT-0804434,ACC-10333,CON-070794,LI-0507260,SUP-PLA-CORE,3,2024-01-05,2027-01-05
ENT-0804435,ACC-10333,CON-070794,LI-0507262,SUP-SIL-CORE,3,2024-01-05,2027-01-05
ENT-0804436,ACC-10333,CON-070795,LI-0507263,SUP-PLA-DC,5,2024-04-17,2027-04-17
ENT-0804437,ACC-10333,CON-070795,LI-0507264,SW-SEC-140,281,2024-04-17,2027-04-17
ENT-0804438,ACC-10333,CON-070795,LI-0507265,SW-NOC-120,88,2024-04-17,2027-04-17
ENT-0804439,ACC-10333,CON-070795,LI-0507266,SUP-PLA-DC,2,2024-04-17,2027-04-17
ENT-0804440,ACC-10333,CON-070795,LI-0507267,SW-ZTN-120,253,2024-04-17,2027-04-17
ENT-0804441,ACC-10333,CON-070795,LI-0507268,SW-ZTN-120,338,2024-04-17,2027-04-17
ENT-0804442,ACC-10333,CON-070795,LI-0507269,SUP-SIL-DC,4,2024-04-17,2027-04-17
ENT-0804443,ACC-10333,CON-070795,LI-0507271,SW-SEC-140,311,2024-04-17,2027-04-17
ENT-0804444,ACC-10334,CON-070796,LI-0507273,SW-ZTN-110,763,2022-05-27,2024-05-27
ENT-0804445,ACC-10334,CON-070796,LI-0507274,SW-SEC-140,879,2022-05-27,2024-05-27
ENT-0804446,ACC-10334,CON-070797,LI-0507280,SUP-PLA-CORE,4,2023-06-18,2025-06-22
ENT-0804447,ACC-10334,CON-070797,LI-0507281,SUP-PLA-CORE,10,2022-06-22,2025-06-22
ENT-0804448,ACC-10334,CON-070797,LI-0507285,SUP-GOL-EDGE,6,2022-06-22,2025-06-22
ENT-0804449,ACC-10334,CON-070797,LI-0507286,SW-NOC-120,247,2022-06-22,2025-06-22
ENT-0804450,ACC-10334,CON-070797,LI-0507288,SUP-SIL-CORE,4,2022-06-22,2025-06-22
ENT-0804451,ACC-10334,CON-070797,LI-0507291,SUP-PLA-DC,4,2022-06-22,2025-06-22
ENT-0804452,ACC-10334,CON-070798,LI-0507294,SW-NOC-120,537,2024-01-30,2025-01-28
ENT-0804453,ACC-10334,CON-070798,LI-0507295,SW-NOC-140,535,2024-01-30,2025-01-28
ENT-0804454,ACC-10334,CON-070798,LI-0507296,SUP-SIL-DC,8,2024-01-30,2025-01-28
ENT-0804455,ACC-10334,CON-070798,LI-0507297,SW-SDC-120,224,2024-01-30,2025-01-28
ENT-0804456,ACC-10334,CON-070798,LI-0507298,SW-SEC-110,468,2024-01-30,2025-01-28
ENT-0804457,ACC-10334,CON-070798,LI-0507299,SUP-GOL-EDGE,8,2024-01-30,2025-01-28
ENT-0804458,ACC-10334,CON-070798,LI-0507300,SUP-PLA-DC,1,2024-01-30,2025-01-28
ENT-0804459,ACC-10334,CON-070798,LI-0507301,SW-ZTN-120,715,2024-01-30,2025-01-28
ENT-0804460,ACC-10335,CON-070799,LI-0507303,SUP-PLA-DC,3,2023-08-08,2028-08-08
ENT-0804461,ACC-10335,CON-070799,LI-0507304,SW-OBS-140,136,2023-08-08,2028-08-08
ENT-0804462,ACC-10335,CON-070799,LI-0507306,SW-NOC-110,497,2023-08-08,2028-08-08
ENT-0804463,ACC-10335,CON-070799,LI-0507307,SUP-GOL-CORE,4,2023-08-08,2028-08-08
ENT-0804464,ACC-10335,CON-070799,LI-0507308,SW-ZTN-120,319,2023-08-08,2028-08-08
ENT-0804465,ACC-10335,CON-070799,LI-0507310,SW-NOC-110,322,2023-08-08,2028-08-08
ENT-0804466,ACC-10335,CON-070799,LI-0507314,SW-SDC-140,148,2023-08-08,2028-08-08
ENT-0804467,ACC-10335,CON-070800,LI-0507315,SUP-BRO-EDGE,1,2025-04-19,2028-04-19
ENT-0804468,ACC-10335,CON-070800,LI-0507317,SW-OBS-140,270,2025-04-19,2028-04-19
ENT-0804469,ACC-10335,CON-070800,LI-0507318,SUP-GOL-DC,1,2025-04-19,2028-04-19
ENT-0804470,ACC-10336,CON-070801,LI-0507319,SUP-PLA-CORE,6,2023-11-15,2026-11-15
ENT-0804471,ACC-10336,CON-070801,LI-0507321,SW-SEC-130,642,2023-11-15,2026-11-15
ENT-0804472,ACC-10336,CON-070801,LI-0507324,SUP-BRO-EDGE,8,2023-11-15,2026-11-15
ENT-0804473,ACC-10336,CON-070801,LI-0507325,SW-NOC-130,76,2023-11-15,2026-11-15
ENT-0804474,ACC-10336,CON-070801,LI-0507326,SUP-SIL-CORE,8,2023-11-15,2026-11-15
ENT-0804475,ACC-10336,CON-070801,LI-0507327,SW-OBS-140,408,2023-11-15,2026-11-15
ENT-0804476,ACC-10336,CON-070801,LI-0507329,SW-ZTN-110,542,2023-11-15,2026-11-15
ENT-0804477,ACC-10336,CON-070801,LI-0507330,SW-SDC-110,309,2023-11-15,2026-11-15
ENT-0804478,ACC-10336,CON-070802,LI-0507333,SW-SDC-120,92,2023-07-21,2028-07-21
ENT-0804479,ACC-10336,CON-070802,LI-0507334,SW-OBS-120,453,2023-07-21,2028-07-21
ENT-0804480,ACC-10336,CON-070802,LI-0507335,SUP-BRO-CORE,8,2023-07-21,2028-07-21
ENT-0804481,ACC-10336,CON-070802,LI-0507336,SW-SDC-120,490,2023-07-21,2028-07-21
ENT-0804482,ACC-10336,CON-070802,LI-0507340,SW-SDC-110,523,2023-07-21,2028-07-21
ENT-0804483,ACC-10336,CON-070802,LI-0507341,SUP-PLA-DC,8,2025-10-21,2028-07-21
ENT-0804484,ACC-10336,CON-070803,LI-0507343,SW-NOC-130,274,2025-08-07,2028-08-07
ENT-0804485,ACC-10336,CON-070803,LI-0507344,SUP-PLA-DC,3,2025-08-07,2028-08-07
ENT-0804486,ACC-10336,CON-070803,LI-0507345,SW-NOC-110,691,2025-08-07,2028-08-07
ENT-0804487,ACC-10336,CON-070803,LI-0507346,SUP-PLA-DC,2,2025-08-07,2028-08-07
ENT-0804488,ACC-10336,CON-070803,LI-0507347,SW-OBS-120,37,2025-08-07,2028-08-07
ENT-0804489,ACC-10336,CON-070803,LI-0507349,SUP-GOL-DC,6,2025-08-07,2028-08-07
ENT-0804490,ACC-10336,CON-070803,LI-0507350,SUP-BRO-DC,1,2025-08-07,2028-08-07
ENT-0804491,ACC-10336,CON-070803,LI-0507353,SW-NOC-120,304,2025-08-07,2028-08-07
ENT-0804492,ACC-10336,CON-070803,LI-0507355,SW-ZTN-130,104,2025-08-07,2028-08-07
ENT-0804493,ACC-10337,CON-070804,LI-0507356,SW-NOC-110,230,2023-09-12,2024-09-12
ENT-0804494,ACC-10337,CON-070804,LI-0507358,SUP-PLA-DC,3,2023-09-12,2024-09-12
ENT-0804495,ACC-10337,CON-070804,LI-0507360,SW-SEC-140,415,2023-09-12,2024-09-12
ENT-0804496,ACC-10337,CON-070804,LI-0507361,SW-ZTN-120,840,2023-09-12,2024-09-12
ENT-0804497,ACC-10337,CON-070805,LI-0507363,SW-SEC-130,425,2024-10-14,2027-10-14
ENT-0804498,ACC-10337,CON-070805,LI-0507364,SW-SEC-130,35,2024-10-14,2027-10-14
ENT-0804499,ACC-10337,CON-070805,LI-0507366,SW-SDC-120,372,2024-10-14,2027-10-14
ENT-0804500,ACC-10337,CON-070805,LI-0507368,SUP-PLA-EDGE,9,2024-10-14,2027-10-14
ENT-0804501,ACC-10337,CON-070805,LI-0507369,SW-OBS-140,721,2024-10-14,2027-10-14
ENT-0804502,ACC-10337,CON-070805,LI-0507370,SW-NOC-140,558,2024-10-14,2027-10-14
ENT-0804503,ACC-10337,CON-070805,LI-0507371,SUP-SIL-DC,6,2024-10-14,2027-10-14
ENT-0804504,ACC-10337,CON-070806,LI-0507373,SUP-BRO-DC,9,2025-10-19,2030-10-19
ENT-0804505,ACC-10337,CON-070806,LI-0507374,SW-OBS-130,419,2025-10-19,2030-10-19
ENT-0804506,ACC-10337,CON-070806,LI-0507376,SUP-PLA-EDGE,3,2025-10-19,2030-10-19
ENT-0804507,ACC-10337,CON-070806,LI-0507377,SW-SEC-130,131,2025-10-19,2030-10-19
ENT-0804508,ACC-10338,CON-070807,LI-0507379,SW-OBS-110,240,2022-03-26,2024-03-26
ENT-0804509,ACC-10338,CON-070807,LI-0507380,SUP-BRO-DC,5,2022-03-26,2024-03-26
ENT-0804510,ACC-10338,CON-070807,LI-0507381,SUP-BRO-DC,2,2022-03-26,2024-03-26
ENT-0804511,ACC-10339,CON-070808,LI-0507382,SUP-PLA-EDGE,1,2023-05-11,2026-05-11
ENT-0804512,ACC-10339,CON-070808,LI-0507385,SUP-BRO-CORE,2,2023-05-11,2026-05-11
ENT-0804513,ACC-10339,CON-070809,LI-0507386,SUP-PLA-CORE,3,2022-06-21,2023-06-21
ENT-0804514,ACC-10339,CON-070809,LI-0507387,SW-NOC-120,52,2022-06-21,2023-06-21
ENT-0804515,ACC-10339,CON-070809,LI-0507389,SW-OBS-120,192,2022-12-10,2023-06-21
ENT-0804516,ACC-10339,CON-070809,LI-0507390,SW-ZTN-120,67,2022-06-21,2023-06-21
ENT-0804517,ACC-10339,CON-070809,LI-0507391,SUP-BRO-CORE,1,2022-06-21,2023-06-21
ENT-0804518,ACC-10339,CON-070809,LI-0507392,SW-SDC-120,231,2022-06-21,2023-06-21
ENT-0804519,ACC-10339,CON-070809,LI-0507393,SW-OBS-120,413,2022-06-21,2023-06-21
ENT-0804520,ACC-10340,CON-070810,LI-0507397,SW-ZTN-140,611,2023-09-14,2026-09-14
ENT-0804521,ACC-10340,CON-070810,LI-0507398,SW-SEC-110,77,2023-09-14,2026-09-14
ENT-0804522,ACC-10340,CON-070810,LI-0507399,SUP-PLA-CORE,1,2023-09-14,2026-09-14
ENT-0804523,ACC-10340,CON-070811,LI-0507400,SW-SDC-110,702,2022-08-03,2025-08-03
ENT-0804524,ACC-10340,CON-070811,LI-0507401,SW-NOC-110,81,2022-08-03,2025-08-03
ENT-0804525,ACC-10340,CON-070811,LI-0507405,SW-SDC-120,518,2022-08-03,2025-08-03
ENT-0804526,ACC-10340,CON-070811,LI-0507406,SUP-BRO-DC,1,2022-08-03,2025-08-03
ENT-0804527,ACC-10340,CON-070811,LI-0507407,SW-SDC-140,373,2022-08-03,2025-08-03
ENT-0804528,ACC-10340,CON-070812,LI-0507410,SW-SEC-130,644,2022-03-04,2023-03-04
ENT-0804529,ACC-10340,CON-070812,LI-0507412,SUP-BRO-EDGE,1,2022-03-04,2023-03-04
ENT-0804530,ACC-10340,CON-070812,LI-0507413,SUP-SIL-EDGE,2,2022-03-04,2023-03-04
ENT-0804531,ACC-10340,CON-070812,LI-0507417,SW-SEC-120,167,2022-10-15,2023-03-04
ENT-0804532,ACC-10340,CON-070812,LI-0507420,SW-SDC-140,746,2022-03-04,2023-03-04
ENT-0804533,ACC-10340,CON-070812,LI-0507421,SW-SEC-130,570,2022-03-04,2023-03-04
ENT-0804534,ACC-10341,CON-070813,LI-0507424,SUP-PLA-CORE,3,2023-11-17,2026-11-17
ENT-0804535,ACC-10341,CON-070813,LI-0507426,SW-NOC-110,69,2023-11-17,2026-11-17
ENT-0804536,ACC-10341,CON-070814,LI-0507428,SUP-GOL-CORE,2,2024-09-04,2029-09-04
ENT-0804537,ACC-10341,CON-070814,LI-0507429,SUP-PLA-EDGE,2,2028-02-02,2029-09-04
ENT-0804538,ACC-10341,CON-070814,LI-0507430,SW-NOC-110,99,2024-09-04,2029-09-04
ENT-0804539,ACC-10341,CON-070814,LI-0507431,SW-ZTN-110,265,2024-09-04,2029-09-04
ENT-0804540,ACC-10341,CON-070814,LI-0507432,SW-OBS-130,162,2024-09-04,2029-09-04
ENT-0804541,ACC-10341,CON-070814,LI-0507433,SW-OBS-110,80,2027-01-08,2029-09-04
ENT-0804542,ACC-10341,CON-070814,LI-0507434,SW-OBS-130,229,2024-09-04,2029-09-04
ENT-0804543,ACC-10342,CON-070815,LI-0507436,SUP-PLA-DC,3,2024-11-11,2026-11-11
ENT-0804544,ACC-10342,CON-070815,LI-0507438,SW-NOC-130,132,2024-11-11,2026-11-11
ENT-0804545,ACC-10342,CON-070815,LI-0507441,SUP-BRO-CORE,2,2024-11-11,2026-11-11
ENT-0804546,ACC-10342,CON-070815,LI-0507442,SW-NOC-110,175,2024-11-11,2026-11-11
ENT-0804547,ACC-10342,CON-070815,LI-0507444,SUP-GOL-CORE,1,2024-11-11,2026-11-11
ENT-0804548,ACC-10342,CON-070815,LI-0507445,SW-ZTN-140,22,2024-11-11,2026-11-11
ENT-0804549,ACC-10342,CON-070816,LI-0507447,SW-ZTN-130,200,2023-06-10,2026-06-10
ENT-0804550,ACC-10342,CON-070816,LI-0507452,SUP-PLA-EDGE,1,2023-06-10,2026-06-10
ENT-0804551,ACC-10342,CON-070816,LI-0507453,SUP-SIL-EDGE,2,2023-06-10,2026-06-10
ENT-0804552,ACC-10342,CON-070816,LI-0507454,SW-ZTN-120,152,2023-06-10,2026-06-10
ENT-0804553,ACC-10342,CON-070816,LI-0507455,SUP-BRO-CORE,3,2023-06-10,2026-06-10
ENT-0804554,ACC-10342,CON-070816,LI-0507458,SW-SDC-110,299,2025-02-28,2026-06-10
ENT-0804555,ACC-10343,CON-070817,LI-0507459,SUP-PLA-DC,7,2025-07-07,2030-07-07
ENT-0804556,ACC-10343,CON-070817,LI-0507460,SUP-SIL-DC,7,2025-07-07,2030-07-07
ENT-0804557,ACC-10343,CON-070817,LI-0507461,SUP-BRO-DC,10,2025-07-07,2030-07-07
ENT-0804558,ACC-10343,CON-070817,LI-0507462,SUP-SIL-DC,9,2025-07-07,2030-07-07
ENT-0804559,ACC-10343,CON-070817,LI-0507465,SUP-BRO-CORE,9,2025-07-07,2030-07-07
ENT-0804560,ACC-10343,CON-070817,LI-0507466,SW-SEC-140,416,2025-07-07,2030-07-07
ENT-0804561,ACC-10343,CON-070817,LI-0507468,SW-SDC-120,586,2025-07-07,2030-07-07
ENT-0804562,ACC-10343,CON-070817,LI-0507469,SW-SDC-120,533,2025-07-07,2030-07-07
ENT-0804563,ACC-10343,CON-070818,LI-0507471,SW-SDC-140,306,2025-02-03,2028-02-03
ENT-0804564,ACC-10343,CON-070818,LI-0507473,SUP-GOL-CORE,6,2025-02-03,2028-02-03
ENT-0804565,ACC-10343,CON-070818,LI-0507474,SW-SEC-140,399,2025-02-03,2028-02-03
ENT-0804566,ACC-10343,CON-070819,LI-0507479,SW-OBS-110,116,2024-09-27,2027-09-27
ENT-0804567,ACC-10343,CON-070819,LI-0507480,SW-NOC-130,764,2024-09-27,2027-09-27
ENT-0804568,ACC-10343,CON-070819,LI-0507481,SW-ZTN-110,429,2024-09-27,2027-09-27
ENT-0804569,ACC-10343,CON-070819,LI-0507485,SW-OBS-130,259,2024-09-27,2027-09-27
ENT-0804570,ACC-10343,CON-070820,LI-0507490,SW-NOC-120,618,2023-10-14,2028-10-14
ENT-0804571,ACC-10344,CON-070821,LI-0507496,SUP-PLA-CORE,3,2022-08-14,2025-08-14
ENT-0804572,ACC-10345,CON-070822,LI-0507501,SW-OBS-130,304,2022-04-11,2023-04-11
ENT-0804573,ACC-10345,CON-070822,LI-0507502,SUP-SIL-EDGE,7,2022-04-11,2023-04-11
ENT-0804574,ACC-10345,CON-070823,LI-0507503,SUP-SIL-DC,7,2024-09-22,2026-09-22
ENT-0804575,ACC-10345,CON-070823,LI-0507506,SUP-BRO-EDGE,12,2024-09-22,2026-09-22
ENT-0804576,ACC-10345,CON-070824,LI-0507508,SW-SEC-110,90,2022-10-10,2027-10-10
ENT-0804577,ACC-10345,CON-070824,LI-0507510,SUP-SIL-CORE,12,2022-10-10,2027-10-10
ENT-0804578,ACC-10345,CON-070824,LI-0507511,SUP-BRO-CORE,12,2022-10-10,2027-10-10
ENT-0804579,ACC-10345,CON-070824,LI-0507512,SW-ZTN-110,467,2022-10-10,2027-10-10
ENT-0804580,ACC-10345,CON-070824,LI-0507514,SUP-BRO-EDGE,3,2022-10-10,2027-10-10
ENT-0804581,ACC-10345,CON-070824,LI-0507515,SW-OBS-140,432,2022-10-10,2027-10-10
ENT-0804582,ACC-10346,CON-070825,LI-0507519,SW-ZTN-140,341,2023-06-17,2024-06-17
ENT-0804583,ACC-10346,CON-070825,LI-0507520,SW-ZTN-110,252,2023-06-17,2024-06-17
ENT-0804584,ACC-10346,CON-070825,LI-0507523,SW-OBS-130,92,2023-06-17,2024-06-17
ENT-0804585,ACC-10346,CON-070826,LI-0507527,SW-OBS-120,543,2025-03-18,2028-03-18
ENT-0804586,ACC-10346,CON-070826,LI-0507528,SW-OBS-130,198,2025-03-18,2028-03-18
ENT-0804587,ACC-10346,CON-070826,LI-0507529,SW-SDC-120,259,2025-03-18,2028-03-18
ENT-0804588,ACC-10346,CON-070826,LI-0507531,SW-SEC-140,468,2025-03-18,2028-03-18
ENT-0804589,ACC-10346,CON-070826,LI-0507533,SW-SDC-140,256,2025-03-18,2028-03-18
ENT-0804590,ACC-10346,CON-070826,LI-0507535,SW-OBS-130,525,2025-03-18,2028-03-18
ENT-0804591,ACC-10346,CON-070826,LI-0507536,SW-SDC-140,37,2025-03-18,2028-03-18
ENT-0804592,ACC-10346,CON-070826,LI-0507537,SUP-SIL-CORE,8,2025-03-18,2028-03-18
ENT-0804593,ACC-10346,CON-070826,LI-0507539,SW-SEC-140,395,2025-03-18,2028-03-18
ENT-0804594,ACC-10346,CON-070827,LI-0507541,SUP-PLA-EDGE,4,2024-04-20,2027-04-20
ENT-0804595,ACC-10346,CON-070827,LI-0507542,SW-NOC-120,442,2024-04-20,2027-04-20
ENT-0804596,ACC-10346,CON-070827,LI-0507544,SW-OBS-140,203,2024-04-20,2027-04-20
ENT-0804597,ACC-10346,CON-070827,LI-0507545,SW-SDC-130,424,2024-04-20,2027-04-20
ENT-0804598,ACC-10346,CON-070827,LI-0507549,SUP-SIL-CORE,8,2024-04-20,2027-04-20
ENT-0804599,ACC-10346,CON-070827,LI-0507550,SUP-SIL-EDGE,1,2024-04-20,2027-04-20
ENT-0804600,ACC-10346,CON-070827,LI-0507551,SW-OBS-110,621,2024-04-20,2027-04-20
ENT-0804601,ACC-10346,CON-070827,LI-0507552,SW-SEC-110,170,2024-04-20,2027-04-20
ENT-0804602,ACC-10347,CON-070829,LI-0507558,SW-ZTN-120,41,2024-02-03,2027-02-03
ENT-0804603,ACC-10347,CON-070829,LI-0507559,SUP-PLA-CORE,9,2024-02-03,2027-02-03
ENT-0804604,ACC-10347,CON-070829,LI-0507561,SUP-SIL-CORE,7,2024-02-03,2027-02-03
ENT-0804605,ACC-10347,CON-070829,LI-0507563,SW-SDC-110,67,2024-02-03,2027-02-03
ENT-0804606,ACC-10347,CON-070829,LI-0507564,SUP-GOL-DC,4,2024-02-03,2027-02-03
ENT-0804607,ACC-10347,CON-070829,LI-0507565,SUP-BRO-CORE,3,2024-02-03,2027-02-03
ENT-0804608,ACC-10347,CON-070829,LI-0507566,SUP-SIL-EDGE,3,2024-02-03,2027-02-03
ENT-0804609,ACC-10347,CON-070830,LI-0507567,SUP-GOL-CORE,1,2023-09-08,2026-09-08
ENT-0804610,ACC-10347,CON-070830,LI-0507568,SW-ZTN-130,465,2023-09-08,2026-09-08
ENT-0804611,ACC-10347,CON-070831,LI-0507572,SW-OBS-130,64,2022-09-12,2025-09-12
ENT-0804612,ACC-10347,CON-070831,LI-0507573,SW-SEC-130,519,2022-09-12,2025-09-12
ENT-0804613,ACC-10347,CON-070831,LI-0507574,SW-OBS-140,732,2022-09-12,2025-09-12
ENT-0804614,ACC-10347,CON-070831,LI-0507575,SW-NOC-120,145,2022-09-12,2025-09-12
ENT-0804615,ACC-10347,CON-070831,LI-0507579,SW-NOC-120,127,2022-09-12,2025-09-12
ENT-0804616,ACC-10347,CON-070831,LI-0507580,SUP-BRO-EDGE,6,2022-09-12,2025-09-12
ENT-0804617,ACC-10347,CON-070831,LI-0507581,SUP-PLA-CORE,4,2022-09-12,2025-09-12
ENT-0804618,ACC-10347,CON-070831,LI-0507582,SW-SDC-140,563,2022-09-12,2025-09-12
ENT-0804619,ACC-10348,CON-070832,LI-0507588,SUP-GOL-EDGE,7,2022-07-20,2025-07-20
ENT-0804620,ACC-10348,CON-070832,LI-0507590,SUP-PLA-DC,8,2022-07-20,2025-07-20
ENT-0804621,ACC-10348,CON-070832,LI-0507591,SW-NOC-120,499,2023-01-27,2025-07-20
ENT-0804622,ACC-10348,CON-070833,LI-0507593,SW-OBS-140,127,2023-03-14,2024-03-14
ENT-0804623,ACC-10348,CON-070833,LI-0507599,SUP-SIL-DC,7,2023-03-14,2024-03-14
ENT-0804624,ACC-10348,CON-070834,LI-0507601,SUP-PLA-CORE,1,2022-05-09,2027-05-09
ENT-0804625,ACC-10348,CON-070834,LI-0507602,SW-SDC-130,679,2022-05-09,2027-05-09
ENT-0804626,ACC-10348,CON-070834,LI-0507603,SUP-SIL-DC,6,2022-05-09,2027-05-09
ENT-0804627,ACC-10348,CON-070834,LI-0507604,SUP-GOL-DC,2,2022-05-09,2027-05-09
ENT-0804628,ACC-10348,CON-070834,LI-0507605,SW-NOC-110,523,2022-05-09,2027-05-09
ENT-0804629,ACC-10349,CON-070835,LI-0507608,SUP-GOL-DC,4,2022-05-20,2025-05-20
ENT-0804630,ACC-10349,CON-070835,LI-0507609,SW-ZTN-130,85,2022-05-20,2025-05-20
ENT-0804631,ACC-10349,CON-070835,LI-0507610,SW-SEC-110,466,2022-05-20,2025-05-20
ENT-0804632,ACC-10349,CON-070835,LI-0507612,SUP-PLA-CORE,1,2022-05-20,2025-05-20
ENT-0804633,ACC-10349,CON-070835,LI-0507615,SUP-PLA-CORE,5,2022-05-20,2025-05-20
ENT-0804634,ACC-10349,CON-070835,LI-0507616,SUP-BRO-DC,3,2022-05-20,2025-05-20
ENT-0804635,ACC-10349,CON-070835,LI-0507617,SW-OBS-120,279,2022-05-20,2025-05-20
ENT-0804636,ACC-10349,CON-070835,LI-0507619,SW-OBS-110,437,2022-05-20,2025-05-20
ENT-0804637,ACC-10349,CON-070836,LI-0507620,SUP-PLA-CORE,3,2025-12-04,2027-12-04
ENT-0804638,ACC-10349,CON-070836,LI-0507622,SUP-PLA-DC,5,2025-12-04,2027-12-04
ENT-0804639,ACC-10349,CON-070836,LI-0507623,SW-OBS-130,73,2025-12-04,2027-12-04
ENT-0804640,ACC-10349,CON-070836,LI-0507624,SW-SDC-130,141,2025-12-04,2027-12-04
ENT-0804641,ACC-10349,CON-070836,LI-0507625,SW-NOC-110,475,2025-12-04,2027-12-04
ENT-0804642,ACC-10349,CON-070836,LI-0507626,SW-NOC-120,154,2025-12-04,2027-12-04
ENT-0804643,ACC-10349,CON-070836,LI-0507627,SW-ZTN-120,83,2025-12-04,2027-12-04
ENT-0804644,ACC-10349,CON-070836,LI-0507628,SW-SEC-130,313,2025-12-04,2027-12-04
ENT-0804645,ACC-10350,CON-070837,LI-0507630,SW-SEC-110,110,2023-12-10,2025-07-27
ENT-0804646,ACC-10350,CON-070837,LI-0507631,SUP-SIL-CORE,5,2023-07-27,2025-07-27
ENT-0804647,ACC-10350,CON-070837,LI-0507633,SUP-BRO-EDGE,1,2023-07-27,2025-07-27
ENT-0804648,ACC-10350,CON-070837,LI-0507634,SW-SDC-130,112,2023-07-27,2025-07-27
ENT-0804649,ACC-10350,CON-070837,LI-0507635,SUP-GOL-EDGE,1,2023-07-27,2025-07-27
ENT-0804650,ACC-10350,CON-070837,LI-0507637,SW-SDC-110,183,2023-07-27,2025-07-27
ENT-0804651,ACC-10350,CON-070837,LI-0507638,SUP-GOL-CORE,1,2023-07-27,2025-07-27
ENT-0804652,ACC-10351,CON-070838,LI-0507641,SW-OBS-140,24,2024-08-10,2029-08-10
ENT-0804653,ACC-10351,CON-070838,LI-0507642,SUP-PLA-CORE,7,2024-08-10,2029-08-10
ENT-0804654,ACC-10351,CON-070838,LI-0507643,SW-NOC-130,601,2024-08-10,2029-08-10
ENT-0804655,ACC-10351,CON-070838,LI-0507644,SUP-BRO-CORE,7,2024-08-10,2029-08-10
ENT-0804656,ACC-10351,CON-070838,LI-0507645,SUP-SIL-CORE,8,2024-08-10,2029-08-10
ENT-0804657,ACC-10351,CON-070838,LI-0507647,SW-OBS-120,115,2024-08-10,2029-08-10
ENT-0804658,ACC-10351,CON-070838,LI-0507649,SW-SEC-120,374,2024-08-10,2029-08-10
ENT-0804659,ACC-10351,CON-070839,LI-0507650,SW-SDC-120,447,2023-06-10,2026-06-10
ENT-0804660,ACC-10351,CON-070839,LI-0507651,SW-ZTN-130,580,2023-06-10,2026-06-10
ENT-0804661,ACC-10351,CON-070839,LI-0507652,SW-NOC-120,315,2023-06-10,2026-06-10
ENT-0804662,ACC-10351,CON-070839,LI-0507654,SW-SDC-110,250,2023-06-10,2026-06-10
ENT-0804663,ACC-10351,CON-070839,LI-0507656,SW-SDC-140,609,2024-06-09,2026-06-10
ENT-0804664,ACC-10351,CON-070839,LI-0507657,SW-SEC-110,328,2023-06-10,2026-06-10
ENT-0804665,ACC-10351,CON-070839,LI-0507658,SUP-BRO-CORE,8,2023-06-10,2026-06-10
ENT-0804666,ACC-10351,CON-070839,LI-0507661,SUP-BRO-CORE,3,2023-06-10,2026-06-10
ENT-0804667,ACC-10351,CON-070840,LI-0507664,SW-OBS-130,246,2024-08-04,2026-08-04
ENT-0804668,ACC-10351,CON-070840,LI-0507665,SW-SEC-140,602,2024-08-04,2026-08-04
ENT-0804669,ACC-10351,CON-070840,LI-0507670,SUP-GOL-CORE,5,2024-08-04,2026-08-04
ENT-0804670,ACC-10351,CON-070841,LI-0507672,SW-OBS-140,518,2025-05-20,2028-05-20
ENT-0804671,ACC-10351,CON-070841,LI-0507674,SUP-PLA-EDGE,1,2026-07-24,2028-05-20
ENT-0804672,ACC-10351,CON-070841,LI-0507675,SW-SDC-130,240,2025-05-20,2028-05-20
ENT-0804673,ACC-10351,CON-070841,LI-0507676,SW-OBS-130,98,2025-05-20,2028-05-20
ENT-0804674,ACC-10351,CON-070841,LI-0507677,SW-OBS-130,252,2025-05-20,2028-05-20
ENT-0804675,ACC-10352,CON-070843,LI-0507683,SW-SDC-130,45,2023-11-26,2024-11-26
ENT-0804676,ACC-10352,CON-070843,LI-0507684,SW-SDC-140,38,2023-11-26,2024-11-26
ENT-0804677,ACC-10352,CON-070843,LI-0507689,SW-SDC-110,10,2023-11-26,2024-11-26
ENT-0804678,ACC-10352,CON-070843,LI-0507691,SW-SEC-140,243,2023-11-26,2024-11-26
ENT-0804679,ACC-10352,CON-070843,LI-0507692,SW-ZTN-130,127,2023-11-26,2024-11-26
ENT-0804680,ACC-10352,CON-070843,LI-0507693,SUP-GOL-CORE,2,2023-11-26,2024-11-26
ENT-0804681,ACC-10352,CON-070843,LI-0507694,SUP-BRO-CORE,3,2023-11-26,2024-11-26
ENT-0804682,ACC-10353,CON-070844,LI-0507697,SUP-PLA-CORE,10,2023-04-05,2028-04-05
ENT-0804683,ACC-10353,CON-070844,LI-0507700,SW-SDC-140,269,2024-09-08,2028-04-05
ENT-0804684,ACC-10353,CON-070844,LI-0507702,SUP-GOL-EDGE,8,2023-04-05,2028-04-05
ENT-0804685,ACC-10353,CON-070844,LI-0507703,SUP-GOL-CORE,5,2023-04-05,2028-04-05
ENT-0804686,ACC-10353,CON-070845,LI-0507705,SUP-BRO-EDGE,10,2022-01-01,2027-01-01
ENT-0804687,ACC-10353,CON-070845,LI-0507706,SUP-GOL-CORE,4,2022-01-01,2027-01-01
ENT-0804688,ACC-10353,CON-070845,LI-0507707,SW-ZTN-120,120,2022-01-01,2027-01-01
ENT-0804689,ACC-10353,CON-070845,LI-0507708,SUP-GOL-EDGE,1,2022-01-01,2027-01-01
ENT-0804690,ACC-10353,CON-070845,LI-0507710,SW-SDC-130,639,2022-01-01,2027-01-01
ENT-0804691,ACC-10354,CON-070846,LI-0507713,SUP-PLA-EDGE,10,2022-08-04,2024-08-04
ENT-0804692,ACC-10354,CON-070846,LI-0507714,SW-SDC-130,539,2022-08-04,2024-08-04
ENT-0804693,ACC-10354,CON-070846,LI-0507715,SW-OBS-140,618,2022-08-04,2024-08-04
ENT-0804694,ACC-10354,CON-070847,LI-0507717,SUP-PLA-EDGE,5,2024-03-04,2026-03-04
ENT-0804695,ACC-10354,CON-070847,LI-0507719,SW-NOC-110,318,2024-03-04,2026-03-04
ENT-0804696,ACC-10354,CON-070847,LI-0507720,SW-ZTN-140,742,2024-03-04,2026-03-04
ENT-0804697,ACC-10354,CON-070847,LI-0507723,SW-SDC-120,563,2024-03-04,2026-03-04
ENT-0804698,ACC-10354,CON-070847,LI-0507724,SW-ZTN-140,288,2024-03-04,2026-03-04
ENT-0804699,ACC-10354,CON-070847,LI-0507728,SUP-GOL-CORE,10,2024-03-04,2026-03-04
ENT-0804700,ACC-10354,CON-070847,LI-0507729,SW-OBS-140,688,2024-11-29,2026-03-04
ENT-0804701,ACC-10354,CON-070848,LI-0507731,SW-SDC-130,857,2023-04-02,2024-04-02
ENT-0804702,ACC-10354,CON-070848,LI-0507733,SUP-BRO-CORE,1,2023-04-02,2024-04-02
ENT-0804703,ACC-10354,CON-070848,LI-0507734,SUP-SIL-EDGE,8,2023-04-02,2024-04-02
ENT-0804704,ACC-10354,CON-070848,LI-0507735,SUP-GOL-DC,13,2023-04-02,2024-04-02
ENT-0804705,ACC-10354,CON-070848,LI-0507737,SW-NOC-120,602,2023-04-02,2024-04-02
ENT-0804706,ACC-10354,CON-070848,LI-0507739,SW-SEC-140,303,2023-04-02,2024-04-02
ENT-0804707,ACC-10354,CON-070848,LI-0507741,SW-SEC-130,895,2023-04-02,2024-04-02
ENT-0804708,ACC-10355,CON-070849,LI-0507742,SUP-GOL-EDGE,3,2024-04-01,2027-04-01
ENT-0804709,ACC-10355,CON-070849,LI-0507743,SUP-SIL-CORE,1,2024-04-01,2027-04-01
ENT-0804710,ACC-10355,CON-070849,LI-0507744,SUP-BRO-EDGE,2,2024-04-01,2027-04-01
ENT-0804711,ACC-10355,CON-070849,LI-0507745,SW-SEC-110,68,2024-04-01,2027-04-01
ENT-0804712,ACC-10355,CON-070850,LI-0507746,SUP-PLA-EDGE,1,2023-10-24,2026-10-24
ENT-0804713,ACC-10355,CON-070850,LI-0507747,SW-ZTN-110,117,2023-10-24,2026-10-24
ENT-0804714,ACC-10355,CON-070850,LI-0507748,SW-NOC-120,18,2023-10-24,2026-10-24
ENT-0804715,ACC-10355,CON-070850,LI-0507749,SW-OBS-110,88,2023-10-24,2026-10-24
ENT-0804716,ACC-10355,CON-070850,LI-0507750,SUP-GOL-DC,1,2023-10-24,2026-10-24
ENT-0804717,ACC-10356,CON-070851,LI-0507755,SW-SDC-130,579,2024-12-01,2029-12-01
ENT-0804718,ACC-10356,CON-070851,LI-0507758,SW-SDC-140,775,2024-12-01,2029-12-01
ENT-0804719,ACC-10356,CON-070852,LI-0507760,SW-SEC-140,995,2022-02-26,2025-02-26
ENT-0804720,ACC-10356,CON-070852,LI-0507763,SW-NOC-120,156,2022-02-26,2025-02-26
ENT-0804721,ACC-10356,CON-070853,LI-0507765,SW-SDC-140,786,2024-04-29,2027-04-28
ENT-0804722,ACC-10356,CON-070853,LI-0507766,SUP-GOL-CORE,3,2024-04-29,2027-04-28
ENT-0804723,ACC-10356,CON-070853,LI-0507768,SUP-PLA-DC,2,2024-04-29,2027-04-28
ENT-0804724,ACC-10356,CON-070853,LI-0507769,SUP-BRO-DC,6,2024-04-29,2027-04-28
ENT-0804725,ACC-10356,CON-070853,LI-0507770,SW-SDC-120,263,2024-04-29,2027-04-28
ENT-0804726,ACC-10356,CON-070853,LI-0507772,SW-ZTN-130,554,2024-04-29,2027-04-28
ENT-0804727,ACC-10356,CON-070853,LI-0507774,SUP-BRO-DC,11,2024-04-29,2027-04-28
ENT-0804728,ACC-10356,CON-070853,LI-0507775,SW-NOC-110,660,2025-05-25,2027-04-28
ENT-0804729,ACC-10356,CON-070853,LI-0507776,SUP-BRO-CORE,1,2024-04-29,2027-04-28
ENT-0804730,ACC-10356,CON-070854,LI-0507777,SUP-BRO-DC,3,2025-11-03,2028-11-03
ENT-0804731,ACC-10356,CON-070854,LI-0507778,SUP-PLA-CORE,1,2025-11-03,2028-11-03
ENT-0804732,ACC-10356,CON-070854,LI-0507779,SW-SDC-140,513,2025-11-03,2028-11-03
ENT-0804733,ACC-10356,CON-070854,LI-0507780,SW-OBS-110,121,2025-11-03,2028-11-03
ENT-0804734,ACC-10357,CON-070855,LI-0507784,SUP-GOL-EDGE,6,2025-11-26,2026-11-26
ENT-0804735,ACC-10357,CON-070855,LI-0507785,SW-OBS-110,125,2025-11-26,2026-11-26
ENT-0804736,ACC-10358,CON-070856,LI-0507786,SW-OBS-120,578,2024-12-30,2027-12-28
ENT-0804737,ACC-10358,CON-070856,LI-0507787,SW-SEC-130,171,2026-03-16,2027-12-28
ENT-0804738,ACC-10358,CON-070856,LI-0507788,SUP-GOL-DC,5,2024-12-30,2027-12-28
ENT-0804739,ACC-10358,CON-070856,LI-0507790,SW-SDC-110,425,2024-12-30,2027-12-28
ENT-0804740,ACC-10358,CON-070856,LI-0507792,SUP-SIL-CORE,4,2024-12-30,2027-12-28
ENT-0804741,ACC-10358,CON-070856,LI-0507793,SUP-PLA-EDGE,2,2024-12-30,2027-12-28
ENT-0804742,ACC-10358,CON-070858,LI-0507800,SUP-GOL-DC,4,2025-02-25,2026-02-25
ENT-0804743,ACC-10358,CON-070858,LI-0507801,SW-SEC-140,555,2025-02-25,2026-02-25
ENT-0804744,ACC-10358,CON-070858,LI-0507803,SW-OBS-110,457,2025-02-25,2026-02-25
ENT-0804745,ACC-10358,CON-070858,LI-0507804,SW-SEC-130,593,2025-02-25,2026-02-25
ENT-0804746,ACC-10359,CON-070859,LI-0507806,SW-SDC-120,343,2023-10-23,2026-10-23
ENT-0804747,ACC-10359,CON-070859,LI-0507810,SUP-GOL-CORE,7,2023-10-23,2026-10-23
ENT-0804748,ACC-10359,CON-070860,LI-0507811,SW-ZTN-120,717,2023-09-27,2024-09-27
ENT-0804749,ACC-10359,CON-070860,LI-0507812,SW-ZTN-130,636,2023-09-27,2024-09-27
ENT-0804750,ACC-10359,CON-070860,LI-0507814,SW-ZTN-110,831,2023-09-27,2024-09-27
ENT-0804751,ACC-10359,CON-070860,LI-0507817,SW-SEC-140,978,2023-09-27,2024-09-27
ENT-0804752,ACC-10359,CON-070860,LI-0507818,SUP-GOL-CORE,11,2023-09-27,2024-09-27
ENT-0804753,ACC-10359,CON-070861,LI-0507819,SW-OBS-130,479,2025-07-25,2028-07-25
ENT-0804754,ACC-10359,CON-070861,LI-0507820,SW-SDC-130,793,2025-07-25,2028-07-25
ENT-0804755,ACC-10359,CON-070861,LI-0507822,SUP-BRO-CORE,8,2025-07-25,2028-07-25
ENT-0804756,ACC-10359,CON-070861,LI-0507825,SW-ZTN-140,870,2027-12-27,2028-07-25
ENT-0804757,ACC-10359,CON-070861,LI-0507826,SW-SEC-140,429,2025-07-25,2028-07-25
ENT-0804758,ACC-10359,CON-070861,LI-0507827,SW-NOC-110,971,2025-07-25,2028-07-25
ENT-0804759,ACC-10359,CON-070861,LI-0507828,SUP-SIL-CORE,11,2025-07-25,2028-07-25
ENT-0804760,ACC-10359,CON-070861,LI-0507830,SW-NOC-120,864,2025-07-25,2028-07-25
ENT-0804761,ACC-10359,CON-070861,LI-0507831,SW-ZTN-140,131,2025-07-25,2028-07-25
ENT-0804762,ACC-10359,CON-070861,LI-0507832,SUP-SIL-DC,11,2025-07-25,2028-07-25
ENT-0804763,ACC-10359,CON-070862,LI-0507833,SW-SEC-110,569,2022-12-10,2025-12-10
ENT-0804764,ACC-10359,CON-070862,LI-0507834,SW-SEC-110,82,2022-12-10,2025-12-10
ENT-0804765,ACC-10359,CON-070862,LI-0507835,SW-ZTN-140,372,2025-03-27,2025-12-10
ENT-0804766,ACC-10359,CON-070862,LI-0507837,SUP-PLA-CORE,1,2022-12-10,2025-12-10
ENT-0804767,ACC-10359,CON-070862,LI-0507838,SUP-PLA-CORE,8,2022-12-10,2025-12-10
ENT-0804768,ACC-10360,CON-070863,LI-0507839,SW-SDC-110,271,2024-07-31,2026-07-28
ENT-0804769,ACC-10360,CON-070863,LI-0507841,SUP-SIL-DC,5,2024-07-31,2026-07-28
ENT-0804770,ACC-10360,CON-070863,LI-0507842,SUP-BRO-EDGE,1,2024-07-31,2026-07-28
ENT-0804771,ACC-10360,CON-070863,LI-0507843,SUP-GOL-DC,3,2024-07-31,2026-07-28
ENT-0804772,ACC-10360,CON-070863,LI-0507844,SW-ZTN-140,200,2024-07-31,2026-07-28
ENT-0804773,ACC-10360,CON-070864,LI-0507850,SW-ZTN-140,35,2023-07-13,2026-07-13
ENT-0804774,ACC-10360,CON-070864,LI-0507851,SUP-BRO-DC,5,2023-07-13,2026-07-13
ENT-0804775,ACC-10360,CON-070864,LI-0507852,SUP-BRO-DC,3,2023-07-13,2026-07-13
ENT-0804776,ACC-10360,CON-070865,LI-0507853,SUP-BRO-DC,7,2022-01-22,2025-01-22
ENT-0804777,ACC-10360,CON-070865,LI-0507854,SW-ZTN-130,49,2022-01-22,2025-01-22
ENT-0804778,ACC-10360,CON-070865,LI-0507855,SUP-PLA-CORE,1,2022-01-22,2025-01-22
ENT-0804779,ACC-10360,CON-070865,LI-0507856,SW-SDC-130,348,2022-01-22,2025-01-22
ENT-0804780,ACC-10360,CON-070865,LI-0507857,SW-OBS-120,263,2022-01-22,2025-01-22
ENT-0804781,ACC-10360,CON-070866,LI-0507861,SUP-PLA-EDGE,2,2023-08-05,2024-08-05
ENT-0804782,ACC-10360,CON-070866,LI-0507863,SW-OBS-140,236,2023-08-05,2024-08-05
ENT-0804783,ACC-10360,CON-070866,LI-0507866,SW-ZTN-130,34,2023-08-05,2024-08-05
ENT-0804784,ACC-10361,CON-070867,LI-0507869,SW-SEC-130,326,2023-01-11,2024-01-11
ENT-0804785,ACC-10361,CON-070867,LI-0507870,SUP-GOL-DC,2,2023-01-11,2024-01-11
ENT-0804786,ACC-10361,CON-070867,LI-0507871,SUP-SIL-EDGE,1,2023-01-11,2024-01-11
ENT-0804787,ACC-10361,CON-070867,LI-0507872,SUP-SIL-EDGE,5,2023-01-11,2024-01-11
ENT-0804788,ACC-10361,CON-070867,LI-0507874,SW-SDC-120,400,2023-01-11,2024-01-11
ENT-0804789,ACC-10361,CON-070867,LI-0507875,SW-SEC-120,212,2023-01-11,2024-01-11
ENT-0804790,ACC-10361,CON-070868,LI-0507878,SW-OBS-140,82,2022-02-14,2025-02-14
ENT-0804791,ACC-10361,CON-070868,LI-0507879,SUP-BRO-CORE,8,2022-12-25,2025-02-14
ENT-0804792,ACC-10361,CON-070868,LI-0507881,SW-NOC-110,614,2022-02-14,2025-02-14
ENT-0804793,ACC-10361,CON-070868,LI-0507883,SW-SDC-140,93,2022-02-14,2025-02-14
ENT-0804794,ACC-10361,CON-070868,LI-0507884,SW-OBS-110,789,2022-02-14,2025-02-14
ENT-0804795,ACC-10361,CON-070868,LI-0507885,SW-NOC-120,356,2022-02-14,2025-02-14
ENT-0804796,ACC-10361,CON-070868,LI-0507886,SW-OBS-120,438,2022-02-14,2025-02-14
ENT-0804797,ACC-10361,CON-070868,LI-0507887,SW-NOC-130,123,2022-02-14,2025-02-14
ENT-0804798,ACC-10361,CON-070869,LI-0507890,SUP-GOL-DC,2,2024-02-02,2027-02-02
ENT-0804799,ACC-10361,CON-070869,LI-0507891,SW-SEC-140,908,2024-02-02,2027-02-02
ENT-0804800,ACC-10361,CON-070869,LI-0507892,SW-OBS-140,53,2024-02-02,2027-02-02
ENT-0804801,ACC-10361,CON-070869,LI-0507893,SW-SEC-140,903,2024-02-02,2027-02-02
ENT-0804802,ACC-10361,CON-070870,LI-0507896,SW-NOC-140,499,2022-05-21,2025-05-21
ENT-0804803,ACC-10361,CON-070870,LI-0507898,SW-ZTN-110,786,2022-05-21,2025-05-21
ENT-0804804,ACC-10361,CON-070870,LI-0507900,SW-NOC-110,544,2022-05-21,2025-05-21
ENT-0804805,ACC-10361,CON-070870,LI-0507901,SW-SDC-120,189,2022-05-21,2025-05-21
ENT-0804806,ACC-10361,CON-070870,LI-0507902,SW-NOC-130,834,2022-05-21,2025-05-21
ENT-0804807,ACC-10361,CON-070870,LI-0507903,SUP-GOL-DC,7,2022-05-21,2025-05-21
ENT-0804808,ACC-10361,CON-070870,LI-0507904,SW-SDC-120,314,2022-05-21,2025-05-21
ENT-0804809,ACC-10362,CON-070871,LI-0507905,SW-SEC-110,86,2022-05-30,2025-05-28
ENT-0804810,ACC-10362,CON-070871,LI-0507907,SW-OBS-140,755,2022-05-30,2025-05-28
ENT-0804811,ACC-10362,CON-070871,LI-0507910,SW-SEC-130,782,2022-05-30,2025-05-28
ENT-0804812,ACC-10362,CON-070871,LI-0507911,SUP-BRO-EDGE,9,2024-09-19,2025-05-28
ENT-0804813,ACC-10362,CON-070871,LI-0507912,SUP-PLA-EDGE,1,2022-05-30,2025-05-28
ENT-0804814,ACC-10362,CON-070872,LI-0507915,SUP-BRO-CORE,9,2024-05-05,2027-05-05
ENT-0804815,ACC-10363,CON-070873,LI-0507918,SUP-PLA-DC,8,2025-02-10,2026-02-10
ENT-0804816,ACC-10363,CON-070873,LI-0507920,SUP-BRO-EDGE,8,2025-02-10,2026-02-10
ENT-0804817,ACC-10363,CON-070873,LI-0507921,SUP-PLA-CORE,14,2025-02-10,2026-02-10
ENT-0804818,ACC-10363,CON-070873,LI-0507922,SW-SDC-110,863,2025-02-10,2026-02-10
ENT-0804819,ACC-10363,CON-070873,LI-0507923,SW-SEC-120,600,2025-02-10,2026-02-10
ENT-0804820,ACC-10363,CON-070873,LI-0507924,SW-ZTN-110,87,2025-05-20,2026-02-10
ENT-0804821,ACC-10363,CON-070873,LI-0507926,SW-ZTN-120,201,2025-02-10,2026-02-10
ENT-0804822,ACC-10363,CON-070874,LI-0507929,SUP-PLA-DC,1,2025-07-18,2028-07-18
ENT-0804823,ACC-10363,CON-070874,LI-0507930,SUP-SIL-EDGE,1,2025-07-18,2028-07-18
ENT-0804824,ACC-10363,CON-070874,LI-0507931,SW-ZTN-140,694,2025-07-18,2028-07-18
ENT-0804825,ACC-10363,CON-070874,LI-0507933,SW-ZTN-130,587,2025-07-18,2028-07-18
ENT-0804826,ACC-10364,CON-070876,LI-0507943,SUP-PLA-CORE,7,2025-05-29,2028-05-28
ENT-0804827,ACC-10364,CON-070876,LI-0507947,SW-SEC-130,264,2025-05-29,2028-05-28
ENT-0804828,ACC-10364,CON-070876,LI-0507949,SUP-BRO-EDGE,3,2025-05-29,2028-05-28
ENT-0804829,ACC-10364,CON-070876,LI-0507950,SW-SDC-140,715,2025-05-29,2028-05-28
ENT-0804830,ACC-10364,CON-070877,LI-0507951,SW-OBS-140,307,2022-11-26,2025-11-26
ENT-0804831,ACC-10364,CON-070877,LI-0507952,SUP-PLA-CORE,2,2023-05-10,2025-11-26
ENT-0804832,ACC-10364,CON-070877,LI-0507954,SUP-BRO-DC,5,2022-11-26,2025-11-26
ENT-0804833,ACC-10365,CON-070878,LI-0507957,SW-SEC-130,360,2022-03-06,2023-03-06
ENT-0804834,ACC-10365,CON-070878,LI-0507958,SW-SDC-110,399,2022-03-06,2023-03-06
ENT-0804835,ACC-10365,CON-070878,LI-0507959,SW-ZTN-110,325,2022-03-06,2023-03-06
ENT-0804836,ACC-10365,CON-070879,LI-0507960,SW-OBS-120,165,2024-03-13,2025-03-13
ENT-0804837,ACC-10365,CON-070879,LI-0507962,SUP-SIL-CORE,2,2024-03-13,2025-03-13
ENT-0804838,ACC-10365,CON-070879,LI-0507965,SW-SDC-140,436,2024-03-13,2025-03-13
ENT-0804839,ACC-10366,CON-070880,LI-0507967,SW-ZTN-110,333,2024-03-04,2027-03-04
ENT-0804840,ACC-10366,CON-070880,LI-0507968,SW-SEC-130,198,2024-03-04,2027-03-04
ENT-0804841,ACC-10366,CON-070880,LI-0507970,SW-OBS-130,92,2024-03-04,2027-03-04
ENT-0804842,ACC-10366,CON-070880,LI-0507971,SUP-SIL-DC,3,2024-10-19,2027-03-04
ENT-0804843,ACC-10366,CON-070880,LI-0507972,SUP-BRO-DC,2,2024-12-18,2027-03-04
ENT-0804844,ACC-10366,CON-070881,LI-0507977,SW-SEC-120,275,2024-02-22,2027-02-22
ENT-0804845,ACC-10366,CON-070881,LI-0507978,SUP-BRO-EDGE,3,2024-02-22,2027-02-22
ENT-0804846,ACC-10366,CON-070881,LI-0507980,SW-NOC-140,105,2024-02-22,2027-02-22
ENT-0804847,ACC-10366,CON-070881,LI-0507981,SW-SEC-110,265,2024-02-22,2027-02-22
ENT-0804848,ACC-10366,CON-070881,LI-0507982,SUP-SIL-CORE,2,2024-02-22,2027-02-22
ENT-0804849,ACC-10366,CON-070881,LI-0507983,SUP-PLA-EDGE,1,2024-02-22,2027-02-22
ENT-0804850,ACC-10367,CON-070882,LI-0507984,SUP-SIL-DC,6,2022-10-15,2025-10-15
ENT-0804851,ACC-10367,CON-070882,LI-0507985,SW-OBS-120,256,2022-10-15,2025-10-15
ENT-0804852,ACC-10367,CON-070882,LI-0507986,SW-NOC-110,132,2022-10-15,2025-10-15
ENT-0804853,ACC-10367,CON-070882,LI-0507987,SW-OBS-110,563,2022-10-15,2025-10-15
ENT-0804854,ACC-10367,CON-070882,LI-0507988,SW-OBS-110,439,2022-10-15,2025-10-15
ENT-0804855,ACC-10367,CON-070882,LI-0507989,SUP-GOL-EDGE,3,2022-10-15,2025-10-15
ENT-0804856,ACC-10367,CON-070882,LI-0507991,SUP-BRO-CORE,3,2022-10-15,2025-10-15
ENT-0804857,ACC-10367,CON-070882,LI-0507995,SW-SDC-110,514,2022-10-15,2025-10-15
ENT-0804858,ACC-10367,CON-070882,LI-0507996,SW-NOC-140,225,2022-10-15,2025-10-15
ENT-0804859,ACC-10367,CON-070883,LI-0507999,SW-ZTN-130,603,2024-04-17,2025-04-17
ENT-0804860,ACC-10367,CON-070884,LI-0508005,SUP-BRO-CORE,3,2025-10-17,2030-10-17
ENT-0804861,ACC-10367,CON-070884,LI-0508007,SUP-GOL-DC,1,2025-10-17,2030-10-17
ENT-0804862,ACC-10368,CON-070885,LI-0508010,SW-ZTN-110,179,2024-07-11,2026-07-11
ENT-0804863,ACC-10369,CON-070886,LI-0508014,SW-OBS-140,131,2022-08-03,2025-08-03
ENT-0804864,ACC-10369,CON-070886,LI-0508015,SUP-GOL-CORE,1,2022-08-03,2025-08-03
ENT-0804865,ACC-10369,CON-070886,LI-0508016,SW-SEC-110,153,2022-08-03,2025-08-03
ENT-0804866,ACC-10369,CON-070886,LI-0508018,SW-NOC-120,152,2022-08-03,2025-08-03
ENT-0804867,ACC-10369,CON-070886,LI-0508019,SW-NOC-110,78,2022-08-03,2025-08-03
ENT-0804868,ACC-10369,CON-070886,LI-0508020,SUP-GOL-CORE,1,2022-08-03,2025-08-03
ENT-0804869,ACC-10369,CON-070886,LI-0508021,SW-ZTN-130,203,2022-08-03,2025-08-03
ENT-0804870,ACC-10370,CON-070887,LI-0508023,SW-ZTN-140,135,2022-08-07,2025-08-07
ENT-0804871,ACC-10370,CON-070887,LI-0508025,SW-SDC-110,17,2022-08-07,2025-08-07
ENT-0804872,ACC-10370,CON-070887,LI-0508027,SW-NOC-130,315,2022-08-07,2025-08-07
ENT-0804873,ACC-10371,CON-070888,LI-0508029,SW-ZTN-120,879,2022-06-16,2023-06-16
ENT-0804874,ACC-10371,CON-070889,LI-0508039,SW-NOC-140,68,2023-07-30,2025-07-28
ENT-0804875,ACC-10371,CON-070889,LI-0508041,SW-SDC-130,714,2023-07-30,2025-07-28
ENT-0804876,ACC-10371,CON-070889,LI-0508042,SUP-SIL-EDGE,10,2023-07-30,2025-07-28
ENT-0804877,ACC-10371,CON-070890,LI-0508044,SUP-GOL-DC,2,2022-03-17,2025-03-17
ENT-0804878,ACC-10371,CON-070890,LI-0508045,SUP-BRO-CORE,10,2022-03-17,2025-03-17
ENT-0804879,ACC-10371,CON-070890,LI-0508046,SW-SDC-120,106,2022-03-17,2025-03-17
ENT-0804880,ACC-10371,CON-070890,LI-0508047,SW-OBS-110,896,2024-12-15,2025-03-17
ENT-0804881,ACC-10371,CON-070890,LI-0508050,SUP-SIL-DC,8,2022-03-17,2025-03-17
ENT-0804882,ACC-10371,CON-070890,LI-0508051,SW-SDC-120,661,2022-03-17,2025-03-17
ENT-0804883,ACC-10371,CON-070890,LI-0508052,SW-SEC-140,360,2022-03-17,2025-03-17
ENT-0804884,ACC-10371,CON-070890,LI-0508053,SW-ZTN-110,458,2022-03-17,2025-03-17
ENT-0804885,ACC-10371,CON-070891,LI-0508055,SUP-BRO-CORE,10,2023-04-14,2028-04-14
ENT-0804886,ACC-10371,CON-070891,LI-0508057,SW-OBS-140,375,2023-04-14,2028-04-14
ENT-0804887,ACC-10371,CON-070891,LI-0508058,SUP-BRO-EDGE,6,2023-04-14,2028-04-14
ENT-0804888,ACC-10371,CON-070891,LI-0508059,SW-ZTN-130,851,2023-04-14,2028-04-14
ENT-0804889,ACC-10371,CON-070891,LI-0508061,SW-SDC-110,1039,2023-04-14,2028-04-14
ENT-0804890,ACC-10371,CON-070891,LI-0508062,SW-ZTN-140,703,2023-04-14,2028-04-14
ENT-0804891,ACC-10371,CON-070891,LI-0508063,SUP-GOL-CORE,5,2023-04-14,2028-04-14
ENT-0804892,ACC-10371,CON-070891,LI-0508064,SUP-GOL-CORE,5,2023-04-14,2028-04-14
ENT-0804893,ACC-10371,CON-070891,LI-0508066,SUP-BRO-DC,6,2023-04-14,2028-04-14
ENT-0804894,ACC-10372,CON-070892,LI-0508071,SW-SEC-140,222,2025-09-16,2028-09-16
ENT-0804895,ACC-10372,CON-070892,LI-0508072,SW-NOC-140,377,2025-09-16,2028-09-16
ENT-0804896,ACC-10372,CON-070892,LI-0508073,SUP-GOL-EDGE,5,2025-09-16,2028-09-16
ENT-0804897,ACC-10372,CON-070892,LI-0508074,SUP-GOL-EDGE,1,2025-09-16,2028-09-16
ENT-0804898,ACC-10372,CON-070892,LI-0508075,SW-ZTN-120,496,2025-09-16,2028-09-16
ENT-0804899,ACC-10372,CON-070892,LI-0508077,SUP-BRO-DC,1,2025-09-16,2028-09-16
ENT-0804900,ACC-10372,CON-070892,LI-0508079,SUP-BRO-EDGE,5,2025-09-16,2028-09-16
ENT-0804901,ACC-10372,CON-070892,LI-0508080,SW-ZTN-130,433,2025-09-16,2028-09-16
ENT-0804902,ACC-10372,CON-070893,LI-0508081,SW-ZTN-130,416,2024-03-16,2027-03-16
ENT-0804903,ACC-10372,CON-070893,LI-0508083,SUP-PLA-CORE,4,2024-03-16,2027-03-16
ENT-0804904,ACC-10372,CON-070893,LI-0508084,SUP-BRO-EDGE,2,2024-03-16,2027-03-16
ENT-0804905,ACC-10372,CON-070893,LI-0508085,SUP-SIL-EDGE,3,2024-03-16,2027-03-16
ENT-0804906,ACC-10372,CON-070893,LI-0508086,SW-SDC-140,537,2024-03-16,2027-03-16
ENT-0804907,ACC-10372,CON-070893,LI-0508087,SW-NOC-140,558,2024-03-16,2027-03-16
ENT-0804908,ACC-10373,CON-070894,LI-0508089,SW-NOC-120,422,2023-07-01,2025-11-06
ENT-0804909,ACC-10373,CON-070894,LI-0508090,SW-SDC-110,92,2024-11-17,2025-11-06
ENT-0804910,ACC-10373,CON-070894,LI-0508091,SW-NOC-130,160,2022-11-06,2025-11-06
ENT-0804911,ACC-10373,CON-070895,LI-0508097,SUP-BRO-EDGE,10,2023-04-19,2024-04-19
ENT-0804912,ACC-10373,CON-070895,LI-0508099,SUP-PLA-CORE,8,2023-04-19,2024-04-19
ENT-0804913,ACC-10373,CON-070896,LI-0508101,SUP-SIL-EDGE,4,2024-09-06,2026-09-06
ENT-0804914,ACC-10373,CON-070896,LI-0508102,SUP-SIL-CORE,5,2024-09-06,2026-09-06
ENT-0804915,ACC-10373,CON-070896,LI-0508103,SUP-GOL-CORE,9,2024-09-06,2026-09-06
ENT-0804916,ACC-10373,CON-070897,LI-0508108,SW-NOC-130,656,2024-12-22,2029-12-22
ENT-0804917,ACC-10373,CON-070897,LI-0508109,SW-SDC-110,372,2024-12-22,2029-12-22
ENT-0804918,ACC-10373,CON-070897,LI-0508110,SW-SDC-110,103,2024-12-22,2029-12-22
ENT-0804919,ACC-10373,CON-070897,LI-0508112,SW-SDC-120,341,2024-12-22,2029-12-22
ENT-0804920,ACC-10373,CON-070897,LI-0508115,SW-ZTN-140,734,2024-12-22,2029-12-22
ENT-0804921,ACC-10374,CON-070898,LI-0508119,SW-SDC-110,397,2024-12-28,2027-12-28
ENT-0804922,ACC-10374,CON-070898,LI-0508120,SUP-BRO-DC,5,2024-12-28,2027-12-28
ENT-0804923,ACC-10374,CON-070898,LI-0508121,SW-SEC-140,403,2024-12-28,2027-12-28
ENT-0804924,ACC-10374,CON-070898,LI-0508122,SUP-PLA-EDGE,8,2024-12-28,2027-12-28
ENT-0804925,ACC-10374,CON-070898,LI-0508124,SW-ZTN-140,364,2024-12-28,2027-12-28
ENT-0804926,ACC-10374,CON-070899,LI-0508125,SW-SEC-140,640,2024-12-01,2029-12-01
ENT-0804927,ACC-10374,CON-070899,LI-0508128,SUP-SIL-EDGE,3,2026-07-11,2029-12-01
ENT-0804928,ACC-10374,CON-070899,LI-0508129,SW-NOC-110,522,2024-12-01,2029-12-01
ENT-0804929,ACC-10374,CON-070899,LI-0508130,SW-NOC-110,286,2024-12-01,2029-12-01
ENT-0804930,ACC-10374,CON-070899,LI-0508131,SW-SDC-140,90,2024-12-01,2029-12-01
ENT-0804931,ACC-10374,CON-070899,LI-0508132,SW-OBS-130,604,2024-12-01,2029-12-01
ENT-0804932,ACC-10374,CON-070900,LI-0508133,SW-SDC-140,461,2024-03-06,2026-03-06
ENT-0804933,ACC-10374,CON-070900,LI-0508137,SW-OBS-110,344,2024-03-06,2026-03-06
ENT-0804934,ACC-10375,CON-070901,LI-0508139,SUP-BRO-DC,4,2022-02-16,2024-02-16
ENT-0804935,ACC-10375,CON-070901,LI-0508140,SW-OBS-120,100,2022-02-16,2024-02-16
ENT-0804936,ACC-10375,CON-070901,LI-0508142,SUP-SIL-DC,10,2022-02-16,2024-02-16
ENT-0804937,ACC-10375,CON-070901,LI-0508143,SUP-GOL-CORE,8,2022-02-16,2024-02-16
ENT-0804938,ACC-10375,CON-070901,LI-0508144,SW-SDC-130,618,2022-02-16,2024-02-16
ENT-0804939,ACC-10375,CON-070901,LI-0508145,SUP-SIL-DC,8,2022-02-16,2024-02-16
ENT-0804940,ACC-10375,CON-070902,LI-0508146,SUP-PLA-CORE,3,2022-05-19,2025-05-19
ENT-0804941,ACC-10375,CON-070902,LI-0508147,SUP-GOL-CORE,5,2022-05-19,2025-05-19
ENT-0804942,ACC-10375,CON-070902,LI-0508149,SW-SEC-130,431,2022-05-19,2025-05-19
ENT-0804943,ACC-10375,CON-070902,LI-0508150,SW-SDC-130,37,2022-05-19,2025-05-19
ENT-0804944,ACC-10375,CON-070902,LI-0508152,SUP-SIL-DC,7,2022-05-19,2025-05-19
ENT-0804945,ACC-10375,CON-070902,LI-0508153,SW-SDC-130,473,2022-05-19,2025-05-19
ENT-0804946,ACC-10375,CON-070902,LI-0508154,SW-SEC-120,404,2022-05-19,2025-05-19
ENT-0804947,ACC-10375,CON-070902,LI-0508155,SUP-SIL-CORE,3,2022-05-19,2025-05-19
ENT-0804948,ACC-10375,CON-070902,LI-0508157,SW-OBS-140,439,2022-05-19,2025-05-19
ENT-0804949,ACC-10375,CON-070903,LI-0508159,SUP-SIL-CORE,9,2022-12-07,2025-12-07
ENT-0804950,ACC-10375,CON-070903,LI-0508160,SW-SDC-130,257,2022-12-07,2025-12-07
ENT-0804951,ACC-10375,CON-070903,LI-0508163,SW-SEC-120,686,2022-12-07,2025-12-07
ENT-0804952,ACC-10375,CON-070903,LI-0508165,SUP-SIL-CORE,9,2022-12-07,2025-12-07
ENT-0804953,ACC-10375,CON-070903,LI-0508166,SW-SEC-120,27,2022-12-07,2025-12-07
ENT-0804954,ACC-10375,CON-070903,LI-0508168,SUP-BRO-EDGE,9,2022-12-07,2025-12-07
ENT-0804955,ACC-10375,CON-070903,LI-0508169,SW-ZTN-120,514,2022-12-07,2025-12-07
ENT-0804956,ACC-10375,CON-070903,LI-0508170,SW-NOC-130,479,2022-12-07,2025-12-07
ENT-0804957,ACC-10375,CON-070903,LI-0508171,SUP-BRO-DC,8,2022-12-07,2025-12-07
ENT-0804958,ACC-10376,CON-070904,LI-0508174,SUP-PLA-DC,1,2027-09-15,2030-07-03
ENT-0804959,ACC-10376,CON-070904,LI-0508178,SUP-GOL-EDGE,1,2025-07-03,2030-07-03
ENT-0804960,ACC-10376,CON-070904,LI-0508181,SUP-BRO-DC,1,2025-07-03,2030-07-03
ENT-0804961,ACC-10376,CON-070905,LI-0508184,SW-SEC-110,226,2025-09-01,2030-09-01
ENT-0804962,ACC-10376,CON-070905,LI-0508189,SW-NOC-140,149,2025-09-01,2030-09-01
ENT-0804963,ACC-10376,CON-070905,LI-0508190,SUP-SIL-EDGE,1,2025-09-01,2030-09-01
ENT-0804964,ACC-10376,CON-070905,LI-0508191,SUP-GOL-EDGE,3,2025-09-01,2030-09-01
ENT-0804965,ACC-10376,CON-070905,LI-0508192,SUP-GOL-DC,2,2025-09-01,2030-09-01
ENT-0804966,ACC-10376,CON-070905,LI-0508193,SUP-SIL-CORE,1,2025-09-01,2030-09-01
ENT-0804967,ACC-10377,CON-070906,LI-0508194,SUP-GOL-EDGE,2,2022-05-12,2025-05-12
ENT-0804968,ACC-10377,CON-070907,LI-0508198,SW-SDC-140,629,2025-09-05,2026-09-05
ENT-0804969,ACC-10377,CON-070907,LI-0508199,SUP-PLA-EDGE,9,2025-09-05,2026-09-05
ENT-0804970,ACC-10377,CON-070907,LI-0508200,SW-SEC-120,789,2025-12-07,2026-09-05
ENT-0804971,ACC-10377,CON-070907,LI-0508201,SW-OBS-120,175,2025-09-05,2026-09-05
ENT-0804972,ACC-10377,CON-070907,LI-0508202,SW-NOC-110,499,2025-09-05,2026-09-05
ENT-0804973,ACC-10377,CON-070908,LI-0508203,SW-NOC-140,1103,2025-12-15,2026-12-15
ENT-0804974,ACC-10377,CON-070908,LI-0508204,SW-SEC-130,214,2025-12-15,2026-12-15
ENT-0804975,ACC-10377,CON-070908,LI-0508205,SW-SEC-120,1070,2025-12-15,2026-12-15
ENT-0804976,ACC-10377,CON-070908,LI-0508206,SW-SEC-120,1055,2025-12-15,2026-12-15
ENT-0804977,ACC-10377,CON-070908,LI-0508207,SUP-BRO-DC,4,2025-12-15,2026-12-15
ENT-0804978,ACC-10377,CON-070908,LI-0508208,SW-ZTN-120,105,2025-12-15,2026-12-15
ENT-0804979,ACC-10377,CON-070908,LI-0508209,SW-ZTN-120,316,2025-12-15,2026-12-15
ENT-0804980,ACC-10377,CON-070908,LI-0508212,SUP-PLA-DC,7,2025-12-15,2026-12-15
ENT-0804981,ACC-10378,CON-070909,LI-0508213,SW-ZTN-140,514,2026-04-04,2028-10-17
ENT-0804982,ACC-10378,CON-070909,LI-0508214,SW-NOC-130,185,2025-10-17,2028-10-17
ENT-0804983,ACC-10378,CON-070909,LI-0508217,SUP-PLA-DC,11,2025-10-17,2028-10-17
ENT-0804984,ACC-10378,CON-070910,LI-0508221,SUP-SIL-DC,11,2022-02-08,2027-02-08
ENT-0804985,ACC-10378,CON-070910,LI-0508222,SW-ZTN-110,41,2022-02-08,2027-02-08
ENT-0804986,ACC-10378,CON-070910,LI-0508223,SUP-PLA-EDGE,10,2022-02-08,2027-02-08
ENT-0804987,ACC-10378,CON-070910,LI-0508224,SUP-GOL-DC,9,2022-02-08,2027-02-08
ENT-0804988,ACC-10378,CON-070910,LI-0508226,SUP-BRO-DC,3,2022-02-08,2027-02-08
ENT-0804989,ACC-10378,CON-070911,LI-0508228,SW-ZTN-140,272,2028-03-02,2028-12-09
ENT-0804990,ACC-10378,CON-070911,LI-0508229,SUP-SIL-DC,12,2025-12-09,2028-12-09
ENT-0804991,ACC-10378,CON-070911,LI-0508230,SW-OBS-130,622,2025-12-09,2028-12-09
ENT-0804992,ACC-10378,CON-070911,LI-0508231,SW-ZTN-140,149,2025-12-09,2028-12-09
ENT-0804993,ACC-10378,CON-070911,LI-0508232,SW-SEC-130,627,2025-12-09,2028-12-09
ENT-0804994,ACC-10379,CON-070912,LI-0508236,SUP-GOL-DC,7,2024-03-07,2027-03-07
ENT-0804995,ACC-10379,CON-070912,LI-0508237,SW-OBS-140,444,2024-03-07,2027-03-07
ENT-0804996,ACC-10379,CON-070912,LI-0508238,SUP-BRO-EDGE,1,2024-03-07,2027-03-07
ENT-0804997,ACC-10379,CON-070912,LI-0508239,SUP-PLA-CORE,2,2024-03-07,2027-03-07
ENT-0804998,ACC-10379,CON-070913,LI-0508241,SW-ZTN-110,176,2025-12-23,2028-12-23
ENT-0804999,ACC-10379,CON-070913,LI-0508244,SW-ZTN-130,433,2025-12-23,2028-12-23
ENT-0805000,ACC-10379,CON-070913,LI-0508245,SUP-PLA-DC,3,2028-09-20,2028-12-23
ENT-0805001,ACC-10379,CON-070913,LI-0508248,SW-SEC-140,605,2025-12-23,2028-12-23
ENT-0805002,ACC-10379,CON-070913,LI-0508249,SUP-PLA-EDGE,6,2025-12-23,2028-12-23
ENT-0805003,ACC-10379,CON-070913,LI-0508250,SW-ZTN-140,120,2025-12-23,2028-12-23
ENT-0805004,ACC-10379,CON-070914,LI-0508252,SUP-GOL-DC,6,2023-03-28,2026-03-28
ENT-0805005,ACC-10379,CON-070914,LI-0508253,SUP-GOL-DC,4,2023-03-28,2026-03-28
ENT-0805006,ACC-10379,CON-070914,LI-0508257,SUP-SIL-CORE,3,2023-03-28,2026-03-28
ENT-0805007,ACC-10379,CON-070914,LI-0508258,SUP-GOL-CORE,5,2023-03-28,2026-03-28
ENT-0805008,ACC-10379,CON-070915,LI-0508260,SW-ZTN-130,247,2025-03-10,2026-03-10
ENT-0805009,ACC-10379,CON-070915,LI-0508261,SW-ZTN-140,603,2025-03-10,2026-03-10
ENT-0805010,ACC-10380,CON-070916,LI-0508264,SUP-BRO-DC,6,2022-03-30,2027-03-28
ENT-0805011,ACC-10380,CON-070916,LI-0508265,SW-OBS-130,291,2022-03-30,2027-03-28
ENT-0805012,ACC-10380,CON-070916,LI-0508266,SUP-SIL-CORE,7,2022-03-30,2027-03-28
ENT-0805013,ACC-10380,CON-070916,LI-0508267,SUP-PLA-EDGE,1,2022-03-30,2027-03-28
ENT-0805014,ACC-10380,CON-070916,LI-0508268,SW-NOC-110,715,2022-03-30,2027-03-28
ENT-0805015,ACC-10380,CON-070916,LI-0508270,SW-ZTN-110,220,2022-03-30,2027-03-28
ENT-0805016,ACC-10380,CON-070916,LI-0508271,SW-ZTN-110,333,2022-03-30,2027-03-28
ENT-0805017,ACC-10380,CON-070916,LI-0508272,SW-ZTN-130,721,2026-12-17,2027-03-28
ENT-0805018,ACC-10380,CON-070916,LI-0508273,SW-ZTN-140,686,2022-03-30,2027-03-28
ENT-0805019,ACC-10380,CON-070917,LI-0508274,SUP-GOL-DC,3,2023-10-06,2024-10-06
ENT-0805020,ACC-10380,CON-070917,LI-0508277,SW-ZTN-110,314,2023-10-06,2024-10-06
ENT-0805021,ACC-10380,CON-070917,LI-0508278,SW-SEC-130,311,2023-10-06,2024-10-06
ENT-0805022,ACC-10380,CON-070917,LI-0508279,SW-SDC-140,677,2023-10-06,2024-10-06
ENT-0805023,ACC-10380,CON-070917,LI-0508280,SUP-GOL-CORE,1,2023-10-06,2024-10-06
ENT-0805024,ACC-10380,CON-070917,LI-0508283,SUP-PLA-CORE,3,2023-10-06,2024-10-06
ENT-0805025,ACC-10380,CON-070917,LI-0508284,SUP-BRO-EDGE,1,2023-10-06,2024-10-06
ENT-0805026,ACC-10380,CON-070918,LI-0508286,SUP-PLA-DC,8,2025-04-10,2030-04-10
ENT-0805027,ACC-10381,CON-070919,LI-0508292,SUP-SIL-EDGE,4,2025-10-31,2028-10-28
ENT-0805028,ACC-10381,CON-070919,LI-0508293,SW-OBS-130,111,2025-10-31,2028-10-28
ENT-0805029,ACC-10381,CON-070919,LI-0508294,SUP-GOL-CORE,2,2025-10-31,2028-10-28
ENT-0805030,ACC-10381,CON-070919,LI-0508296,SUP-BRO-DC,3,2025-10-31,2028-10-28
ENT-0805031,ACC-10381,CON-070919,LI-0508297,SW-SDC-140,77,2025-10-31,2028-10-28
ENT-0805032,ACC-10381,CON-070919,LI-0508298,SW-ZTN-140,276,2025-10-31,2028-10-28
ENT-0805033,ACC-10381,CON-070919,LI-0508300,SW-OBS-130,306,2025-10-31,2028-10-28
ENT-0805034,ACC-10382,CON-070920,LI-0508301,SUP-BRO-EDGE,5,2022-11-01,2024-11-01
ENT-0805035,ACC-10382,CON-070920,LI-0508303,SW-OBS-120,223,2022-11-01,2024-11-01
ENT-0805036,ACC-10383,CON-070921,LI-0508307,SUP-PLA-DC,1,2022-08-09,2023-08-09
ENT-0805037,ACC-10383,CON-070921,LI-0508308,SW-OBS-130,72,2022-08-09,2023-08-09
ENT-0805038,ACC-10383,CON-070921,LI-0508309,SW-SDC-110,170,2022-08-09,2023-08-09
ENT-0805039,ACC-10383,CON-070921,LI-0508310,SW-SEC-120,233,2022-08-09,2023-08-09
ENT-0805040,ACC-10383,CON-070922,LI-0508312,SW-OBS-140,366,2023-08-30,2025-08-28
ENT-0805041,ACC-10383,CON-070922,LI-0508313,SUP-SIL-CORE,7,2023-08-30,2025-08-28
ENT-0805042,ACC-10383,CON-070922,LI-0508316,SW-OBS-130,607,2025-03-22,2025-08-28
ENT-0805043,ACC-10383,CON-070922,LI-0508318,SW-OBS-120,322,2023-08-30,2025-08-28
ENT-0805044,ACC-10383,CON-070922,LI-0508319,SUP-BRO-DC,10,2023-08-30,2025-08-28
ENT-0805045,ACC-10383,CON-070922,LI-0508320,SUP-SIL-EDGE,13,2023-08-30,2025-08-28
ENT-0805046,ACC-10383,CON-070922,LI-0508321,SW-NOC-120,385,2023-08-30,2025-08-28
ENT-0805047,ACC-10383,CON-070922,LI-0508323,SW-SEC-140,569,2023-08-30,2025-08-28
ENT-0805048,ACC-10384,CON-070923,LI-0508326,SW-OBS-130,534,2025-05-23,2026-02-26
ENT-0805049,ACC-10384,CON-070923,LI-0508327,SW-SDC-130,480,2025-10-08,2026-02-26
ENT-0805050,ACC-10384,CON-070924,LI-0508328,SUP-PLA-CORE,1,2022-05-18,2025-05-18
ENT-0805051,ACC-10384,CON-070924,LI-0508329,SUP-BRO-EDGE,2,2022-05-18,2025-05-18
ENT-0805052,ACC-10384,CON-070924,LI-0508330,SUP-SIL-EDGE,3,2022-05-18,2025-05-18
ENT-0805053,ACC-10384,CON-070924,LI-0508331,SUP-BRO-EDGE,5,2022-05-18,2025-05-18
ENT-0805054,ACC-10384,CON-070924,LI-0508333,SW-SDC-110,157,2022-05-18,2025-05-18
ENT-0805055,ACC-10384,CON-070924,LI-0508334,SUP-GOL-DC,2,2022-05-18,2025-05-18
ENT-0805056,ACC-10384,CON-070924,LI-0508335,SW-SEC-140,467,2022-05-18,2025-05-18
ENT-0805057,ACC-10384,CON-070924,LI-0508336,SUP-BRO-CORE,7,2022-05-18,2025-05-18
ENT-0805058,ACC-10385,CON-070925,LI-0508337,SW-SEC-140,40,2022-01-06,2027-01-06
ENT-0805059,ACC-10385,CON-070925,LI-0508339,SUP-BRO-EDGE,1,2022-01-06,2027-01-06
ENT-0805060,ACC-10385,CON-070925,LI-0508341,SUP-PLA-CORE,6,2022-01-06,2027-01-06
ENT-0805061,ACC-10385,CON-070925,LI-0508342,SUP-SIL-CORE,2,2022-01-06,2027-01-06
ENT-0805062,ACC-10385,CON-070925,LI-0508345,SW-ZTN-120,468,2022-01-06,2027-01-06
ENT-0805063,ACC-10385,CON-070926,LI-0508346,SW-SDC-110,182,2022-10-25,2025-10-25
ENT-0805064,ACC-10385,CON-070926,LI-0508347,SW-ZTN-110,600,2022-10-25,2025-10-25
ENT-0805065,ACC-10385,CON-070927,LI-0508351,SUP-GOL-DC,8,2023-08-20,2025-08-20
ENT-0805066,ACC-10385,CON-070927,LI-0508354,SW-NOC-110,561,2023-08-20,2025-08-20
ENT-0805067,ACC-10385,CON-070927,LI-0508355,SUP-SIL-CORE,6,2023-08-20,2025-08-20
ENT-0805068,ACC-10385,CON-070927,LI-0508356,SW-OBS-110,306,2023-08-20,2025-08-20
ENT-0805069,ACC-10385,CON-070927,LI-0508357,SW-SDC-130,201,2023-08-20,2025-08-20
ENT-0805070,ACC-10385,CON-070928,LI-0508358,SW-ZTN-120,469,2024-08-19,2026-08-19
ENT-0805071,ACC-10385,CON-070928,LI-0508359,SW-SDC-130,22,2024-08-19,2026-08-19
ENT-0805072,ACC-10385,CON-070928,LI-0508360,SW-ZTN-140,248,2024-08-19,2026-08-19
ENT-0805073,ACC-10385,CON-070928,LI-0508361,SW-SDC-140,411,2024-08-19,2026-08-19
ENT-0805074,ACC-10385,CON-070928,LI-0508362,SUP-BRO-EDGE,5,2024-08-19,2026-08-19
ENT-0805075,ACC-10385,CON-070928,LI-0508363,SUP-PLA-EDGE,7,2024-08-19,2026-08-19
ENT-0805076,ACC-10386,CON-070929,LI-0508370,SW-SDC-140,43,2024-06-15,2025-06-15
ENT-0805077,ACC-10386,CON-070929,LI-0508371,SUP-GOL-EDGE,1,2024-06-15,2025-06-15
ENT-0805078,ACC-10386,CON-070930,LI-0508373,SUP-GOL-EDGE,2,2025-08-06,2027-08-06
ENT-0805079,ACC-10386,CON-070930,LI-0508374,SUP-PLA-EDGE,2,2025-08-06,2027-08-06
ENT-0805080,ACC-10386,CON-070930,LI-0508376,SW-SEC-130,64,2025-08-06,2027-08-06
ENT-0805081,ACC-10386,CON-070930,LI-0508377,SW-OBS-110,69,2025-08-06,2027-08-06
ENT-0805082,ACC-10386,CON-070930,LI-0508379,SW-OBS-110,47,2025-08-06,2027-08-06
ENT-0805083,ACC-10386,CON-070930,LI-0508380,SW-NOC-110,47,2025-08-06,2027-08-06
ENT-0805084,ACC-10387,CON-070931,LI-0508383,SW-SDC-110,562,2025-11-18,2028-11-18
ENT-0805085,ACC-10387,CON-070931,LI-0508384,SUP-BRO-CORE,6,2025-11-18,2028-11-18
ENT-0805086,ACC-10387,CON-070931,LI-0508385,SUP-GOL-CORE,8,2025-11-18,2028-11-18
ENT-0805087,ACC-10387,CON-070931,LI-0508386,SW-NOC-120,546,2025-11-18,2028-11-18
ENT-0805088,ACC-10387,CON-070931,LI-0508388,SW-SDC-120,631,2025-11-18,2028-11-18
ENT-0805089,ACC-10387,CON-070931,LI-0508389,SW-SDC-130,684,2025-11-18,2028-11-18
ENT-0805090,ACC-10387,CON-070931,LI-0508390,SUP-PLA-DC,3,2025-11-18,2028-11-18
ENT-0805091,ACC-10387,CON-070931,LI-0508392,SW-NOC-120,387,2025-11-18,2028-11-18
ENT-0805092,ACC-10387,CON-070931,LI-0508393,SUP-BRO-CORE,1,2025-11-18,2028-11-18
ENT-0805093,ACC-10387,CON-070931,LI-0508394,SW-ZTN-130,26,2027-05-12,2028-11-18
ENT-0805094,ACC-10387,CON-070932,LI-0508395,SW-OBS-140,57,2024-10-13,2027-10-13
ENT-0805095,ACC-10387,CON-070932,LI-0508396,SW-NOC-110,437,2025-12-03,2027-10-13
ENT-0805096,ACC-10387,CON-070932,LI-0508399,SW-ZTN-140,219,2024-12-24,2027-10-13
ENT-0805097,ACC-10387,CON-070932,LI-0508401,SW-SDC-140,428,2024-10-13,2027-10-13
ENT-0805098,ACC-10387,CON-070932,LI-0508402,SUP-PLA-EDGE,8,2024-10-13,2027-10-13
ENT-0805099,ACC-10387,CON-070932,LI-0508403,SUP-GOL-CORE,6,2024-10-13,2027-10-13
ENT-0805100,ACC-10387,CON-070932,LI-0508405,SW-SDC-130,851,2024-10-13,2027-10-13
ENT-0805101,ACC-10387,CON-070932,LI-0508406,SW-SEC-120,408,2024-10-13,2027-10-13
ENT-0805102,ACC-10388,CON-070933,LI-0508408,SUP-SIL-CORE,1,2022-06-20,2023-06-20
ENT-0805103,ACC-10388,CON-070933,LI-0508410,SW-SEC-130,88,2022-06-20,2023-06-20
ENT-0805104,ACC-10389,CON-070934,LI-0508413,SUP-PLA-DC,9,2025-11-07,2026-11-07
ENT-0805105,ACC-10389,CON-070934,LI-0508415,SUP-GOL-CORE,2,2025-11-07,2026-11-07
ENT-0805106,ACC-10389,CON-070934,LI-0508416,SUP-GOL-CORE,6,2025-11-07,2026-11-07
ENT-0805107,ACC-10389,CON-070934,LI-0508417,SW-NOC-120,512,2025-11-07,2026-11-07
ENT-0805108,ACC-10389,CON-070934,LI-0508418,SUP-PLA-EDGE,9,2025-11-07,2026-11-07
ENT-0805109,ACC-10389,CON-070934,LI-0508421,SW-SEC-130,478,2025-11-07,2026-11-07
ENT-0805110,ACC-10389,CON-070934,LI-0508422,SW-SEC-120,407,2025-11-07,2026-11-07
ENT-0805111,ACC-10389,CON-070934,LI-0508424,SUP-SIL-DC,1,2025-11-07,2026-11-07
ENT-0805112,ACC-10389,CON-070935,LI-0508425,SW-OBS-140,354,2023-01-10,2024-01-10
ENT-0805113,ACC-10389,CON-070935,LI-0508429,SUP-PLA-DC,2,2023-01-10,2024-01-10
ENT-0805114,ACC-10389,CON-070935,LI-0508432,SW-SEC-120,133,2023-01-10,2024-01-10
ENT-0805115,ACC-10389,CON-070936,LI-0508433,SW-NOC-120,903,2025-09-25,2027-09-25
ENT-0805116,ACC-10389,CON-070936,LI-0508434,SUP-PLA-DC,5,2025-09-25,2027-09-25
ENT-0805117,ACC-10389,CON-070936,LI-0508436,SW-NOC-120,237,2025-09-25,2027-09-25
ENT-0805118,ACC-10389,CON-070936,LI-0508438,SUP-PLA-EDGE,10,2025-09-25,2027-09-25
ENT-0805119,ACC-10389,CON-070936,LI-0508439,SW-SEC-110,42,2025-09-25,2027-09-25
ENT-0805120,ACC-10390,CON-070937,LI-0508440,SW-ZTN-120,175,2024-11-24,2026-11-24
ENT-0805121,ACC-10390,CON-070937,LI-0508441,SW-SEC-110,122,2024-11-24,2026-11-24
ENT-0805122,ACC-10390,CON-070937,LI-0508442,SUP-SIL-CORE,10,2024-11-24,2026-11-24
ENT-0805123,ACC-10390,CON-070937,LI-0508443,SW-OBS-110,880,2024-11-24,2026-11-24
ENT-0805124,ACC-10390,CON-070937,LI-0508445,SW-NOC-110,442,2024-11-24,2026-11-24
ENT-0805125,ACC-10390,CON-070937,LI-0508446,SUP-SIL-EDGE,10,2024-11-24,2026-11-24
ENT-0805126,ACC-10390,CON-070937,LI-0508448,SUP-SIL-CORE,10,2024-11-24,2026-11-24
ENT-0805127,ACC-10390,CON-070937,LI-0508450,SW-NOC-130,670,2024-11-24,2026-11-24
ENT-0805128,ACC-10390,CON-070938,LI-0508452,SUP-BRO-DC,9,2023-07-10,2026-07-10
ENT-0805129,ACC-10390,CON-070938,LI-0508453,SUP-GOL-EDGE,13,2023-07-10,2026-07-10
ENT-0805130,ACC-10390,CON-070938,LI-0508454,SUP-GOL-DC,13,2023-07-10,2026-07-10
ENT-0805131,ACC-10390,CON-070938,LI-0508456,SW-SDC-140,492,2023-07-10,2026-07-10
ENT-0805132,ACC-10390,CON-070938,LI-0508457,SW-OBS-130,746,2023-07-10,2026-07-10
ENT-0805133,ACC-10390,CON-070938,LI-0508458,SUP-GOL-CORE,6,2023-07-10,2026-07-10
ENT-0805134,ACC-10391,CON-070939,LI-0508463,SW-NOC-130,1104,2023-03-13,2026-03-13
ENT-0805135,ACC-10391,CON-070939,LI-0508465,SW-ZTN-110,958,2023-10-15,2026-03-13
ENT-0805136,ACC-10391,CON-070939,LI-0508468,SW-SDC-120,1136,2023-03-13,2026-03-13
ENT-0805137,ACC-10391,CON-070940,LI-0508470,SW-SDC-110,244,2024-04-18,2026-04-18
ENT-0805138,ACC-10391,CON-070940,LI-0508472,SUP-GOL-CORE,1,2024-04-18,2026-04-18
ENT-0805139,ACC-10391,CON-070940,LI-0508473,SW-OBS-130,974,2024-04-18,2026-04-18
ENT-0805140,ACC-10391,CON-070940,LI-0508475,SUP-SIL-EDGE,2,2024-04-18,2026-04-18
ENT-0805141,ACC-10391,CON-070940,LI-0508476,SUP-BRO-DC,4,2024-04-18,2026-04-18
ENT-0805142,ACC-10391,CON-070940,LI-0508477,SW-OBS-120,406,2024-04-18,2026-04-18
ENT-0805143,ACC-10391,CON-070940,LI-0508478,SUP-SIL-EDGE,11,2024-04-18,2026-04-18
ENT-0805144,ACC-10391,CON-070940,LI-0508479,SUP-BRO-DC,11,2024-04-18,2026-04-18
ENT-0805145,ACC-10391,CON-070940,LI-0508480,SW-SDC-120,1007,2024-04-18,2026-04-18
ENT-0805146,ACC-10391,CON-070940,LI-0508481,SW-OBS-120,492,2024-04-18,2026-04-18
ENT-0805147,ACC-10391,CON-070941,LI-0508482,SW-SEC-110,992,2022-05-09,2023-05-09
ENT-0805148,ACC-10391,CON-070941,LI-0508483,SW-ZTN-120,1104,2022-11-24,2023-05-09
ENT-0805149,ACC-10391,CON-070941,LI-0508486,SW-SDC-120,155,2022-05-09,2023-05-09
ENT-0805150,ACC-10391,CON-070942,LI-0508487,SUP-GOL-DC,10,2024-11-11,2025-11-11
ENT-0805151,ACC-10391,CON-070942,LI-0508488,SUP-SIL-DC,10,2024-11-11,2025-11-11
ENT-0805152,ACC-10391,CON-070942,LI-0508490,SW-NOC-110,289,2024-11-11,2025-11-11
ENT-0805153,ACC-10391,CON-070942,LI-0508492,SW-OBS-130,249,2024-11-11,2025-11-11
ENT-0805154,ACC-10391,CON-070942,LI-0508494,SUP-GOL-DC,10,2024-11-11,2025-11-11
ENT-0805155,ACC-10391,CON-070942,LI-0508495,SW-NOC-120,519,2024-11-11,2025-11-11
ENT-0805156,ACC-10392,CON-070943,LI-0508496,SUP-PLA-DC,3,2024-10-24,2025-10-24
ENT-0805157,ACC-10392,CON-070943,LI-0508499,SW-SEC-140,277,2024-10-24,2025-10-24
ENT-0805158,ACC-10392,CON-070944,LI-0508505,SUP-PLA-DC,3,2022-11-23,2023-11-23
ENT-0805159,ACC-10393,CON-070945,LI-0508511,SUP-GOL-CORE,2,2023-11-24,2026-11-24
ENT-0805160,ACC-10393,CON-070946,LI-0508514,SW-SDC-140,344,2025-09-25,2026-09-25
ENT-0805161,ACC-10393,CON-070946,LI-0508515,SW-SDC-120,254,2025-09-25,2026-09-25
ENT-0805162,ACC-10393,CON-070946,LI-0508518,SUP-PLA-DC,1,2026-02-16,2026-09-25
ENT-0805163,ACC-10393,CON-070946,LI-0508520,SW-OBS-140,942,2025-09-25,2026-09-25
ENT-0805164,ACC-10393,CON-070946,LI-0508521,SW-SEC-130,109,2025-09-25,2026-09-25
ENT-0805165,ACC-10393,CON-070947,LI-0508524,SW-SEC-120,359,2024-04-30,2025-02-16
ENT-0805166,ACC-10393,CON-070947,LI-0508525,SUP-BRO-DC,7,2022-02-16,2025-02-16
ENT-0805167,ACC-10393,CON-070947,LI-0508526,SW-OBS-120,561,2022-02-16,2025-02-16
ENT-0805168,ACC-10393,CON-070947,LI-0508527,SUP-PLA-DC,5,2022-02-16,2025-02-16
ENT-0805169,ACC-10393,CON-070948,LI-0508533,SW-SDC-130,331,2025-04-10,2026-04-10
ENT-0805170,ACC-10393,CON-070948,LI-0508534,SW-OBS-130,522,2025-04-10,2026-04-10
ENT-0805171,ACC-10393,CON-070948,LI-0508535,SUP-SIL-CORE,6,2025-04-10,2026-04-10
ENT-0805172,ACC-10393,CON-070948,LI-0508536,SUP-SIL-CORE,8,2025-04-10,2026-04-10
ENT-0805173,ACC-10393,CON-070948,LI-0508537,SW-SEC-140,299,2025-04-10,2026-04-10
ENT-0805174,ACC-10393,CON-070948,LI-0508538,SUP-BRO-DC,12,2025-04-10,2026-04-10
ENT-0805175,ACC-10393,CON-070948,LI-0508540,SUP-SIL-DC,7,2025-04-10,2026-04-10
ENT-0805176,ACC-10393,CON-070948,LI-0508541,SUP-PLA-DC,10,2025-11-24,2026-04-10
ENT-0805177,ACC-10394,CON-070949,LI-0508542,SW-ZTN-130,784,2023-06-21,2024-06-21
ENT-0805178,ACC-10394,CON-070949,LI-0508543,SW-OBS-110,233,2023-06-21,2024-06-21
ENT-0805179,ACC-10394,CON-070949,LI-0508545,SUP-BRO-EDGE,11,2023-06-21,2024-06-21
ENT-0805180,ACC-10394,CON-070949,LI-0508547,SUP-PLA-DC,1,2023-06-21,2024-06-21
ENT-0805181,ACC-10394,CON-070949,LI-0508548,SW-SEC-140,762,2023-06-21,2024-06-21
ENT-0805182,ACC-10394,CON-070949,LI-0508549,SW-NOC-140,337,2023-06-21,2024-06-21
ENT-0805183,ACC-10394,CON-070949,LI-0508550,SUP-GOL-DC,9,2023-06-21,2024-06-21
ENT-0805184,ACC-10394,CON-070950,LI-0508551,SUP-SIL-DC,8,2023-04-04,2025-04-04
ENT-0805185,ACC-10394,CON-070950,LI-0508552,SUP-BRO-EDGE,7,2023-04-04,2025-04-04
ENT-0805186,ACC-10394,CON-070950,LI-0508553,SW-ZTN-120,126,2023-06-20,2025-04-04
ENT-0805187,ACC-10394,CON-070950,LI-0508555,SW-SEC-130,293,2023-04-04,2025-04-04
ENT-0805188,ACC-10394,CON-070950,LI-0508556,SW-SEC-130,444,2023-04-04,2025-04-04
ENT-0805189,ACC-10395,CON-070951,LI-0508558,SW-SDC-110,524,2022-05-26,2024-05-26
ENT-0805190,ACC-10395,CON-070951,LI-0508559,SW-ZTN-140,526,2022-05-26,2024-05-26
ENT-0805191,ACC-10395,CON-070951,LI-0508562,SUP-SIL-DC,13,2022-05-26,2024-05-26
ENT-0805192,ACC-10395,CON-070951,LI-0508565,SW-SEC-140,957,2022-05-26,2024-05-26
ENT-0805193,ACC-10395,CON-070951,LI-0508566,SW-SEC-110,789,2022-05-26,2024-05-26
ENT-0805194,ACC-10395,CON-070952,LI-0508567,SW-OBS-140,417,2023-09-08,2026-09-08
ENT-0805195,ACC-10395,CON-070952,LI-0508569,SW-SEC-120,960,2023-09-08,2026-09-08
ENT-0805196,ACC-10395,CON-070952,LI-0508570,SUP-PLA-DC,7,2023-09-08,2026-09-08
ENT-0805197,ACC-10395,CON-070952,LI-0508571,SUP-BRO-EDGE,10,2023-09-08,2026-09-08
ENT-0805198,ACC-10395,CON-070952,LI-0508573,SUP-BRO-CORE,9,2023-09-08,2026-09-08
ENT-0805199,ACC-10395,CON-070952,LI-0508575,SW-SEC-120,156,2023-09-08,2026-09-08
ENT-0805200,ACC-10395,CON-070952,LI-0508576,SUP-SIL-DC,10,2023-09-08,2026-09-08
ENT-0805201,ACC-10395,CON-070952,LI-0508577,SUP-SIL-CORE,7,2023-09-08,2026-09-08
ENT-0805202,ACC-10395,CON-070952,LI-0508578,SW-SEC-130,86,2023-09-08,2026-09-08
ENT-0805203,ACC-10395,CON-070953,LI-0508583,SW-SEC-140,264,2024-02-29,2026-02-28
ENT-0805204,ACC-10395,CON-070953,LI-0508584,SUP-BRO-CORE,3,2024-02-29,2026-02-28
ENT-0805205,ACC-10395,CON-070953,LI-0508585,SW-OBS-120,416,2024-10-23,2026-02-28
ENT-0805206,ACC-10395,CON-070953,LI-0508586,SUP-PLA-EDGE,5,2024-02-29,2026-02-28
ENT-0805207,ACC-10395,CON-070953,LI-0508587,SUP-GOL-EDGE,5,2024-02-29,2026-02-28
ENT-0805208,ACC-10395,CON-070953,LI-0508591,SW-SEC-120,508,2024-02-29,2026-02-28
ENT-0805209,ACC-10395,CON-070954,LI-0508592,SW-OBS-120,675,2022-05-06,2023-05-06
ENT-0805210,ACC-10396,CON-070955,LI-0508596,SW-OBS-110,216,2023-09-12,2024-09-12
ENT-0805211,ACC-10396,CON-070955,LI-0508597,SW-SDC-140,38,2023-09-12,2024-09-12
ENT-0805212,ACC-10396,CON-070955,LI-0508598,SUP-PLA-EDGE,4,2023-09-12,2024-09-12
ENT-0805213,ACC-10396,CON-070955,LI-0508599,SW-SEC-120,199,2023-09-12,2024-09-12
ENT-0805214,ACC-10397,CON-070956,LI-0508603,SUP-GOL-DC,1,2025-11-26,2028-11-26
ENT-0805215,ACC-10397,CON-070956,LI-0508604,SW-NOC-120,72,2025-11-26,2028-11-26
ENT-0805216,ACC-10397,CON-070956,LI-0508605,SW-OBS-120,364,2027-10-19,2028-11-26
ENT-0805217,ACC-10397,CON-070956,LI-0508606,SW-ZTN-110,390,2027-08-06,2028-11-26
ENT-0805218,ACC-10397,CON-070956,LI-0508607,SW-ZTN-110,459,2025-11-26,2028-11-26
ENT-0805219,ACC-10397,CON-070956,LI-0508608,SUP-GOL-EDGE,4,2025-11-26,2028-11-26
ENT-0805220,ACC-10397,CON-070956,LI-0508609,SUP-SIL-DC,1,2025-11-26,2028-11-26
ENT-0805221,ACC-10398,CON-070957,LI-0508610,SUP-SIL-EDGE,4,2022-11-12,2023-11-12
ENT-0805222,ACC-10398,CON-070957,LI-0508611,SUP-GOL-DC,2,2022-11-12,2023-11-12
ENT-0805223,ACC-10398,CON-070957,LI-0508612,SW-SEC-110,192,2022-11-12,2023-11-12
ENT-0805224,ACC-10398,CON-070957,LI-0508616,SW-SEC-130,533,2022-11-12,2023-11-12
ENT-0805225,ACC-10398,CON-070958,LI-0508617,SW-OBS-120,44,2024-11-02,2027-11-02
ENT-0805226,ACC-10398,CON-070958,LI-0508619,SW-SEC-130,136,2027-06-28,2027-11-02
ENT-0805227,ACC-10398,CON-070958,LI-0508620,SW-SEC-140,220,2024-11-02,2027-11-02
ENT-0805228,ACC-10398,CON-070958,LI-0508621,SW-OBS-110,459,2024-11-02,2027-11-02
ENT-0805229,ACC-10398,CON-070958,LI-0508622,SUP-BRO-EDGE,5,2024-11-02,2027-11-02
ENT-0805230,ACC-10398,CON-070958,LI-0508623,SW-ZTN-110,372,2024-11-02,2027-11-02
ENT-0805231,ACC-10398,CON-070958,LI-0508626,SUP-PLA-DC,2,2024-11-02,2027-11-02
ENT-0805232,ACC-10398,CON-070958,LI-0508627,SW-SDC-130,131,2024-11-02,2027-11-02
ENT-0805233,ACC-10398,CON-070959,LI-0508628,SW-SEC-130,512,2023-03-04,2026-03-04
ENT-0805234,ACC-10398,CON-070959,LI-0508629,SW-ZTN-110,561,2023-03-04,2026-03-04
ENT-0805235,ACC-10398,CON-070960,LI-0508633,SUP-PLA-EDGE,3,2023-02-26,2028-02-26
ENT-0805236,ACC-10398,CON-070960,LI-0508636,SUP-BRO-DC,2,2023-02-26,2028-02-26
ENT-0805237,ACC-10398,CON-070960,LI-0508637,SUP-GOL-CORE,1,2023-12-04,2028-02-26
ENT-0805238,ACC-10398,CON-070960,LI-0508638,SW-OBS-130,408,2023-02-26,2028-02-26
ENT-0805239,ACC-10398,CON-070960,LI-0508639,SUP-BRO-EDGE,7,2023-02-26,2028-02-26
ENT-0805240,ACC-10398,CON-070960,LI-0508641,SUP-GOL-DC,5,2023-02-26,2028-02-26
ENT-0805241,ACC-10399,CON-070961,LI-0508644,SUP-SIL-EDGE,13,2024-04-11,2027-04-11
ENT-0805242,ACC-10399,CON-070961,LI-0508646,SUP-SIL-DC,13,2024-04-11,2027-04-11
ENT-0805243,ACC-10399,CON-070961,LI-0508647,SW-ZTN-130,727,2024-04-11,2027-04-11
ENT-0805244,ACC-10399,CON-070961,LI-0508649,SUP-PLA-DC,4,2024-04-11,2027-04-11
ENT-0805245,ACC-10399,CON-070961,LI-0508650,SW-ZTN-120,508,2024-04-11,2027-04-11
ENT-0805246,ACC-10399,CON-070962,LI-0508652,SUP-GOL-EDGE,1,2022-08-19,2025-08-19
ENT-0805247,ACC-10399,CON-070962,LI-0508655,SW-ZTN-120,324,2022-08-19,2025-08-19
ENT-0805248,ACC-10399,CON-070962,LI-0508656,SW-SDC-140,309,2022-08-19,2025-08-19
ENT-0805249,ACC-10400,CON-070963,LI-0508658,SUP-SIL-CORE,3,2023-04-28,2025-04-28
ENT-0805250,ACC-10400,CON-070963,LI-0508660,SUP-SIL-CORE,3,2023-04-28,2025-04-28
ENT-0805251,ACC-10400,CON-070963,LI-0508662,SW-SDC-110,111,2023-04-28,2025-04-28
ENT-0805252,ACC-10400,CON-070963,LI-0508663,SW-NOC-130,67,2024-02-15,2025-04-28
ENT-0805253,ACC-10400,CON-070963,LI-0508665,SW-OBS-140,84,2023-04-28,2025-04-28
ENT-0805254,ACC-10401,CON-070964,LI-0508668,SW-NOC-130,315,2023-07-06,2025-07-06
ENT-0805255,ACC-10401,CON-070964,LI-0508670,SW-SEC-130,582,2023-07-06,2025-07-06
ENT-0805256,ACC-10401,CON-070964,LI-0508671,SUP-BRO-CORE,1,2023-07-06,2025-07-06
ENT-0805257,ACC-10401,CON-070964,LI-0508673,SW-OBS-120,328,2023-07-06,2025-07-06
ENT-0805258,ACC-10401,CON-070964,LI-0508675,SW-ZTN-110,506,2023-07-06,2025-07-06
ENT-0805259,ACC-10401,CON-070965,LI-0508676,SW-OBS-110,323,2023-12-01,2026-12-01
ENT-0805260,ACC-10401,CON-070965,LI-0508677,SUP-SIL-CORE,2,2023-12-01,2026-12-01
ENT-0805261,ACC-10401,CON-070965,LI-0508678,SUP-GOL-DC,3,2023-12-01,2026-12-01
ENT-0805262,ACC-10401,CON-070965,LI-0508679,SW-OBS-110,205,2023-12-01,2026-12-01
ENT-0805263,ACC-10401,CON-070965,LI-0508680,SUP-BRO-CORE,3,2023-12-01,2026-12-01
ENT-0805264,ACC-10401,CON-070965,LI-0508681,SUP-SIL-EDGE,3,2023-12-01,2026-12-01
ENT-0805265,ACC-10401,CON-070965,LI-0508683,SUP-SIL-CORE,4,2023-12-01,2026-12-01
ENT-0805266,ACC-10401,CON-070965,LI-0508684,SW-OBS-140,559,2023-12-01,2026-12-01
ENT-0805267,ACC-10401,CON-070966,LI-0508685,SW-NOC-130,93,2023-04-18,2024-04-18
ENT-0805268,ACC-10401,CON-070966,LI-0508686,SW-SDC-120,534,2023-04-18,2024-04-18
ENT-0805269,ACC-10401,CON-070967,LI-0508689,SW-OBS-110,569,2025-04-17,2030-04-17
ENT-0805270,ACC-10401,CON-070967,LI-0508690,SW-NOC-140,541,2025-04-17,2030-04-17
ENT-0805271,ACC-10401,CON-070967,LI-0508691,SW-SDC-130,615,2025-04-17,2030-04-17
ENT-0805272,ACC-10401,CON-070967,LI-0508692,SW-SEC-130,331,2025-04-17,2030-04-17
ENT-0805273,ACC-10401,CON-070967,LI-0508693,SUP-SIL-EDGE,7,2025-04-17,2030-04-17
ENT-0805274,ACC-10401,CON-070967,LI-0508694,SUP-BRO-EDGE,7,2025-04-17,2030-04-17
ENT-0805275,ACC-10401,CON-070967,LI-0508695,SW-SDC-130,36,2025-04-17,2030-04-17
ENT-0805276,ACC-10402,CON-070968,LI-0508702,SUP-GOL-EDGE,1,2024-12-16,2025-12-16
ENT-0805277,ACC-10402,CON-070968,LI-0508704,SUP-PLA-EDGE,2,2024-12-16,2025-12-16
ENT-0805278,ACC-10402,CON-070968,LI-0508707,SW-ZTN-140,332,2024-12-16,2025-12-16
ENT-0805279,ACC-10402,CON-070968,LI-0508708,SW-ZTN-130,152,2024-12-16,2025-12-16
ENT-0805280,ACC-10402,CON-070968,LI-0508709,SUP-BRO-CORE,3,2024-12-16,2025-12-16
ENT-0805281,ACC-10402,CON-070968,LI-0508710,SUP-PLA-DC,2,2024-12-16,2025-12-16
ENT-0805282,ACC-10402,CON-070968,LI-0508711,SUP-BRO-DC,3,2024-12-16,2025-12-16
ENT-0805283,ACC-10403,CON-070969,LI-0508715,SUP-PLA-EDGE,2,2022-05-17,2023-05-17
ENT-0805284,ACC-10403,CON-070969,LI-0508719,SUP-GOL-DC,7,2022-05-17,2023-05-17
ENT-0805285,ACC-10403,CON-070969,LI-0508721,SUP-BRO-EDGE,1,2022-05-17,2023-05-17
ENT-0805286,ACC-10403,CON-070970,LI-0508726,SUP-SIL-CORE,7,2023-05-06,2025-05-06
ENT-0805287,ACC-10403,CON-070970,LI-0508727,SUP-SIL-CORE,1,2023-05-06,2025-05-06
ENT-0805288,ACC-10403,CON-070970,LI-0508729,SUP-PLA-CORE,3,2023-05-06,2025-05-06
ENT-0805289,ACC-10404,CON-070971,LI-0508731,SUP-GOL-EDGE,4,2024-09-16,2025-09-16
ENT-0805290,ACC-10404,CON-070971,LI-0508732,SW-ZTN-120,94,2024-09-16,2025-09-16
ENT-0805291,ACC-10404,CON-070971,LI-0508733,SW-NOC-120,102,2024-09-16,2025-09-16
ENT-0805292,ACC-10404,CON-070971,LI-0508734,SW-OBS-130,255,2024-09-16,2025-09-16
ENT-0805293,ACC-10404,CON-070971,LI-0508735,SUP-GOL-CORE,4,2024-09-16,2025-09-16
ENT-0805294,ACC-10404,CON-070971,LI-0508737,SUP-GOL-DC,1,2024-09-16,2025-09-16
ENT-0805295,ACC-10404,CON-070971,LI-0508739,SW-SDC-130,39,2024-09-16,2025-09-16
ENT-0805296,ACC-10405,CON-070972,LI-0508743,SW-NOC-130,46,2023-09-08,2024-09-08
ENT-0805297,ACC-10405,CON-070972,LI-0508744,SW-ZTN-110,97,2023-09-08,2024-09-08
ENT-0805298,ACC-10405,CON-070972,LI-0508745,SUP-PLA-EDGE,2,2023-09-08,2024-09-08
ENT-0805299,ACC-10405,CON-070972,LI-0508746,SUP-SIL-CORE,1,2023-09-08,2024-09-08
ENT-0805300,ACC-10405,CON-070972,LI-0508748,SW-ZTN-110,210,2023-09-08,2024-09-08
ENT-0805301,ACC-10405,CON-070972,LI-0508749,SUP-SIL-DC,1,2023-09-08,2024-09-08
ENT-0805302,ACC-10405,CON-070972,LI-0508751,SW-SDC-140,177,2024-03-06,2024-09-08
ENT-0805303,ACC-10405,CON-070973,LI-0508754,SW-ZTN-120,20,2022-09-05,2027-09-05
ENT-0805304,ACC-10405,CON-070973,LI-0508757,SW-ZTN-130,30,2022-09-05,2027-09-05
ENT-0805305,ACC-10405,CON-070973,LI-0508758,SW-SDC-110,160,2022-09-05,2027-09-05
ENT-0805306,ACC-10405,CON-070973,LI-0508759,SW-SEC-110,208,2022-09-05,2027-09-05
ENT-0805307,ACC-10405,CON-070973,LI-0508760,SW-SEC-130,211,2022-09-05,2027-09-05
ENT-0805308,ACC-10405,CON-070973,LI-0508763,SW-SDC-110,254,2022-09-05,2027-09-05
ENT-0805309,ACC-10405,CON-070973,LI-0508765,SW-SEC-130,260,2022-09-05,2027-09-05
ENT-0805310,ACC-10406,CON-070974,LI-0508767,SW-SDC-140,654,2022-02-13,2025-02-13
ENT-0805311,ACC-10406,CON-070974,LI-0508768,SW-ZTN-110,788,2022-02-13,2025-02-13
ENT-0805312,ACC-10406,CON-070974,LI-0508769,SUP-PLA-DC,8,2022-02-13,2025-02-13
ENT-0805313,ACC-10406,CON-070974,LI-0508775,SW-SDC-120,620,2022-02-13,2025-02-13
ENT-0805314,ACC-10406,CON-070974,LI-0508776,SW-ZTN-120,558,2022-02-13,2025-02-13
ENT-0805315,ACC-10406,CON-070975,LI-0508778,SW-OBS-110,438,2023-12-13,2028-12-13
ENT-0805316,ACC-10406,CON-070975,LI-0508779,SW-SDC-130,189,2023-12-13,2028-12-13
ENT-0805317,ACC-10406,CON-070975,LI-0508780,SW-SDC-110,462,2023-12-13,2028-12-13
ENT-0805318,ACC-10406,CON-070976,LI-0508782,SW-ZTN-130,354,2024-11-10,2027-11-10
ENT-0805319,ACC-10406,CON-070976,LI-0508784,SW-NOC-120,262,2024-11-10,2027-11-10
ENT-0805320,ACC-10406,CON-070976,LI-0508785,SW-SEC-110,936,2024-11-10,2027-11-10
ENT-0805321,ACC-10406,CON-070977,LI-0508787,SW-SEC-130,179,2023-04-08,2025-04-08
ENT-0805322,ACC-10406,CON-070977,LI-0508789,SW-OBS-110,444,2023-04-08,2025-04-08
ENT-0805323,ACC-10406,CON-070977,LI-0508790,SUP-SIL-DC,9,2023-04-08,2025-04-08
ENT-0805324,ACC-10407,CON-070978,LI-0508791,SW-NOC-120,1013,2024-08-03,2027-08-03
ENT-0805325,ACC-10407,CON-070978,LI-0508792,SUP-SIL-DC,2,2024-08-03,2027-08-03
ENT-0805326,ACC-10407,CON-070978,LI-0508793,SW-OBS-130,228,2024-08-03,2027-08-03
ENT-0805327,ACC-10407,CON-070978,LI-0508795,SW-SDC-140,524,2024-08-03,2027-08-03
ENT-0805328,ACC-10407,CON-070978,LI-0508797,SW-SEC-130,677,2024-08-03,2027-08-03
ENT-0805329,ACC-10407,CON-070978,LI-0508798,SUP-PLA-EDGE,13,2024-08-03,2027-08-03
ENT-0805330,ACC-10407,CON-070979,LI-0508800,SW-SDC-120,835,2024-01-04,2027-01-04
ENT-0805331,ACC-10407,CON-070979,LI-0508802,SW-SEC-140,322,2024-01-04,2027-01-04
ENT-0805332,ACC-10407,CON-070980,LI-0508807,SW-NOC-120,343,2022-12-28,2025-12-28
ENT-0805333,ACC-10407,CON-070980,LI-0508808,SW-SDC-140,1013,2022-12-28,2025-12-28
ENT-0805334,ACC-10407,CON-070980,LI-0508809,SUP-BRO-EDGE,1,2022-12-28,2025-12-28
ENT-0805335,ACC-10407,CON-070980,LI-0508811,SW-SEC-130,368,2022-12-28,2025-12-28
ENT-0805336,ACC-10407,CON-070981,LI-0508813,SW-SEC-130,946,2024-07-01,2026-07-01
ENT-0805337,ACC-10407,CON-070981,LI-0508814,SUP-PLA-CORE,11,2024-07-01,2026-07-01
ENT-0805338,ACC-10407,CON-070981,LI-0508815,SUP-GOL-DC,5,2024-07-01,2026-07-01
ENT-0805339,ACC-10408,CON-070982,LI-0508816,SW-ZTN-120,533,2025-08-15,2027-08-15
ENT-0805340,ACC-10408,CON-070982,LI-0508817,SW-OBS-110,401,2025-08-15,2027-08-15
ENT-0805341,ACC-10408,CON-070982,LI-0508819,SW-OBS-140,637,2025-08-15,2027-08-15
ENT-0805342,ACC-10408,CON-070982,LI-0508820,SW-NOC-140,411,2025-08-15,2027-08-15
ENT-0805343,ACC-10408,CON-070982,LI-0508824,SW-SEC-110,98,2025-08-15,2027-08-15
ENT-0805344,ACC-10408,CON-070982,LI-0508825,SW-ZTN-120,202,2025-08-15,2027-08-15
ENT-0805345,ACC-10408,CON-070982,LI-0508826,SW-SEC-120,377,2025-08-15,2027-08-15
ENT-0805346,ACC-10408,CON-070983,LI-0508830,SW-SEC-110,451,2022-10-25,2023-10-25
ENT-0805347,ACC-10408,CON-070983,LI-0508831,SUP-SIL-EDGE,8,2023-05-27,2023-10-25
ENT-0805348,ACC-10408,CON-070983,LI-0508833,SUP-GOL-CORE,7,2022-10-25,2023-10-25
ENT-0805349,ACC-10408,CON-070983,LI-0508836,SW-NOC-140,507,2022-10-25,2023-10-25
ENT-0805350,ACC-10408,CON-070983,LI-0508837,SUP-PLA-EDGE,5,2022-10-25,2023-10-25
ENT-0805351,ACC-10408,CON-070983,LI-0508838,SUP-SIL-DC,1,2022-10-25,2023-10-25
ENT-0805352,ACC-10408,CON-070983,LI-0508839,SW-NOC-110,124,2022-10-25,2023-10-25
ENT-0805353,ACC-10408,CON-070983,LI-0508840,SW-SDC-110,377,2022-10-25,2023-10-25
ENT-0805354,ACC-10409,CON-070984,LI-0508841,SUP-SIL-CORE,4,2024-07-26,2025-07-26
ENT-0805355,ACC-10409,CON-070984,LI-0508845,SUP-SIL-DC,5,2024-07-26,2025-07-26
ENT-0805356,ACC-10409,CON-070984,LI-0508846,SW-NOC-110,130,2024-07-26,2025-07-26
ENT-0805357,ACC-10409,CON-070984,LI-0508847,SW-SEC-120,171,2024-07-26,2025-07-26
ENT-0805358,ACC-10410,CON-070985,LI-0508848,SW-SEC-140,561,2023-12-23,2026-12-23
ENT-0805359,ACC-10410,CON-070985,LI-0508850,SW-SDC-120,201,2023-12-23,2026-12-23
ENT-0805360,ACC-10410,CON-070985,LI-0508851,SW-OBS-110,511,2023-12-23,2026-12-23
ENT-0805361,ACC-10410,CON-070985,LI-0508852,SW-ZTN-140,250,2025-09-12,2026-12-23
ENT-0805362,ACC-10410,CON-070985,LI-0508853,SUP-PLA-EDGE,4,2023-12-23,2026-12-23
ENT-0805363,ACC-10410,CON-070985,LI-0508854,SUP-PLA-DC,3,2023-12-23,2026-12-23
ENT-0805364,ACC-10410,CON-070985,LI-0508855,SW-SDC-120,550,2023-12-23,2026-12-23
ENT-0805365,ACC-10410,CON-070985,LI-0508857,SUP-BRO-EDGE,7,2023-12-23,2026-12-23
ENT-0805366,ACC-10410,CON-070986,LI-0508858,SUP-PLA-DC,6,2022-07-06,2024-07-06
ENT-0805367,ACC-10410,CON-070986,LI-0508859,SUP-GOL-EDGE,5,2022-07-06,2024-07-06
ENT-0805368,ACC-10410,CON-070986,LI-0508862,SW-SEC-120,155,2022-07-06,2024-07-06
ENT-0805369,ACC-10411,CON-070987,LI-0508865,SW-ZTN-130,131,2022-08-03,2027-05-14
ENT-0805370,ACC-10411,CON-070987,LI-0508867,SUP-GOL-EDGE,1,2022-05-14,2027-05-14
ENT-0805371,ACC-10411,CON-070987,LI-0508868,SW-SEC-130,686,2022-05-14,2027-05-14
ENT-0805372,ACC-10411,CON-070987,LI-0508869,SW-OBS-120,292,2022-05-14,2027-05-14
ENT-0805373,ACC-10411,CON-070987,LI-0508870,SW-SDC-130,519,2022-05-14,2027-05-14
ENT-0805374,ACC-10411,CON-070987,LI-0508872,SW-ZTN-110,339,2022-05-14,2027-05-14
ENT-0805375,ACC-10411,CON-070988,LI-0508874,SW-NOC-110,555,2025-06-16,2028-06-16
ENT-0805376,ACC-10411,CON-070988,LI-0508877,SUP-SIL-DC,7,2025-06-16,2028-06-16
ENT-0805377,ACC-10411,CON-070988,LI-0508878,SUP-SIL-CORE,5,2025-06-16,2028-06-16
ENT-0805378,ACC-10411,CON-070988,LI-0508880,SUP-GOL-EDGE,8,2025-06-16,2028-06-16
ENT-0805379,ACC-10411,CON-070988,LI-0508881,SUP-SIL-CORE,6,2025-06-16,2028-06-16
ENT-0805380,ACC-10411,CON-070988,LI-0508885,SW-ZTN-130,47,2025-06-16,2028-06-16
ENT-0805381,ACC-10411,CON-070988,LI-0508886,SW-SDC-110,411,2025-06-16,2028-06-16
ENT-0805382,ACC-10411,CON-070988,LI-0508887,SW-NOC-130,514,2025-06-16,2028-06-16
ENT-0805383,ACC-10411,CON-070989,LI-0508890,SW-SDC-130,265,2023-09-13,2024-09-13
ENT-0805384,ACC-10411,CON-070989,LI-0508892,SW-SDC-110,474,2023-09-13,2024-09-13
ENT-0805385,ACC-10411,CON-070989,LI-0508894,SW-SDC-110,162,2023-09-13,2024-09-13
ENT-0805386,ACC-10411,CON-070989,LI-0508895,SW-NOC-120,155,2023-09-13,2024-09-13
ENT-0805387,ACC-10411,CON-070989,LI-0508896,SW-ZTN-110,530,2023-09-13,2024-09-13
ENT-0805388,ACC-10411,CON-070989,LI-0508897,SW-SDC-110,271,2023-09-13,2024-09-13
ENT-0805389,ACC-10411,CON-070990,LI-0508900,SW-ZTN-140,315,2023-04-21,2026-04-21
ENT-0805390,ACC-10411,CON-070990,LI-0508906,SW-SDC-110,402,2024-04-21,2026-04-21
ENT-0805391,ACC-10411,CON-070990,LI-0508907,SW-ZTN-130,74,2023-04-21,2026-04-21
ENT-0805392,ACC-10412,CON-070991,LI-0508908,SW-SDC-120,115,2025-04-08,2028-04-08
ENT-0805393,ACC-10412,CON-070991,LI-0508909,SUP-BRO-CORE,6,2027-07-19,2028-04-08
ENT-0805394,ACC-10412,CON-070991,LI-0508910,SUP-SIL-EDGE,10,2025-04-08,2028-04-08
ENT-0805395,ACC-10412,CON-070991,LI-0508911,SW-SDC-110,790,2025-04-08,2028-04-08
ENT-0805396,ACC-10412,CON-070991,LI-0508912,SW-OBS-140,628,2025-04-08,2028-04-08
ENT-0805397,ACC-10412,CON-070992,LI-0508913,SUP-PLA-CORE,1,2028-06-03,2028-12-08
ENT-0805398,ACC-10412,CON-070992,LI-0508914,SW-OBS-120,160,2025-12-08,2028-12-08
ENT-0805399,ACC-10412,CON-070992,LI-0508916,SW-OBS-140,169,2025-12-08,2028-12-08
ENT-0805400,ACC-10412,CON-070992,LI-0508919,SW-SEC-140,589,2025-12-08,2028-12-08
ENT-0805401,ACC-10412,CON-070992,LI-0508923,SUP-BRO-EDGE,2,2025-12-08,2028-12-08
ENT-0805402,ACC-10412,CON-070992,LI-0508924,SUP-SIL-CORE,6,2025-12-08,2028-12-08
ENT-0805403,ACC-10412,CON-070993,LI-0508926,SUP-BRO-CORE,10,2024-02-28,2027-02-28
ENT-0805404,ACC-10412,CON-070993,LI-0508927,SW-ZTN-130,658,2024-02-28,2027-02-28
ENT-0805405,ACC-10412,CON-070993,LI-0508929,SUP-SIL-DC,1,2024-02-28,2027-02-28
ENT-0805406,ACC-10412,CON-070993,LI-0508930,SUP-SIL-DC,2,2024-02-28,2027-02-28
ENT-0805407,ACC-10412,CON-070993,LI-0508931,SUP-PLA-CORE,10,2024-02-28,2027-02-28
ENT-0805408,ACC-10412,CON-070993,LI-0508933,SW-NOC-130,574,2024-02-28,2027-02-28
ENT-0805409,ACC-10412,CON-070993,LI-0508934,SUP-PLA-CORE,8,2024-02-28,2027-02-28
ENT-0805410,ACC-10412,CON-070993,LI-0508935,SW-NOC-110,612,2025-03-12,2027-02-28
ENT-0805411,ACC-10412,CON-070993,LI-0508936,SW-ZTN-140,187,2024-02-28,2027-02-28
ENT-0805412,ACC-10412,CON-070993,LI-0508939,SW-OBS-140,44,2024-02-28,2027-02-28
ENT-0805413,ACC-10413,CON-070994,LI-0508940,SW-NOC-130,84,2025-04-25,2030-04-25
ENT-0805414,ACC-10413,CON-070994,LI-0508941,SW-OBS-140,72,2025-04-25,2030-04-25
ENT-0805415,ACC-10413,CON-070994,LI-0508942,SUP-BRO-EDGE,3,2025-04-25,2030-04-25
ENT-0805416,ACC-10413,CON-070994,LI-0508945,SUP-BRO-CORE,3,2025-04-25,2030-04-25
ENT-0805417,ACC-10414,CON-070995,LI-0508946,SUP-GOL-DC,1,2024-07-08,2026-07-08
ENT-0805418,ACC-10414,CON-070995,LI-0508947,SUP-BRO-CORE,1,2024-07-08,2026-07-08
ENT-0805419,ACC-10414,CON-070995,LI-0508948,SUP-BRO-DC,5,2024-07-08,2026-07-08
ENT-0805420,ACC-10414,CON-070995,LI-0508950,SW-NOC-120,347,2024-07-08,2026-07-08
ENT-0805421,ACC-10414,CON-070995,LI-0508952,SW-SDC-140,588,2024-07-08,2026-07-08
ENT-0805422,ACC-10414,CON-070995,LI-0508953,SW-NOC-140,119,2024-07-08,2026-07-08
ENT-0805423,ACC-10414,CON-070996,LI-0508958,SUP-BRO-DC,4,2022-05-10,2023-05-10
ENT-0805424,ACC-10414,CON-070996,LI-0508960,SW-SEC-110,70,2022-05-10,2023-05-10
ENT-0805425,ACC-10414,CON-070996,LI-0508961,SW-SEC-110,206,2022-05-10,2023-05-10
ENT-0805426,ACC-10414,CON-070996,LI-0508962,SUP-SIL-CORE,4,2022-05-10,2023-05-10
ENT-0805427,ACC-10414,CON-070996,LI-0508965,SW-ZTN-130,613,2022-05-10,2023-05-10
ENT-0805428,ACC-10414,CON-070997,LI-0508967,SW-OBS-140,158,2024-04-08,2027-04-08
ENT-0805429,ACC-10414,CON-070997,LI-0508969,SUP-GOL-EDGE,1,2024-04-08,2027-04-08
ENT-0805430,ACC-10414,CON-070997,LI-0508970,SW-SDC-110,251,2024-04-08,2027-04-08
ENT-0805431,ACC-10414,CON-070997,LI-0508972,SW-SDC-120,56,2024-04-08,2027-04-08
ENT-0805432,ACC-10414,CON-070997,LI-0508973,SUP-PLA-DC,1,2024-04-08,2027-04-08
ENT-0805433,ACC-10415,CON-070998,LI-0508979,SW-SDC-130,209,2024-10-24,2027-10-24
ENT-0805434,ACC-10415,CON-070999,LI-0508982,SUP-PLA-CORE,1,2023-12-15,2026-12-15
ENT-0805435,ACC-10415,CON-070999,LI-0508983,SW-SEC-110,462,2023-12-15,2026-12-15
ENT-0805436,ACC-10415,CON-070999,LI-0508984,SUP-BRO-CORE,3,2023-12-15,2026-12-15
ENT-0805437,ACC-10415,CON-070999,LI-0508985,SUP-PLA-EDGE,1,2023-12-15,2026-12-15
ENT-0805438,ACC-10415,CON-070999,LI-0508987,SW-SDC-130,332,2023-12-15,2026-12-15
ENT-0805439,ACC-10415,CON-070999,LI-0508989,SUP-GOL-DC,3,2023-12-15,2026-12-15
ENT-0805440,ACC-10415,CON-070999,LI-0508991,SUP-PLA-EDGE,4,2023-12-15,2026-12-15
ENT-0805441,ACC-10415,CON-070999,LI-0508992,SUP-BRO-CORE,5,2023-12-15,2026-12-15
ENT-0805442,ACC-10415,CON-070999,LI-0508993,SW-OBS-120,380,2023-12-15,2026-12-15
ENT-0805443,ACC-10415,CON-070999,LI-0508994,SW-SDC-110,107,2023-12-15,2026-12-15
ENT-0805444,ACC-10416,CON-071000,LI-0508997,SW-NOC-130,110,2023-10-18,2026-10-18
ENT-0805445,ACC-10416,CON-071000,LI-0508998,SUP-GOL-EDGE,2,2023-10-18,2026-10-18
ENT-0805446,ACC-10416,CON-071001,LI-0508999,SW-ZTN-140,416,2022-01-17,2025-01-17
ENT-0805447,ACC-10416,CON-071001,LI-0509001,SW-SDC-120,386,2022-01-17,2025-01-17
ENT-0805448,ACC-10416,CON-071001,LI-0509002,SUP-BRO-CORE,5,2022-01-17,2025-01-17
ENT-0805449,ACC-10416,CON-071001,LI-0509003,SW-SEC-120,397,2022-01-17,2025-01-17
ENT-0805450,ACC-10416,CON-071001,LI-0509006,SUP-SIL-EDGE,1,2022-01-17,2025-01-17
ENT-0805451,ACC-10417,CON-071002,LI-0509008,SW-NOC-110,470,2023-02-20,2024-02-20
ENT-0805452,ACC-10417,CON-071002,LI-0509009,SW-ZTN-110,555,2023-02-20,2024-02-20
ENT-0805453,ACC-10417,CON-071002,LI-0509010,SW-SDC-110,75,2023-02-20,2024-02-20
ENT-0805454,ACC-10417,CON-071002,LI-0509011,SUP-BRO-CORE,5,2023-02-20,2024-02-20
ENT-0805455,ACC-10417,CON-071002,LI-0509012,SUP-BRO-EDGE,5,2023-02-20,2024-02-20
ENT-0805456,ACC-10417,CON-071002,LI-0509014,SUP-PLA-DC,3,2023-02-20,2024-02-20
ENT-0805457,ACC-10417,CON-071002,LI-0509015,SW-NOC-130,183,2023-02-20,2024-02-20
ENT-0805458,ACC-10417,CON-071003,LI-0509016,SW-ZTN-140,219,2024-04-27,2025-04-27
ENT-0805459,ACC-10417,CON-071003,LI-0509017,SW-SEC-110,230,2024-04-27,2025-04-27
ENT-0805460,ACC-10417,CON-071003,LI-0509020,SUP-SIL-CORE,3,2024-04-27,2025-04-27
ENT-0805461,ACC-10417,CON-071003,LI-0509024,SW-SDC-140,463,2024-04-27,2025-04-27
ENT-0805462,ACC-10417,CON-071003,LI-0509027,SW-ZTN-120,150,2024-04-27,2025-04-27
ENT-0805463,ACC-10417,CON-071004,LI-0509029,SUP-SIL-EDGE,1,2024-05-24,2025-05-24
ENT-0805464,ACC-10417,CON-071004,LI-0509031,SUP-PLA-CORE,1,2024-05-24,2025-05-24
ENT-0805465,ACC-10417,CON-071004,LI-0509032,SW-ZTN-130,351,2024-05-24,2025-05-24
ENT-0805466,ACC-10417,CON-071004,LI-0509033,SW-OBS-120,161,2024-05-24,2025-05-24
ENT-0805467,ACC-10417,CON-071004,LI-0509034,SW-OBS-140,420,2024-05-24,2025-05-24
ENT-0805468,ACC-10418,CON-071005,LI-0509035,SUP-GOL-CORE,4,2024-10-29,2026-10-28
ENT-0805469,ACC-10418,CON-071005,LI-0509036,SW-OBS-140,149,2024-10-29,2026-10-28
ENT-0805470,ACC-10418,CON-071005,LI-0509038,SUP-GOL-DC,2,2024-10-29,2026-10-28
ENT-0805471,ACC-10418,CON-071005,LI-0509039,SW-SDC-140,643,2024-10-29,2026-10-28
ENT-0805472,ACC-10418,CON-071005,LI-0509040,SUP-SIL-CORE,4,2024-10-29,2026-10-28
ENT-0805473,ACC-10418,CON-071005,LI-0509042,SUP-SIL-DC,1,2024-10-29,2026-10-28
ENT-0805474,ACC-10418,CON-071005,LI-0509044,SUP-BRO-DC,8,2025-02-13,2026-10-28
ENT-0805475,ACC-10418,CON-071005,LI-0509045,SUP-SIL-EDGE,4,2024-10-29,2026-10-28
ENT-0805476,ACC-10418,CON-071006,LI-0509046,SW-ZTN-110,490,2024-12-15,2027-12-15
ENT-0805477,ACC-10418,CON-071006,LI-0509047,SW-OBS-110,459,2024-12-15,2027-12-15
ENT-0805478,ACC-10418,CON-071006,LI-0509048,SW-SDC-120,398,2024-12-15,2027-12-15
ENT-0805479,ACC-10418,CON-071007,LI-0509053,SW-SEC-130,732,2024-08-25,2029-08-25
ENT-0805480,ACC-10418,CON-071007,LI-0509054,SUP-GOL-DC,5,2024-08-25,2029-08-25
ENT-0805481,ACC-10418,CON-071007,LI-0509057,SUP-PLA-CORE,1,2024-08-25,2029-08-25
ENT-0805482,ACC-10418,CON-071007,LI-0509058,SUP-SIL-CORE,1,2024-08-25,2029-08-25
ENT-0805483,ACC-10418,CON-071007,LI-0509060,SUP-PLA-CORE,1,2026-12-26,2029-08-25
ENT-0805484,ACC-10418,CON-071008,LI-0509061,SUP-BRO-DC,9,2023-08-10,2024-08-10
ENT-0805485,ACC-10418,CON-071008,LI-0509062,SUP-PLA-EDGE,6,2023-08-10,2024-08-10
ENT-0805486,ACC-10418,CON-071008,LI-0509064,SUP-SIL-CORE,4,2023-08-10,2024-08-10
ENT-0805487,ACC-10418,CON-071008,LI-0509068,SUP-SIL-EDGE,3,2023-08-10,2024-08-10
ENT-0805488,ACC-10418,CON-071008,LI-0509069,SW-OBS-110,597,2023-08-10,2024-08-10
ENT-0805489,ACC-10419,CON-071009,LI-0509071,SW-OBS-120,200,2022-02-21,2023-02-21
ENT-0805490,ACC-10419,CON-071009,LI-0509072,SW-OBS-140,245,2022-02-21,2023-02-21
ENT-0805491,ACC-10419,CON-071009,LI-0509073,SUP-PLA-DC,1,2022-02-21,2023-02-21
ENT-0805492,ACC-10419,CON-071009,LI-0509074,SW-SDC-120,209,2022-02-21,2023-02-21
ENT-0805493,ACC-10419,CON-071009,LI-0509075,SUP-GOL-DC,2,2022-02-21,2023-02-21
ENT-0805494,ACC-10419,CON-071010,LI-0509077,SW-ZTN-130,57,2022-09-25,2023-09-25
ENT-0805495,ACC-10419,CON-071010,LI-0509078,SW-OBS-110,77,2022-09-25,2023-09-25
ENT-0805496,ACC-10419,CON-071010,LI-0509084,SW-NOC-120,148,2023-03-19,2023-09-25
ENT-0805497,ACC-10419,CON-071010,LI-0509085,SW-SEC-130,228,2022-09-25,2023-09-25
ENT-0805498,ACC-10419,CON-071010,LI-0509086,SUP-SIL-CORE,2,2022-09-25,2023-09-25
ENT-0805499,ACC-10419,CON-071010,LI-0509087,SW-SDC-110,186,2022-09-25,2023-09-25
ENT-0805500,ACC-10419,CON-071010,LI-0509088,SW-SDC-130,159,2022-09-25,2023-09-25
ENT-0805501,ACC-10420,CON-071011,LI-0509090,SUP-BRO-EDGE,1,2023-12-25,2026-12-25
ENT-0805502,ACC-10420,CON-071011,LI-0509091,SUP-GOL-CORE,5,2023-12-25,2026-12-25
ENT-0805503,ACC-10420,CON-071011,LI-0509095,SW-ZTN-120,113,2023-12-25,2026-12-25
ENT-0805504,ACC-10420,CON-071011,LI-0509096,SW-SEC-130,394,2023-12-25,2026-12-25
ENT-0805505,ACC-10420,CON-071011,LI-0509097,SW-ZTN-120,140,2023-12-25,2026-12-25
ENT-0805506,ACC-10420,CON-071011,LI-0509098,SW-OBS-110,346,2023-12-25,2026-12-25
ENT-0805507,ACC-10420,CON-071011,LI-0509099,SW-OBS-110,547,2023-12-25,2026-12-25
ENT-0805508,ACC-10420,CON-071012,LI-0509100,SW-OBS-140,499,2022-01-23,2023-01-23
ENT-0805509,ACC-10420,CON-071012,LI-0509102,SUP-BRO-EDGE,5,2022-01-23,2023-01-23
ENT-0805510,ACC-10420,CON-071012,LI-0509103,SUP-GOL-EDGE,1,2022-01-23,2023-01-23
ENT-0805511,ACC-10420,CON-071012,LI-0509105,SW-NOC-140,153,2022-01-23,2023-01-23
ENT-0805512,ACC-10420,CON-071012,LI-0509106,SW-OBS-110,171,2022-01-23,2023-01-23
ENT-0805513,ACC-10420,CON-071012,LI-0509107,SUP-GOL-DC,3,2022-01-23,2023-01-23
ENT-0805514,ACC-10421,CON-071013,LI-0509111,SW-ZTN-120,886,2024-06-05,2029-06-05
ENT-0805515,ACC-10421,CON-071013,LI-0509112,SUP-PLA-DC,1,2024-06-05,2029-06-05
ENT-0805516,ACC-10421,CON-071013,LI-0509114,SUP-SIL-CORE,11,2024-06-05,2029-06-05
ENT-0805517,ACC-10421,CON-071013,LI-0509115,SW-SDC-120,942,2024-06-05,2029-06-05
ENT-0805518,ACC-10421,CON-071014,LI-0509119,SUP-SIL-EDGE,2,2025-12-24,2028-12-24
ENT-0805519,ACC-10421,CON-071014,LI-0509121,SUP-GOL-EDGE,7,2025-12-24,2028-12-24
ENT-0805520,ACC-10421,CON-071014,LI-0509123,SW-SDC-120,683,2025-12-24,2028-12-24
ENT-0805521,ACC-10421,CON-071015,LI-0509127,SW-NOC-130,763,2023-09-25,2024-09-25
ENT-0805522,ACC-10421,CON-071015,LI-0509128,SW-ZTN-120,60,2023-09-25,2024-09-25
ENT-0805523,ACC-10421,CON-071015,LI-0509130,SUP-GOL-CORE,3,2023-09-25,2024-09-25
ENT-0805524,ACC-10421,CON-071016,LI-0509133,SW-NOC-130,311,2024-09-30,2026-09-28
ENT-0805525,ACC-10421,CON-071016,LI-0509134,SW-OBS-130,416,2024-09-30,2026-09-28
ENT-0805526,ACC-10421,CON-071016,LI-0509136,SW-SEC-130,548,2024-09-30,2026-09-28
ENT-0805527,ACC-10421,CON-071016,LI-0509138,SUP-BRO-CORE,6,2024-09-30,2026-09-28
ENT-0805528,ACC-10421,CON-071016,LI-0509139,SUP-PLA-EDGE,1,2024-09-30,2026-09-28
ENT-0805529,ACC-10421,CON-071016,LI-0509140,SUP-PLA-DC,11,2024-09-30,2026-09-28
ENT-0805530,ACC-10422,CON-071017,LI-0509141,SW-ZTN-140,29,2023-05-28,2025-05-28
ENT-0805531,ACC-10422,CON-071017,LI-0509142,SUP-PLA-CORE,6,2023-05-28,2025-05-28
ENT-0805532,ACC-10422,CON-071017,LI-0509144,SW-SDC-140,174,2023-05-28,2025-05-28
ENT-0805533,ACC-10422,CON-071017,LI-0509145,SW-NOC-110,285,2023-05-28,2025-05-28
ENT-0805534,ACC-10422,CON-071017,LI-0509146,SW-ZTN-130,285,2023-05-28,2025-05-28
ENT-0805535,ACC-10422,CON-071017,LI-0509148,SW-SEC-120,42,2023-05-28,2025-05-28
ENT-0805536,ACC-10422,CON-071017,LI-0509149,SUP-GOL-EDGE,1,2024-01-28,2025-05-28
ENT-0805537,ACC-10422,CON-071017,LI-0509150,SUP-SIL-EDGE,5,2023-05-28,2025-05-28
ENT-0805538,ACC-10422,CON-071018,LI-0509153,SUP-SIL-CORE,4,2024-03-03,2027-03-03
ENT-0805539,ACC-10422,CON-071018,LI-0509154,SUP-GOL-CORE,1,2024-03-03,2027-03-03
ENT-0805540,ACC-10422,CON-071018,LI-0509158,SW-OBS-130,234,2024-03-03,2027-03-03
ENT-0805541,ACC-10422,CON-071018,LI-0509160,SW-SDC-130,493,2024-03-03,2027-03-03
ENT-0805542,ACC-10422,CON-071018,LI-0509161,SUP-PLA-CORE,2,2024-03-03,2027-03-03
ENT-0805543,ACC-10422,CON-071018,LI-0509162,SW-SDC-120,19,2024-03-03,2027-03-03
ENT-0805544,ACC-10423,CON-071019,LI-0509166,SW-SDC-140,262,2022-05-09,2023-05-09
ENT-0805545,ACC-10423,CON-071019,LI-0509168,SW-SDC-140,718,2022-05-09,2023-05-09
ENT-0805546,ACC-10423,CON-071020,LI-0509169,SUP-SIL-CORE,5,2023-02-03,2026-02-03
ENT-0805547,ACC-10423,CON-071020,LI-0509170,SW-NOC-120,224,2023-02-03,2026-02-03
ENT-0805548,ACC-10423,CON-071020,LI-0509171,SW-SEC-110,599,2023-02-03,2026-02-03
ENT-0805549,ACC-10423,CON-071020,LI-0509172,SW-SDC-140,795,2023-02-03,2026-02-03
ENT-0805550,ACC-10423,CON-071020,LI-0509173,SUP-SIL-DC,11,2023-02-03,2026-02-03
ENT-0805551,ACC-10423,CON-071020,LI-0509174,SUP-SIL-CORE,6,2023-02-03,2026-02-03
ENT-0805552,ACC-10423,CON-071020,LI-0509175,SW-SDC-110,477,2023-02-03,2026-02-03
ENT-0805553,ACC-10423,CON-071020,LI-0509178,SW-OBS-140,441,2023-02-03,2026-02-03
ENT-0805554,ACC-10423,CON-071021,LI-0509180,SW-SEC-110,323,2024-11-26,2025-06-26
ENT-0805555,ACC-10423,CON-071021,LI-0509182,SUP-PLA-EDGE,1,2024-06-26,2025-06-26
ENT-0805556,ACC-10423,CON-071021,LI-0509185,SUP-SIL-EDGE,11,2024-06-26,2025-06-26
ENT-0805557,ACC-10423,CON-071022,LI-0509187,SW-ZTN-110,36,2022-03-08,2023-03-08
ENT-0805558,ACC-10423,CON-071022,LI-0509188,SUP-GOL-DC,4,2022-03-08,2023-03-08
ENT-0805559,ACC-10423,CON-071022,LI-0509191,SW-ZTN-140,168,2022-03-08,2023-03-08
ENT-0805560,ACC-10423,CON-071022,LI-0509192,SUP-PLA-EDGE,7,2022-03-08,2023-03-08
ENT-0805561,ACC-10423,CON-071022,LI-0509193,SW-ZTN-110,77,2022-03-08,2023-03-08
ENT-0805562,ACC-10423,CON-071022,LI-0509195,SW-SDC-130,272,2022-11-28,2023-03-08
ENT-0805563,ACC-10423,CON-071022,LI-0509196,SUP-SIL-CORE,2,2022-03-08,2023-03-08
ENT-0805564,ACC-10423,CON-071022,LI-0509197,SW-SDC-110,282,2022-03-08,2023-03-08
ENT-0805565,ACC-10424,CON-071023,LI-0509198,SW-OBS-140,194,2022-10-17,2023-10-17
ENT-0805566,ACC-10424,CON-071023,LI-0509199,SUP-GOL-DC,2,2022-10-17,2023-10-17
ENT-0805567,ACC-10424,CON-071023,LI-0509200,SW-SDC-120,82,2022-10-17,2023-10-17
ENT-0805568,ACC-10424,CON-071023,LI-0509201,SUP-SIL-CORE,2,2022-10-17,2023-10-17
ENT-0805569,ACC-10424,CON-071023,LI-0509202,SUP-PLA-CORE,2,2022-10-17,2023-10-17
ENT-0805570,ACC-10424,CON-071023,LI-0509205,SUP-BRO-DC,2,2022-10-17,2023-10-17
ENT-0805571,ACC-10424,CON-071023,LI-0509207,SUP-BRO-CORE,2,2022-10-17,2023-10-17
ENT-0805572,ACC-10424,CON-071024,LI-0509208,SW-NOC-130,27,2025-03-24,2026-03-24
ENT-0805573,ACC-10424,CON-071024,LI-0509210,SW-SDC-120,24,2025-03-24,2026-03-24
ENT-0805574,ACC-10424,CON-071024,LI-0509211,SW-ZTN-120,48,2025-03-24,2026-03-24
ENT-0805575,ACC-10424,CON-071024,LI-0509212,SUP-PLA-EDGE,2,2025-03-24,2026-03-24
ENT-0805576,ACC-10425,CON-071025,LI-0509217,SW-SDC-130,509,2022-02-14,2023-02-14
ENT-0805577,ACC-10425,CON-071025,LI-0509223,SUP-GOL-DC,5,2022-02-14,2023-02-14
ENT-0805578,ACC-10426,CON-071026,LI-0509224,SUP-PLA-CORE,1,2025-12-03,2026-12-03
ENT-0805579,ACC-10426,CON-071026,LI-0509225,SW-ZTN-140,130,2025-12-03,2026-12-03
ENT-0805580,ACC-10426,CON-071026,LI-0509226,SW-SDC-110,75,2025-12-03,2026-12-03
ENT-0805581,ACC-10426,CON-071026,LI-0509228,SUP-GOL-CORE,4,2025-12-03,2026-12-03
ENT-0805582,ACC-10426,CON-071026,LI-0509233,SW-ZTN-110,22,2025-12-03,2026-12-03
ENT-0805583,ACC-10426,CON-071026,LI-0509235,SUP-GOL-EDGE,3,2025-12-03,2026-12-03
ENT-0805584,ACC-10427,CON-071027,LI-0509236,SUP-GOL-DC,1,2022-03-15,2025-03-15
ENT-0805585,ACC-10427,CON-071027,LI-0509237,SUP-PLA-CORE,1,2022-03-15,2025-03-15
ENT-0805586,ACC-10427,CON-071027,LI-0509238,SW-OBS-110,175,2022-03-15,2025-03-15
ENT-0805587,ACC-10427,CON-071027,LI-0509240,SW-OBS-140,159,2022-03-15,2025-03-15
ENT-0805588,ACC-10427,CON-071027,LI-0509241,SUP-SIL-DC,1,2022-03-15,2025-03-15
ENT-0805589,ACC-10427,CON-071027,LI-0509242,SW-NOC-110,103,2022-03-15,2025-03-15
ENT-0805590,ACC-10427,CON-071027,LI-0509243,SW-ZTN-140,50,2022-03-15,2025-03-15
ENT-0805591,ACC-10427,CON-071027,LI-0509244,SW-ZTN-110,26,2022-03-15,2025-03-15
ENT-0805592,ACC-10427,CON-071027,LI-0509245,SW-SEC-130,46,2022-03-15,2025-03-15
ENT-0805593,ACC-10427,CON-071027,LI-0509246,SUP-GOL-DC,2,2022-03-15,2025-03-15
ENT-0805594,ACC-10427,CON-071028,LI-0509247,SUP-PLA-DC,1,2023-06-09,2026-06-09
ENT-0805595,ACC-10427,CON-071028,LI-0509248,SUP-PLA-DC,2,2023-06-09,2026-06-09
ENT-0805596,ACC-10427,CON-071028,LI-0509249,SW-ZTN-140,172,2023-06-09,2026-06-09
ENT-0805597,ACC-10427,CON-071028,LI-0509250,SW-OBS-110,95,2023-06-09,2026-06-09
ENT-0805598,ACC-10427,CON-071028,LI-0509251,SUP-GOL-DC,2,2023-06-09,2026-06-09
ENT-0805599,ACC-10427,CON-071028,LI-0509253,SW-NOC-110,73,2023-06-09,2026-06-09
ENT-0805600,ACC-10428,CON-071029,LI-0509255,SW-ZTN-140,83,2025-12-31,2028-12-28
ENT-0805601,ACC-10428,CON-071029,LI-0509257,SW-NOC-120,165,2025-12-31,2028-12-28
ENT-0805602,ACC-10428,CON-071029,LI-0509259,SW-SDC-110,235,2025-12-31,2028-12-28
ENT-0805603,ACC-10428,CON-071029,LI-0509260,SW-ZTN-140,203,2025-12-31,2028-12-28
ENT-0805604,ACC-10428,CON-071029,LI-0509261,SW-OBS-140,455,2025-12-31,2028-12-28
ENT-0805605,ACC-10428,CON-071030,LI-0509263,SW-SEC-120,759,2023-07-18,2028-07-18
ENT-0805606,ACC-10428,CON-071030,LI-0509266,SUP-GOL-DC,6,2025-05-06,2028-07-18
ENT-0805607,ACC-10428,CON-071031,LI-0509267,SUP-BRO-DC,1,2025-09-22,2027-09-22
ENT-0805608,ACC-10428,CON-071031,LI-0509268,SUP-PLA-DC,7,2025-09-22,2027-09-22
ENT-0805609,ACC-10428,CON-071031,LI-0509269,SW-SEC-110,84,2025-09-22,2027-09-22
ENT-0805610,ACC-10428,CON-071031,LI-0509271,SUP-BRO-EDGE,6,2025-09-22,2027-09-22
ENT-0805611,ACC-10428,CON-071031,LI-0509273,SUP-SIL-EDGE,9,2025-09-22,2027-09-22
ENT-0805612,ACC-10428,CON-071031,LI-0509275,SUP-SIL-EDGE,10,2025-09-22,2027-09-22
ENT-0805613,ACC-10428,CON-071031,LI-0509276,SW-SEC-110,316,2025-09-22,2027-09-22
ENT-0805614,ACC-10428,CON-071031,LI-0509277,SW-OBS-130,710,2025-09-22,2027-09-22
ENT-0805615,ACC-10428,CON-071031,LI-0509278,SUP-SIL-EDGE,9,2025-09-22,2027-09-22
ENT-0805616,ACC-10429,CON-071032,LI-0509280,SUP-SIL-CORE,1,2025-10-21,2026-10-21
ENT-0805617,ACC-10429,CON-071032,LI-0509281,SW-NOC-140,293,2025-10-21,2026-10-21
ENT-0805618,ACC-10429,CON-071032,LI-0509282,SW-OBS-140,216,2025-10-21,2026-10-21
ENT-0805619,ACC-10429,CON-071032,LI-0509283,SW-SDC-120,306,2025-10-21,2026-10-21
ENT-0805620,ACC-10429,CON-071032,LI-0509284,SW-NOC-130,200,2025-10-21,2026-10-21
ENT-0805621,ACC-10429,CON-071032,LI-0509285,SW-ZTN-130,36,2025-10-21,2026-10-21
ENT-0805622,ACC-10430,CON-071033,LI-0509287,SUP-GOL-CORE,4,2025-06-24,2027-06-24
ENT-0805623,ACC-10430,CON-071033,LI-0509288,SW-OBS-130,26,2025-06-24,2027-06-24
ENT-0805624,ACC-10430,CON-071033,LI-0509289,SW-OBS-120,364,2025-06-24,2027-06-24
ENT-0805625,ACC-10430,CON-071033,LI-0509291,SW-OBS-130,517,2026-01-09,2027-06-24
ENT-0805626,ACC-10430,CON-071033,LI-0509293,SUP-SIL-CORE,1,2025-06-24,2027-06-24
ENT-0805627,ACC-10430,CON-071034,LI-0509295,SW-OBS-140,424,2024-01-10,2027-01-10
ENT-0805628,ACC-10430,CON-071034,LI-0509297,SW-ZTN-110,363,2024-01-10,2027-01-10
ENT-0805629,ACC-10430,CON-071034,LI-0509300,SW-SDC-130,240,2024-01-10,2027-01-10
ENT-0805630,ACC-10430,CON-071034,LI-0509301,SW-SDC-130,442,2024-01-10,2027-01-10
ENT-0805631,ACC-10430,CON-071034,LI-0509302,SUP-GOL-CORE,3,2024-01-10,2027-01-10
ENT-0805632,ACC-10431,CON-071035,LI-0509307,SUP-PLA-EDGE,1,2023-08-14,2028-08-14
ENT-0805633,ACC-10431,CON-071035,LI-0509308,SW-OBS-120,227,2023-08-14,2028-08-14
ENT-0805634,ACC-10431,CON-071035,LI-0509310,SW-OBS-110,284,2023-08-14,2028-08-14
ENT-0805635,ACC-10431,CON-071035,LI-0509312,SW-SEC-110,84,2023-08-14,2028-08-14
ENT-0805636,ACC-10431,CON-071035,LI-0509313,SUP-SIL-DC,2,2023-08-14,2028-08-14
ENT-0805637,ACC-10431,CON-071035,LI-0509314,SW-SDC-140,54,2023-08-14,2028-08-14
ENT-0805638,ACC-10431,CON-071035,LI-0509315,SW-OBS-140,233,2023-08-14,2028-08-14
ENT-0805639,ACC-10431,CON-071036,LI-0509318,SW-SEC-110,67,2025-07-02,2027-07-02
ENT-0805640,ACC-10431,CON-071036,LI-0509319,SW-SDC-140,161,2025-07-02,2027-07-02
ENT-0805641,ACC-10431,CON-071036,LI-0509320,SW-NOC-130,117,2025-07-02,2027-07-02
ENT-0805642,ACC-10432,CON-071037,LI-0509321,SUP-BRO-EDGE,1,2024-10-13,2027-10-13
ENT-0805643,ACC-10432,CON-071037,LI-0509323,SW-SEC-140,295,2024-10-13,2027-10-13
ENT-0805644,ACC-10432,CON-071037,LI-0509325,SUP-SIL-DC,6,2024-10-13,2027-10-13
ENT-0805645,ACC-10432,CON-071037,LI-0509326,SW-NOC-140,422,2024-10-13,2027-10-13
ENT-0805646,ACC-10432,CON-071037,LI-0509328,SUP-PLA-CORE,7,2024-10-13,2027-10-13
ENT-0805647,ACC-10432,CON-071037,LI-0509329,SUP-GOL-EDGE,6,2024-10-13,2027-10-13
ENT-0805648,ACC-10432,CON-071037,LI-0509330,SUP-GOL-DC,9,2024-10-13,2027-10-13
ENT-0805649,ACC-10432,CON-071037,LI-0509331,SUP-BRO-EDGE,4,2024-10-13,2027-10-13
ENT-0805650,ACC-10432,CON-071037,LI-0509333,SW-NOC-120,299,2024-10-13,2027-10-13
ENT-0805651,ACC-10432,CON-071037,LI-0509334,SW-SDC-140,105,2024-10-13,2027-10-13
ENT-0805652,ACC-10432,CON-071038,LI-0509335,SW-SEC-120,110,2025-02-19,2028-02-19
ENT-0805653,ACC-10432,CON-071038,LI-0509336,SW-ZTN-130,453,2025-02-19,2028-02-19
ENT-0805654,ACC-10432,CON-071038,LI-0509337,SW-SEC-140,391,2025-02-19,2028-02-19
ENT-0805655,ACC-10432,CON-071038,LI-0509339,SW-SEC-140,87,2025-02-19,2028-02-19
ENT-0805656,ACC-10432,CON-071038,LI-0509340,SUP-GOL-EDGE,1,2025-02-19,2028-02-19
ENT-0805657,ACC-10432,CON-071038,LI-0509341,SUP-GOL-DC,8,2025-02-19,2028-02-19
ENT-0805658,ACC-10432,CON-071038,LI-0509342,SW-NOC-110,105,2026-05-05,2028-02-19
ENT-0805659,ACC-10432,CON-071038,LI-0509343,SW-ZTN-120,208,2025-02-19,2028-02-19
ENT-0805660,ACC-10433,CON-071039,LI-0509344,SW-OBS-120,28,2025-01-21,2025-11-28
ENT-0805661,ACC-10433,CON-071039,LI-0509345,SW-SEC-130,281,2022-11-28,2025-11-28
ENT-0805662,ACC-10433,CON-071039,LI-0509346,SW-SEC-140,289,2022-11-28,2025-11-28
ENT-0805663,ACC-10433,CON-071039,LI-0509347,SW-ZTN-130,180,2022-11-28,2025-11-28
ENT-0805664,ACC-10433,CON-071039,LI-0509349,SW-NOC-110,272,2022-11-28,2025-11-28
ENT-0805665,ACC-10433,CON-071039,LI-0509351,SUP-GOL-CORE,3,2022-11-28,2025-11-28
ENT-0805666,ACC-10433,CON-071039,LI-0509352,SW-NOC-130,231,2022-11-28,2025-11-28
ENT-0805667,ACC-10434,CON-071040,LI-0509354,SUP-SIL-EDGE,3,2024-06-04,2027-06-04
ENT-0805668,ACC-10434,CON-071040,LI-0509355,SW-SEC-110,536,2025-03-29,2027-06-04
ENT-0805669,ACC-10434,CON-071040,LI-0509356,SW-OBS-120,376,2024-06-04,2027-06-04
ENT-0805670,ACC-10434,CON-071040,LI-0509357,SUP-BRO-DC,3,2024-06-04,2027-06-04
ENT-0805671,ACC-10434,CON-071040,LI-0509358,SW-SDC-110,322,2024-06-04,2027-06-04
ENT-0805672,ACC-10434,CON-071040,LI-0509359,SW-OBS-110,121,2024-06-04,2027-06-04
ENT-0805673,ACC-10434,CON-071040,LI-0509361,SW-NOC-110,197,2024-06-04,2027-06-04
ENT-0805674,ACC-10434,CON-071040,LI-0509362,SW-ZTN-120,153,2024-06-04,2027-06-04
ENT-0805675,ACC-10434,CON-071040,LI-0509363,SW-SEC-120,364,2024-06-04,2027-06-04
ENT-0805676,ACC-10434,CON-071041,LI-0509364,SUP-PLA-CORE,4,2024-06-24,2025-06-24
ENT-0805677,ACC-10434,CON-071041,LI-0509366,SW-OBS-120,208,2024-06-24,2025-06-24
ENT-0805678,ACC-10434,CON-071041,LI-0509367,SUP-BRO-DC,3,2024-06-24,2025-06-24
ENT-0805679,ACC-10434,CON-071041,LI-0509370,SW-ZTN-140,169,2024-06-24,2025-06-24
ENT-0805680,ACC-10434,CON-071041,LI-0509371,SW-ZTN-130,450,2024-06-24,2025-06-24
ENT-0805681,ACC-10434,CON-071041,LI-0509372,SW-SEC-140,81,2024-06-24,2025-06-24
ENT-0805682,ACC-10434,CON-071041,LI-0509373,SUP-SIL-DC,4,2024-06-24,2025-06-24
ENT-0805683,ACC-10434,CON-071041,LI-0509374,SW-SEC-110,154,2024-06-24,2025-06-24
ENT-0805684,ACC-10435,CON-071042,LI-0509378,SW-ZTN-110,82,2025-04-21,2026-04-21
ENT-0805685,ACC-10435,CON-071042,LI-0509380,SW-SEC-120,152,2025-04-21,2026-04-21
ENT-0805686,ACC-10435,CON-071042,LI-0509381,SW-SEC-110,249,2025-04-21,2026-04-21
ENT-0805687,ACC-10435,CON-071042,LI-0509382,SUP-PLA-CORE,2,2025-04-21,2026-04-21
ENT-0805688,ACC-10435,CON-071042,LI-0509383,SUP-GOL-DC,7,2025-04-21,2026-04-21
ENT-0805689,ACC-10435,CON-071043,LI-0509387,SW-OBS-120,684,2024-04-27,2026-04-27
ENT-0805690,ACC-10435,CON-071043,LI-0509388,SW-ZTN-110,328,2024-04-27,2026-04-27
ENT-0805691,ACC-10435,CON-071043,LI-0509389,SW-SEC-140,70,2024-04-27,2026-04-27
ENT-0805692,ACC-10435,CON-071043,LI-0509391,SUP-GOL-EDGE,5,2024-04-27,2026-04-27
ENT-0805693,ACC-10435,CON-071043,LI-0509393,SUP-PLA-CORE,5,2024-04-27,2026-04-27
ENT-0805694,ACC-10435,CON-071044,LI-0509398,SW-OBS-110,586,2023-06-19,2026-06-19
ENT-0805695,ACC-10435,CON-071044,LI-0509400,SW-NOC-120,366,2023-06-19,2026-06-19
ENT-0805696,ACC-10435,CON-071044,LI-0509402,SUP-SIL-DC,3,2023-06-19,2026-06-19
ENT-0805697,ACC-10435,CON-071044,LI-0509404,SUP-BRO-EDGE,4,2023-06-19,2026-06-19
ENT-0805698,ACC-10435,CON-071044,LI-0509406,SW-SDC-130,692,2023-06-19,2026-06-19
ENT-0805699,ACC-10435,CON-071044,LI-0509407,SUP-SIL-DC,2,2024-07-16,2026-06-19
ENT-0805700,ACC-10435,CON-071044,LI-0509408,SW-NOC-130,613,2023-06-19,2026-06-19
ENT-0805701,ACC-10435,CON-071044,LI-0509409,SUP-PLA-EDGE,8,2023-06-19,2026-06-19
ENT-0805702,ACC-10436,CON-071045,LI-0509414,SUP-GOL-EDGE,1,2022-06-29,2025-06-28
ENT-0805703,ACC-10436,CON-071045,LI-0509416,SW-NOC-120,100,2022-06-29,2025-06-28
ENT-0805704,ACC-10436,CON-071045,LI-0509418,SUP-BRO-EDGE,2,2024-09-27,2025-06-28
ENT-0805705,ACC-10436,CON-071046,LI-0509419,SW-NOC-120,20,2022-06-08,2024-06-08
ENT-0805706,ACC-10436,CON-071046,LI-0509421,SUP-SIL-CORE,1,2022-06-08,2024-06-08
ENT-0805707,ACC-10436,CON-071046,LI-0509422,SUP-PLA-CORE,1,2022-06-08,2024-06-08
ENT-0805708,ACC-10436,CON-071046,LI-0509428,SW-OBS-120,79,2022-06-08,2024-06-08
ENT-0805709,ACC-10437,CON-071047,LI-0509430,SW-NOC-130,45,2022-09-10,2024-09-10
ENT-0805710,ACC-10437,CON-071047,LI-0509431,SW-SEC-110,214,2022-09-10,2024-09-10
ENT-0805711,ACC-10437,CON-071047,LI-0509433,SUP-SIL-EDGE,10,2022-09-10,2024-09-10
ENT-0805712,ACC-10437,CON-071047,LI-0509434,SW-SDC-130,343,2022-09-10,2024-09-10
ENT-0805713,ACC-10437,CON-071047,LI-0509438,SW-NOC-130,265,2022-09-10,2024-09-10
ENT-0805714,ACC-10437,CON-071047,LI-0509439,SUP-GOL-EDGE,7,2022-09-10,2024-09-10
ENT-0805715,ACC-10437,CON-071048,LI-0509440,SW-OBS-140,474,2023-02-17,2026-02-17
ENT-0805716,ACC-10437,CON-071048,LI-0509441,SW-SDC-120,221,2023-02-17,2026-02-17
ENT-0805717,ACC-10437,CON-071048,LI-0509442,SW-OBS-130,464,2023-02-17,2026-02-17
ENT-0805718,ACC-10437,CON-071048,LI-0509443,SUP-GOL-EDGE,10,2023-02-17,2026-02-17
ENT-0805719,ACC-10437,CON-071048,LI-0509448,SW-SDC-120,750,2023-02-17,2026-02-17
ENT-0805720,ACC-10437,CON-071049,LI-0509450,SUP-BRO-CORE,8,2022-12-31,2025-12-28
ENT-0805721,ACC-10437,CON-071049,LI-0509452,SUP-SIL-EDGE,7,2022-12-31,2025-12-28
ENT-0805722,ACC-10437,CON-071049,LI-0509454,SW-SEC-140,53,2022-12-31,2025-12-28
ENT-0805723,ACC-10437,CON-071049,LI-0509455,SUP-SIL-DC,6,2022-12-31,2025-12-28
ENT-0805724,ACC-10437,CON-071049,LI-0509456,SUP-PLA-DC,12,2022-12-31,2025-12-28
ENT-0805725,ACC-10437,CON-071049,LI-0509458,SUP-BRO-EDGE,10,2022-12-31,2025-12-28
ENT-0805726,ACC-10437,CON-071049,LI-0509459,SUP-SIL-EDGE,3,2022-12-31,2025-12-28
ENT-0805727,ACC-10437,CON-071049,LI-0509460,SW-ZTN-110,327,2023-12-03,2025-12-28
ENT-0805728,ACC-10437,CON-071049,LI-0509461,SW-SEC-120,548,2022-12-31,2025-12-28
ENT-0805729,ACC-10437,CON-071050,LI-0509462,SUP-SIL-DC,2,2023-11-16,2028-11-16
ENT-0805730,ACC-10437,CON-071050,LI-0509465,SUP-SIL-CORE,11,2023-11-16,2028-11-16
ENT-0805731,ACC-10437,CON-071050,LI-0509466,SW-OBS-130,159,2025-04-12,2028-11-16
ENT-0805732,ACC-10437,CON-071050,LI-0509467,SW-SEC-130,403,2023-11-16,2028-11-16
ENT-0805733,ACC-10437,CON-071050,LI-0509468,SUP-SIL-DC,5,2023-11-16,2028-11-16
ENT-0805734,ACC-10437,CON-071050,LI-0509470,SUP-SIL-EDGE,1,2023-11-16,2028-11-16
ENT-0805735,ACC-10437,CON-071050,LI-0509471,SUP-PLA-DC,7,2023-11-16,2028-11-16
ENT-0805736,ACC-10437,CON-071050,LI-0509472,SW-SEC-130,639,2023-11-16,2028-11-16
ENT-0805737,ACC-10437,CON-071050,LI-0509473,SW-NOC-120,34,2023-11-16,2028-11-16
ENT-0805738,ACC-10437,CON-071050,LI-0509474,SW-ZTN-120,399,2023-11-16,2028-11-16
ENT-0805739,ACC-10437,CON-071050,LI-0509475,SUP-SIL-CORE,5,2023-11-16,2028-11-16
ENT-0805740,ACC-10438,CON-071051,LI-0509477,SW-SEC-120,130,2024-08-05,2025-08-05
ENT-0805741,ACC-10438,CON-071051,LI-0509478,SW-ZTN-140,68,2024-08-05,2025-08-05
ENT-0805742,ACC-10439,CON-071052,LI-0509480,SUP-BRO-CORE,10,2025-01-09,2026-01-09
ENT-0805743,ACC-10439,CON-071052,LI-0509481,SW-SDC-130,559,2025-08-11,2026-01-09
ENT-0805744,ACC-10439,CON-071052,LI-0509483,SW-SEC-140,1001,2025-01-09,2026-01-09
ENT-0805745,ACC-10439,CON-071052,LI-0509484,SW-SEC-140,76,2025-01-09,2026-01-09
ENT-0805746,ACC-10439,CON-071052,LI-0509489,SUP-PLA-CORE,2,2025-01-09,2026-01-09
ENT-0805747,ACC-10439,CON-071052,LI-0509490,SW-SEC-130,561,2025-01-09,2026-01-09
ENT-0805748,ACC-10439,CON-071052,LI-0509491,SW-SDC-140,72,2025-01-09,2026-01-09
ENT-0805749,ACC-10439,CON-071053,LI-0509492,SW-OBS-120,532,2022-03-30,2025-03-28
ENT-0805750,ACC-10439,CON-071053,LI-0509495,SW-SDC-110,551,2023-02-20,2025-03-28
ENT-0805751,ACC-10439,CON-071053,LI-0509496,SUP-GOL-EDGE,4,2022-03-30,2025-03-28
ENT-0805752,ACC-10439,CON-071053,LI-0509500,SW-SEC-120,610,2022-10-07,2025-03-28
ENT-0805753,ACC-10439,CON-071053,LI-0509502,SW-NOC-130,204,2022-03-30,2025-03-28
ENT-0805754,ACC-10439,CON-071053,LI-0509505,SW-SEC-140,646,2022-03-30,2025-03-28
ENT-0805755,ACC-10439,CON-071054,LI-0509506,SW-NOC-130,952,2025-03-16,2027-03-16
ENT-0805756,ACC-10439,CON-071054,LI-0509507,SW-NOC-120,310,2025-03-16,2027-03-16
ENT-0805757,ACC-10439,CON-071054,LI-0509508,SUP-GOL-CORE,9,2025-03-16,2027-03-16
ENT-0805758,ACC-10439,CON-071054,LI-0509509,SW-ZTN-110,67,2025-03-16,2027-03-16
ENT-0805759,ACC-10439,CON-071054,LI-0509510,SUP-PLA-CORE,12,2025-03-16,2027-03-16
ENT-0805760,ACC-10439,CON-071054,LI-0509511,SW-SDC-140,730,2025-03-16,2027-03-16
ENT-0805761,ACC-10439,CON-071054,LI-0509513,SW-SDC-130,222,2025-03-16,2027-03-16
ENT-0805762,ACC-10439,CON-071054,LI-0509514,SW-ZTN-110,215,2025-03-16,2027-03-16
ENT-0805763,ACC-10439,CON-071055,LI-0509519,SUP-PLA-EDGE,2,2024-07-09,2027-07-09
ENT-0805764,ACC-10439,CON-071055,LI-0509520,SW-SEC-120,242,2027-02-10,2027-07-09
ENT-0805765,ACC-10439,CON-071055,LI-0509522,SW-SEC-140,1058,2024-07-09,2027-07-09
ENT-0805766,ACC-10439,CON-071055,LI-0509526,SW-NOC-140,629,2024-07-09,2027-07-09
ENT-0805767,ACC-10440,CON-071056,LI-0509528,SW-NOC-140,325,2023-01-23,2024-01-23
ENT-0805768,ACC-10440,CON-071056,LI-0509531,SUP-SIL-EDGE,3,2023-01-23,2024-01-23
ENT-0805769,ACC-10440,CON-071056,LI-0509532,SUP-PLA-EDGE,6,2023-01-23,2024-01-23
ENT-0805770,ACC-10440,CON-071056,LI-0509534,SW-SEC-130,355,2023-01-23,2024-01-23
ENT-0805771,ACC-10440,CON-071056,LI-0509535,SUP-GOL-EDGE,6,2023-01-23,2024-01-23
ENT-0805772,ACC-10440,CON-071057,LI-0509536,SUP-BRO-DC,1,2022-12-30,2024-12-28
ENT-0805773,ACC-10440,CON-071057,LI-0509537,SW-ZTN-140,141,2022-12-30,2024-12-28
ENT-0805774,ACC-10440,CON-071057,LI-0509538,SUP-GOL-EDGE,3,2022-12-30,2024-12-28
ENT-0805775,ACC-10440,CON-071057,LI-0509539,SW-ZTN-130,93,2022-12-30,2024-12-28
ENT-0805776,ACC-10440,CON-071057,LI-0509540,SW-SDC-140,86,2022-12-30,2024-12-28
ENT-0805777,ACC-10440,CON-071057,LI-0509541,SW-ZTN-130,281,2022-12-30,2024-12-28
ENT-0805778,ACC-10440,CON-071057,LI-0509542,SW-ZTN-130,135,2022-12-30,2024-12-28
ENT-0805779,ACC-10440,CON-071057,LI-0509543,SUP-SIL-EDGE,1,2022-12-30,2024-12-28
ENT-0805780,ACC-10441,CON-071058,LI-0509545,SW-SEC-110,528,2024-03-16,2029-03-16
ENT-0805781,ACC-10441,CON-071058,LI-0509546,SW-SDC-140,389,2024-03-16,2029-03-16
ENT-0805782,ACC-10441,CON-071058,LI-0509548,SW-SEC-120,75,2024-03-16,2029-03-16
ENT-0805783,ACC-10441,CON-071058,LI-0509549,SW-OBS-110,561,2024-03-16,2029-03-16
ENT-0805784,ACC-10441,CON-071058,LI-0509550,SUP-SIL-CORE,7,2024-03-16,2029-03-16
ENT-0805785,ACC-10441,CON-071058,LI-0509551,SUP-BRO-CORE,2,2024-03-16,2029-03-16
ENT-0805786,ACC-10441,CON-071058,LI-0509552,SW-SDC-110,602,2024-03-16,2029-03-16
ENT-0805787,ACC-10441,CON-071058,LI-0509555,SUP-PLA-EDGE,2,2024-03-16,2029-03-16
ENT-0805788,ACC-10441,CON-071059,LI-0509557,SUP-SIL-DC,1,2024-11-11,2025-11-11
ENT-0805789,ACC-10441,CON-071059,LI-0509558,SW-ZTN-130,661,2024-11-11,2025-11-11
ENT-0805790,ACC-10441,CON-071059,LI-0509559,SUP-PLA-DC,7,2024-11-11,2025-11-11
ENT-0805791,ACC-10441,CON-071059,LI-0509561,SW-SDC-140,702,2024-11-11,2025-11-11
ENT-0805792,ACC-10441,CON-071059,LI-0509562,SW-SDC-140,575,2024-11-11,2025-11-11
ENT-0805793,ACC-10441,CON-071059,LI-0509564,SW-SEC-110,679,2024-11-11,2025-11-11
ENT-0805794,ACC-10441,CON-071059,LI-0509565,SW-OBS-120,651,2024-11-11,2025-11-11
ENT-0805795,ACC-10441,CON-071059,LI-0509566,SW-OBS-140,265,2024-11-11,2025-11-11
ENT-0805796,ACC-10442,CON-071060,LI-0509567,SUP-BRO-DC,8,2022-03-06,2024-03-06
ENT-0805797,ACC-10442,CON-071060,LI-0509568,SW-ZTN-140,332,2022-03-06,2024-03-06
ENT-0805798,ACC-10442,CON-071060,LI-0509570,SUP-SIL-DC,8,2022-03-06,2024-03-06
ENT-0805799,ACC-10442,CON-071060,LI-0509572,SUP-PLA-EDGE,5,2022-03-06,2024-03-06
ENT-0805800,ACC-10442,CON-071060,LI-0509574,SW-SDC-110,543,2022-03-06,2024-03-06
ENT-0805801,ACC-10442,CON-071060,LI-0509576,SUP-BRO-EDGE,7,2022-03-06,2024-03-06
ENT-0805802,ACC-10442,CON-071060,LI-0509578,SUP-PLA-EDGE,5,2022-03-06,2024-03-06
ENT-0805803,ACC-10442,CON-071061,LI-0509580,SUP-PLA-DC,10,2022-10-26,2024-10-26
ENT-0805804,ACC-10442,CON-071061,LI-0509581,SUP-PLA-EDGE,4,2022-10-26,2024-10-26
ENT-0805805,ACC-10442,CON-071061,LI-0509582,SW-ZTN-130,195,2022-10-26,2024-10-26
ENT-0805806,ACC-10442,CON-071061,LI-0509583,SW-NOC-110,146,2022-10-26,2024-10-26
ENT-0805807,ACC-10442,CON-071061,LI-0509584,SUP-BRO-CORE,9,2022-10-26,2024-10-26
ENT-0805808,ACC-10442,CON-071061,LI-0509585,SW-ZTN-140,493,2022-10-26,2024-10-26
ENT-0805809,ACC-10442,CON-071061,LI-0509587,SW-SEC-110,731,2022-10-26,2024-10-26
ENT-0805810,ACC-10442,CON-071061,LI-0509589,SW-OBS-130,263,2022-10-26,2024-10-26
ENT-0805811,ACC-10442,CON-071062,LI-0509591,SW-SEC-130,362,2024-10-19,2025-10-19
ENT-0805812,ACC-10442,CON-071062,LI-0509594,SW-SEC-120,458,2024-10-19,2025-10-19
ENT-0805813,ACC-10443,CON-071063,LI-0509595,SW-SEC-120,76,2022-11-30,2025-11-28
ENT-0805814,ACC-10443,CON-071063,LI-0509596,SW-OBS-130,381,2022-11-30,2025-11-28
ENT-0805815,ACC-10443,CON-071064,LI-0509600,SW-OBS-110,212,2022-06-20,2025-06-20
ENT-0805816,ACC-10443,CON-071064,LI-0509601,SW-NOC-120,337,2022-06-20,2025-06-20
ENT-0805817,ACC-10443,CON-071064,LI-0509603,SUP-PLA-DC,1,2022-06-20,2025-06-20
ENT-0805818,ACC-10443,CON-071064,LI-0509604,SUP-SIL-EDGE,5,2022-06-20,2025-06-20
ENT-0805819,ACC-10443,CON-071064,LI-0509607,SW-SEC-130,188,2022-06-20,2025-06-20
ENT-0805820,ACC-10443,CON-071064,LI-0509608,SUP-SIL-CORE,1,2022-06-20,2025-06-20
ENT-0805821,ACC-10443,CON-071064,LI-0509609,SW-NOC-110,101,2022-06-20,2025-06-20
ENT-0805822,ACC-10444,CON-071065,LI-0509610,SUP-PLA-EDGE,2,2024-11-19,2026-11-19
ENT-0805823,ACC-10444,CON-071065,LI-0509612,SW-OBS-130,100,2024-11-19,2026-11-19
ENT-0805824,ACC-10444,CON-071065,LI-0509613,SUP-SIL-EDGE,1,2024-11-19,2026-11-19
ENT-0805825,ACC-10444,CON-071066,LI-0509615,SW-ZTN-140,31,2022-01-26,2027-01-26
ENT-0805826,ACC-10444,CON-071066,LI-0509617,SW-OBS-130,196,2022-01-26,2027-01-26
ENT-0805827,ACC-10444,CON-071066,LI-0509618,SW-ZTN-140,42,2022-01-26,2027-01-26
ENT-0805828,ACC-10445,CON-071067,LI-0509622,SUP-BRO-CORE,3,2023-09-15,2025-09-15
ENT-0805829,ACC-10445,CON-071067,LI-0509624,SW-OBS-120,91,2023-09-15,2025-09-15
ENT-0805830,ACC-10445,CON-071067,LI-0509626,SUP-SIL-DC,4,2023-09-15,2025-09-15
ENT-0805831,ACC-10445,CON-071067,LI-0509629,SW-SDC-120,236,2023-09-15,2025-09-15
ENT-0805832,ACC-10445,CON-071067,LI-0509630,SW-NOC-140,127,2023-09-15,2025-09-15
ENT-0805833,ACC-10445,CON-071067,LI-0509631,SUP-BRO-EDGE,1,2023-09-15,2025-09-15
ENT-0805834,ACC-10445,CON-071067,LI-0509632,SUP-BRO-EDGE,2,2025-04-15,2025-09-15
ENT-0805835,ACC-10446,CON-071068,LI-0509633,SUP-GOL-DC,8,2024-10-27,2027-10-27
ENT-0805836,ACC-10446,CON-071068,LI-0509634,SUP-PLA-EDGE,5,2024-10-27,2027-10-27
ENT-0805837,ACC-10446,CON-071068,LI-0509635,SUP-PLA-DC,10,2024-10-27,2027-10-27
ENT-0805838,ACC-10446,CON-071068,LI-0509636,SUP-BRO-DC,11,2024-10-27,2027-10-27
ENT-0805839,ACC-10446,CON-071068,LI-0509637,SW-SDC-110,588,2024-10-27,2027-10-27
ENT-0805840,ACC-10446,CON-071068,LI-0509638,SUP-SIL-DC,11,2024-10-27,2027-10-27
ENT-0805841,ACC-10446,CON-071068,LI-0509639,SUP-GOL-EDGE,5,2024-10-27,2027-10-27
ENT-0805842,ACC-10446,CON-071068,LI-0509640,SUP-PLA-DC,11,2024-10-27,2027-10-27
ENT-0805843,ACC-10446,CON-071068,LI-0509643,SUP-BRO-CORE,2,2024-10-27,2027-10-27
ENT-0805844,ACC-10446,CON-071069,LI-0509645,SW-SEC-120,317,2024-04-04,2027-04-04
ENT-0805845,ACC-10446,CON-071069,LI-0509646,SUP-GOL-DC,5,2024-04-04,2027-04-04
ENT-0805846,ACC-10446,CON-071069,LI-0509648,SW-SEC-110,917,2024-04-04,2027-04-04
ENT-0805847,ACC-10446,CON-071069,LI-0509649,SW-OBS-110,512,2024-04-04,2027-04-04
ENT-0805848,ACC-10446,CON-071069,LI-0509651,SW-NOC-130,799,2024-04-04,2027-04-04
ENT-0805849,ACC-10446,CON-071069,LI-0509652,SUP-BRO-DC,1,2024-04-04,2027-04-04
ENT-0805850,ACC-10446,CON-071069,LI-0509653,SW-OBS-130,330,2024-04-04,2027-04-04
ENT-0805851,ACC-10446,CON-071069,LI-0509656,SW-NOC-120,576,2024-04-04,2027-04-04
ENT-0805852,ACC-10446,CON-071070,LI-0509657,SW-SEC-130,826,2022-10-03,2024-10-03
ENT-0805853,ACC-10446,CON-071070,LI-0509658,SW-ZTN-130,948,2022-10-03,2024-10-03
ENT-0805854,ACC-10446,CON-071070,LI-0509659,SW-SDC-120,895,2022-10-03,2024-10-03
ENT-0805855,ACC-10446,CON-071070,LI-0509660,SW-SDC-140,399,2024-06-06,2024-10-03
ENT-0805856,ACC-10446,CON-071070,LI-0509661,SW-SDC-140,624,2022-10-03,2024-10-03
ENT-0805857,ACC-10446,CON-071070,LI-0509662,SW-NOC-130,77,2022-10-03,2024-10-03
ENT-0805858,ACC-10446,CON-071070,LI-0509664,SW-OBS-120,870,2023-08-05,2024-10-03
ENT-0805859,ACC-10446,CON-071070,LI-0509665,SUP-SIL-EDGE,1,2022-10-03,2024-10-03
ENT-0805860,ACC-10446,CON-071070,LI-0509668,SUP-PLA-EDGE,9,2022-10-03,2024-10-03
ENT-0805861,ACC-10446,CON-071070,LI-0509669,SW-SEC-110,376,2022-10-03,2024-10-03
ENT-0805862,ACC-10447,CON-071071,LI-0509670,SW-SDC-120,823,2023-08-16,2024-08-16
ENT-0805863,ACC-10447,CON-071071,LI-0509671,SW-ZTN-120,659,2023-08-16,2024-08-16
ENT-0805864,ACC-10447,CON-071071,LI-0509672,SW-ZTN-130,216,2023-08-16,2024-08-16
ENT-0805865,ACC-10447,CON-071071,LI-0509673,SW-SDC-120,831,2023-08-16,2024-08-16
ENT-0805866,ACC-10447,CON-071071,LI-0509674,SW-SEC-140,647,2023-08-16,2024-08-16
ENT-0805867,ACC-10447,CON-071072,LI-0509676,SW-ZTN-110,643,2025-09-08,2026-09-08
ENT-0805868,ACC-10447,CON-071072,LI-0509678,SW-SEC-120,517,2025-09-08,2026-09-08
ENT-0805869,ACC-10447,CON-071072,LI-0509679,SUP-GOL-EDGE,9,2026-05-14,2026-09-08
ENT-0805870,ACC-10448,CON-071073,LI-0509681,SW-ZTN-140,898,2023-12-23,2024-12-23
ENT-0805871,ACC-10448,CON-071073,LI-0509683,SW-SDC-120,1013,2023-12-23,2024-12-23
ENT-0805872,ACC-10448,CON-071073,LI-0509685,SW-SEC-130,491,2023-12-23,2024-12-23
ENT-0805873,ACC-10448,CON-071073,LI-0509687,SW-SDC-140,975,2024-06-22,2024-12-23
ENT-0805874,ACC-10448,CON-071073,LI-0509688,SW-OBS-140,43,2023-12-23,2024-12-23
ENT-0805875,ACC-10448,CON-071073,LI-0509690,SUP-PLA-CORE,14,2023-12-23,2024-12-23
ENT-0805876,ACC-10448,CON-071074,LI-0509691,SW-SDC-110,758,2023-12-11,2028-12-11
ENT-0805877,ACC-10448,CON-071074,LI-0509693,SUP-SIL-EDGE,12,2023-12-11,2028-12-11
ENT-0805878,ACC-10448,CON-071074,LI-0509697,SUP-BRO-DC,8,2023-12-11,2028-12-11
ENT-0805879,ACC-10448,CON-071074,LI-0509699,SUP-SIL-EDGE,1,2023-12-11,2028-12-11
ENT-0805880,ACC-10448,CON-071074,LI-0509701,SUP-BRO-CORE,14,2023-12-11,2028-12-11
ENT-0805881,ACC-10448,CON-071075,LI-0509702,SW-NOC-110,889,2025-12-12,2028-12-12
ENT-0805882,ACC-10448,CON-071075,LI-0509704,SW-SEC-140,650,2025-12-12,2028-12-12
ENT-0805883,ACC-10448,CON-071075,LI-0509705,SW-OBS-140,1087,2025-12-12,2028-12-12
ENT-0805884,ACC-10448,CON-071076,LI-0509707,SW-SEC-110,236,2023-05-02,2028-05-02
ENT-0805885,ACC-10448,CON-071076,LI-0509709,SW-SDC-140,755,2023-05-02,2028-05-02
ENT-0805886,ACC-10448,CON-071076,LI-0509710,SUP-GOL-CORE,1,2023-05-02,2028-05-02
ENT-0805887,ACC-10448,CON-071076,LI-0509711,SW-SEC-130,1007,2023-05-02,2028-05-02
ENT-0805888,ACC-10448,CON-071076,LI-0509713,SUP-BRO-CORE,11,2023-05-02,2028-05-02
ENT-0805889,ACC-10448,CON-071076,LI-0509714,SW-ZTN-110,927,2023-05-02,2028-05-02
ENT-0805890,ACC-10448,CON-071076,LI-0509715,SW-ZTN-130,1111,2023-05-02,2028-05-02
ENT-0805891,ACC-10449,CON-071077,LI-0509719,SUP-GOL-CORE,4,2023-10-12,2026-10-12
ENT-0805892,ACC-10449,CON-071077,LI-0509720,SUP-SIL-CORE,10,2023-10-12,2026-10-12
ENT-0805893,ACC-10449,CON-071077,LI-0509721,SW-SEC-130,283,2023-10-12,2026-10-12
ENT-0805894,ACC-10449,CON-071077,LI-0509722,SW-NOC-140,43,2023-10-12,2026-10-12
ENT-0805895,ACC-10449,CON-071077,LI-0509724,SW-SEC-140,84,2023-10-12,2026-10-12
ENT-0805896,ACC-10449,CON-071077,LI-0509726,SW-NOC-110,54,2023-10-12,2026-10-12
ENT-0805897,ACC-10449,CON-071077,LI-0509727,SUP-GOL-DC,2,2023-10-12,2026-10-12
ENT-0805898,ACC-10449,CON-071077,LI-0509729,SW-OBS-120,615,2023-10-12,2026-10-12
ENT-0805899,ACC-10449,CON-071077,LI-0509730,SUP-PLA-DC,2,2023-10-12,2026-10-12
ENT-0805900,ACC-10449,CON-071078,LI-0509731,SW-OBS-120,107,2024-10-22,2029-10-22
ENT-0805901,ACC-10449,CON-071078,LI-0509732,SW-NOC-110,612,2024-10-22,2029-10-22
ENT-0805902,ACC-10449,CON-071078,LI-0509733,SW-NOC-120,170,2024-10-22,2029-10-22
ENT-0805903,ACC-10449,CON-071078,LI-0509734,SW-SDC-120,93,2024-10-22,2029-10-22
ENT-0805904,ACC-10449,CON-071078,LI-0509735,SW-ZTN-120,532,2024-10-22,2029-10-22
ENT-0805905,ACC-10449,CON-071078,LI-0509736,SUP-PLA-CORE,4,2024-10-22,2029-10-22
ENT-0805906,ACC-10450,CON-071079,LI-0509737,SUP-PLA-CORE,2,2022-01-23,2025-01-23
ENT-0805907,ACC-10450,CON-071079,LI-0509738,SW-OBS-110,158,2022-01-23,2025-01-23
ENT-0805908,ACC-10450,CON-071079,LI-0509739,SW-SDC-140,209,2022-01-23,2025-01-23
ENT-0805909,ACC-10450,CON-071079,LI-0509740,SW-SEC-130,247,2022-01-23,2025-01-23
ENT-0805910,ACC-10450,CON-071079,LI-0509741,SUP-BRO-CORE,1,2022-01-23,2025-01-23
ENT-0805911,ACC-10450,CON-071080,LI-0509745,SUP-PLA-DC,5,2022-09-07,2025-09-07
ENT-0805912,ACC-10450,CON-071080,LI-0509748,SUP-PLA-CORE,2,2022-09-07,2025-09-07
ENT-0805913,ACC-10450,CON-071080,LI-0509750,SUP-PLA-DC,5,2022-09-07,2025-09-07
ENT-0805914,ACC-10451,CON-071081,LI-0509752,SW-ZTN-120,620,2025-05-13,2026-05-13
ENT-0805915,ACC-10451,CON-071081,LI-0509755,SW-SDC-140,634,2025-05-13,2026-05-13
ENT-0805916,ACC-10451,CON-071081,LI-0509756,SW-SEC-110,308,2025-05-13,2026-05-13
ENT-0805917,ACC-10451,CON-071081,LI-0509758,SW-ZTN-130,320,2025-05-13,2026-05-13
ENT-0805918,ACC-10451,CON-071081,LI-0509759,SUP-PLA-CORE,3,2025-11-18,2026-05-13
ENT-0805919,ACC-10451,CON-071081,LI-0509761,SW-NOC-140,794,2025-05-13,2026-05-13
ENT-0805920,ACC-10451,CON-071082,LI-0509763,SUP-PLA-DC,10,2022-06-23,2025-06-23
ENT-0805921,ACC-10451,CON-071082,LI-0509764,SUP-SIL-EDGE,6,2022-06-23,2025-06-23
ENT-0805922,ACC-10451,CON-071082,LI-0509765,SW-ZTN-120,922,2024-04-05,2025-06-23
ENT-0805923,ACC-10451,CON-071082,LI-0509766,SW-SDC-110,436,2022-06-23,2025-06-23
ENT-0805924,ACC-10451,CON-071082,LI-0509767,SUP-BRO-EDGE,5,2022-06-23,2025-06-23
ENT-0805925,ACC-10451,CON-071082,LI-0509768,SUP-BRO-CORE,7,2022-06-23,2025-06-23
ENT-0805926,ACC-10451,CON-071082,LI-0509769,SUP-SIL-DC,11,2022-06-23,2025-06-23
ENT-0805927,ACC-10451,CON-071082,LI-0509770,SUP-SIL-EDGE,12,2022-06-23,2025-06-23
ENT-0805928,ACC-10451,CON-071082,LI-0509771,SUP-GOL-DC,7,2022-06-23,2025-06-23
ENT-0805929,ACC-10451,CON-071082,LI-0509772,SUP-GOL-EDGE,3,2025-03-01,2025-06-23
ENT-0805930,ACC-10451,CON-071082,LI-0509773,SW-OBS-110,428,2022-06-23,2025-06-23
ENT-0805931,ACC-10451,CON-071082,LI-0509774,SUP-SIL-EDGE,12,2022-06-23,2025-06-23
ENT-0805932,ACC-10451,CON-071082,LI-0509775,SUP-BRO-CORE,12,2022-06-23,2025-06-23
ENT-0805933,ACC-10451,CON-071082,LI-0509776,SUP-BRO-EDGE,8,2022-06-23,2025-06-23
ENT-0805934,ACC-10452,CON-071083,LI-0509777,SW-NOC-130,274,2022-04-22,2023-04-22
ENT-0805935,ACC-10452,CON-071083,LI-0509779,SW-NOC-120,514,2022-04-22,2023-04-22
ENT-0805936,ACC-10452,CON-071083,LI-0509781,SW-OBS-130,563,2022-04-22,2023-04-22
ENT-0805937,ACC-10452,CON-071083,LI-0509782,SUP-SIL-DC,3,2022-04-22,2023-04-22
ENT-0805938,ACC-10452,CON-071083,LI-0509783,SUP-BRO-EDGE,5,2022-04-22,2023-04-22
ENT-0805939,ACC-10452,CON-071083,LI-0509784,SW-ZTN-110,530,2022-04-22,2023-04-22
ENT-0805940,ACC-10452,CON-071083,LI-0509785,SUP-GOL-EDGE,5,2022-04-22,2023-04-22
ENT-0805941,ACC-10452,CON-071083,LI-0509786,SW-ZTN-110,397,2022-04-22,2023-04-22
ENT-0805942,ACC-10452,CON-071084,LI-0509788,SW-NOC-120,347,2022-08-05,2024-08-05
ENT-0805943,ACC-10452,CON-071084,LI-0509790,SW-NOC-110,564,2022-08-05,2024-08-05
ENT-0805944,ACC-10452,CON-071085,LI-0509793,SUP-PLA-DC,1,2022-08-05,2024-08-05
ENT-0805945,ACC-10452,CON-071085,LI-0509797,SUP-GOL-CORE,1,2022-08-05,2024-08-05
ENT-0805946,ACC-10452,CON-071085,LI-0509798,SW-OBS-110,214,2022-08-05,2024-08-05
ENT-0805947,ACC-10452,CON-071085,LI-0509799,SW-SDC-120,108,2022-08-05,2024-08-05
ENT-0805948,ACC-10452,CON-071085,LI-0509800,SUP-SIL-CORE,5,2023-06-25,2024-08-05
ENT-0805949,ACC-10452,CON-071085,LI-0509802,SUP-BRO-CORE,1,2022-08-05,2024-08-05
ENT-0805950,ACC-10453,CON-071086,LI-0509807,SUP-GOL-DC,8,2022-11-18,2025-11-18
ENT-0805951,ACC-10453,CON-071086,LI-0509808,SUP-GOL-CORE,4,2022-11-18,2025-11-18
ENT-0805952,ACC-10453,CON-071086,LI-0509809,SUP-PLA-CORE,1,2022-11-18,2025-11-18
ENT-0805953,ACC-10453,CON-071087,LI-0509812,SW-ZTN-130,541,2025-05-03,2028-05-03
ENT-0805954,ACC-10453,CON-071087,LI-0509813,SUP-GOL-EDGE,8,2025-05-03,2028-05-03
ENT-0805955,ACC-10453,CON-071087,LI-0509814,SW-SDC-130,41,2025-05-03,2028-05-03
ENT-0805956,ACC-10453,CON-071087,LI-0509815,SW-ZTN-110,131,2025-05-03,2028-05-03
ENT-0805957,ACC-10453,CON-071087,LI-0509816,SUP-PLA-CORE,3,2026-12-07,2028-05-03
ENT-0805958,ACC-10453,CON-071087,LI-0509817,SW-SDC-120,283,2025-05-03,2028-05-03
ENT-0805959,ACC-10453,CON-071087,LI-0509820,SUP-SIL-DC,1,2025-05-03,2028-05-03
ENT-0805960,ACC-10453,CON-071087,LI-0509822,SUP-PLA-EDGE,1,2025-05-03,2028-05-03
ENT-0805961,ACC-10454,CON-071088,LI-0509825,SUP-BRO-EDGE,5,2022-11-13,2023-11-13
ENT-0805962,ACC-10454,CON-071088,LI-0509826,SUP-BRO-DC,5,2022-11-13,2023-11-13
ENT-0805963,ACC-10454,CON-071088,LI-0509829,SUP-BRO-CORE,1,2022-11-13,2023-11-13
ENT-0805964,ACC-10454,CON-071088,LI-0509832,SW-SEC-140,714,2022-11-13,2023-11-13
ENT-0805965,ACC-10454,CON-071089,LI-0509836,SW-SEC-140,725,2022-03-09,2023-03-09
ENT-0805966,ACC-10454,CON-071089,LI-0509838,SUP-BRO-DC,5,2022-03-09,2023-03-09
ENT-0805967,ACC-10454,CON-071089,LI-0509839,SW-NOC-140,138,2022-03-09,2023-03-09
ENT-0805968,ACC-10454,CON-071090,LI-0509843,SUP-SIL-DC,5,2022-10-18,2025-10-18
ENT-0805969,ACC-10454,CON-071090,LI-0509844,SW-OBS-130,525,2022-10-18,2025-10-18
ENT-0805970,ACC-10454,CON-071090,LI-0509845,SW-SDC-110,519,2022-10-18,2025-10-18
ENT-0805971,ACC-10454,CON-071090,LI-0509848,SW-ZTN-130,638,2022-10-18,2025-10-18
ENT-0805972,ACC-10454,CON-071090,LI-0509849,SW-NOC-120,194,2022-10-18,2025-10-18
ENT-0805973,ACC-10454,CON-071090,LI-0509850,SW-SEC-110,205,2022-10-18,2025-10-18
ENT-0805974,ACC-10455,CON-071091,LI-0509853,SUP-BRO-EDGE,4,2027-01-29,2027-07-11
ENT-0805975,ACC-10455,CON-071091,LI-0509854,SW-OBS-130,54,2025-07-11,2027-07-11
ENT-0805976,ACC-10455,CON-071091,LI-0509855,SUP-PLA-DC,6,2025-07-11,2027-07-11
ENT-0805977,ACC-10455,CON-071091,LI-0509859,SUP-GOL-CORE,6,2025-07-11,2027-07-11
ENT-0805978,ACC-10455,CON-071091,LI-0509860,SW-OBS-120,236,2025-07-11,2027-07-11
ENT-0805979,ACC-10456,CON-071092,LI-0509861,SW-NOC-120,148,2024-12-15,2025-05-24
ENT-0805980,ACC-10457,CON-071093,LI-0509865,SW-ZTN-120,211,2025-04-30,2026-04-28
ENT-0805981,ACC-10457,CON-071093,LI-0509867,SW-NOC-110,340,2025-04-30,2026-04-28
ENT-0805982,ACC-10457,CON-071093,LI-0509868,SW-NOC-140,25,2025-04-30,2026-04-28
ENT-0805983,ACC-10457,CON-071093,LI-0509871,SW-OBS-140,423,2025-04-30,2026-04-28
ENT-0805984,ACC-10458,CON-071094,LI-0509872,SW-SEC-110,502,2025-06-12,2026-06-12
ENT-0805985,ACC-10458,CON-071094,LI-0509874,SUP-BRO-DC,5,2025-06-12,2026-06-12
ENT-0805986,ACC-10458,CON-071094,LI-0509875,SW-OBS-140,530,2025-06-12,2026-06-12
ENT-0805987,ACC-10458,CON-071094,LI-0509878,SUP-GOL-EDGE,1,2025-06-12,2026-06-12
ENT-0805988,ACC-10458,CON-071095,LI-0509879,SUP-PLA-DC,7,2023-04-19,2026-04-19
ENT-0805989,ACC-10458,CON-071095,LI-0509881,SW-OBS-110,223,2023-04-19,2026-04-19
ENT-0805990,ACC-10458,CON-071095,LI-0509882,SUP-GOL-CORE,6,2023-04-19,2026-04-19
ENT-0805991,ACC-10458,CON-071095,LI-0509883,SW-SEC-110,544,2023-04-19,2026-04-19
ENT-0805992,ACC-10458,CON-071095,LI-0509884,SW-SDC-120,87,2023-04-19,2026-04-19
ENT-0805993,ACC-10458,CON-071095,LI-0509888,SUP-PLA-DC,4,2023-04-19,2026-04-19
ENT-0805994,ACC-10458,CON-071095,LI-0509890,SUP-BRO-CORE,2,2023-04-19,2026-04-19
ENT-0805995,ACC-10458,CON-071095,LI-0509891,SUP-SIL-EDGE,1,2023-04-19,2026-04-19
ENT-0805996,ACC-10458,CON-071096,LI-0509893,SW-SEC-140,119,2022-08-07,2024-08-07
ENT-0805997,ACC-10458,CON-071096,LI-0509894,SW-OBS-110,36,2022-08-07,2024-08-07
ENT-0805998,ACC-10458,CON-071096,LI-0509895,SW-ZTN-140,178,2022-08-07,2024-08-07
ENT-0805999,ACC-10458,CON-071096,LI-0509896,SUP-PLA-CORE,2,2022-08-07,2024-08-07
ENT-0806000,ACC-10458,CON-071096,LI-0509898,SW-OBS-110,562,2023-07-16,2024-08-07
ENT-0806001,ACC-10458,CON-071096,LI-0509899,SW-NOC-120,231,2022-08-07,2024-08-07
ENT-0806002,ACC-10458,CON-071096,LI-0509900,SW-SDC-110,276,2022-08-07,2024-08-07
ENT-0806003,ACC-10458,CON-071096,LI-0509901,SW-NOC-140,80,2022-08-07,2024-08-07
ENT-0806004,ACC-10459,CON-071097,LI-0509905,SUP-SIL-CORE,4,2024-09-03,2026-09-03
ENT-0806005,ACC-10459,CON-071097,LI-0509907,SUP-GOL-DC,2,2024-09-03,2026-09-03
ENT-0806006,ACC-10459,CON-071097,LI-0509908,SUP-GOL-EDGE,6,2024-09-03,2026-09-03
ENT-0806007,ACC-10459,CON-071097,LI-0509910,SUP-SIL-EDGE,4,2024-09-03,2026-09-03
ENT-0806008,ACC-10459,CON-071097,LI-0509911,SW-SEC-130,659,2024-09-03,2026-09-03
ENT-0806009,ACC-10459,CON-071097,LI-0509912,SUP-PLA-CORE,6,2024-09-03,2026-09-03
ENT-0806010,ACC-10459,CON-071097,LI-0509916,SUP-SIL-DC,1,2025-03-23,2026-09-03
ENT-0806011,ACC-10459,CON-071097,LI-0509917,SUP-GOL-EDGE,1,2024-09-03,2026-09-03
ENT-0806012,ACC-10459,CON-071097,LI-0509918,SW-SEC-120,77,2024-09-03,2026-09-03
ENT-0806013,ACC-10459,CON-071098,LI-0509919,SW-SDC-110,503,2025-11-28,2028-11-28
ENT-0806014,ACC-10459,CON-071098,LI-0509921,SW-SDC-140,77,2025-11-28,2028-11-28
ENT-0806015,ACC-10459,CON-071098,LI-0509922,SW-OBS-140,424,2025-11-28,2028-11-28
ENT-0806016,ACC-10459,CON-071098,LI-0509924,SW-ZTN-120,502,2025-11-28,2028-11-28
ENT-0806017,ACC-10459,CON-071098,LI-0509925,SW-NOC-130,492,2025-11-28,2028-11-28
ENT-0806018,ACC-10459,CON-071098,LI-0509927,SW-ZTN-130,327,2027-10-26,2028-11-28
ENT-0806019,ACC-10459,CON-071098,LI-0509928,SW-SEC-130,218,2025-11-28,2028-11-28
ENT-0806020,ACC-10459,CON-071098,LI-0509929,SW-SEC-140,109,2025-11-28,2028-11-28
ENT-0806021,ACC-10459,CON-071099,LI-0509931,SW-OBS-130,63,2023-09-30,2024-09-28
ENT-0806022,ACC-10459,CON-071099,LI-0509932,SUP-BRO-DC,6,2023-09-30,2024-09-28
ENT-0806023,ACC-10459,CON-071099,LI-0509933,SW-OBS-140,535,2023-09-30,2024-09-28
ENT-0806024,ACC-10459,CON-071099,LI-0509935,SUP-GOL-DC,1,2023-12-14,2024-09-28
ENT-0806025,ACC-10459,CON-071099,LI-0509936,SW-SDC-140,148,2023-09-30,2024-09-28
ENT-0806026,ACC-10459,CON-071099,LI-0509938,SUP-BRO-CORE,2,2023-09-30,2024-09-28
ENT-0806027,ACC-10459,CON-071099,LI-0509939,SW-NOC-140,463,2023-09-30,2024-09-28
ENT-0806028,ACC-10459,CON-071100,LI-0509943,SUP-PLA-EDGE,8,2022-06-04,2023-06-04
ENT-0806029,ACC-10459,CON-071100,LI-0509944,SUP-GOL-CORE,4,2022-06-04,2023-06-04
ENT-0806030,ACC-10459,CON-071100,LI-0509947,SW-NOC-110,488,2022-06-04,2023-06-04
ENT-0806031,ACC-10459,CON-071100,LI-0509948,SUP-BRO-EDGE,5,2022-06-04,2023-06-04
ENT-0806032,ACC-10459,CON-071100,LI-0509951,SUP-PLA-DC,4,2022-06-04,2023-06-04
ENT-0806033,ACC-10460,CON-071101,LI-0509952,SW-SDC-120,276,2025-07-04,2030-07-04
ENT-0806034,ACC-10460,CON-071101,LI-0509953,SUP-GOL-DC,4,2025-07-04,2030-07-04
ENT-0806035,ACC-10460,CON-071101,LI-0509954,SUP-PLA-CORE,4,2025-07-04,2030-07-04
ENT-0806036,ACC-10460,CON-071101,LI-0509957,SUP-SIL-CORE,5,2025-07-04,2030-07-04
ENT-0806037,ACC-10460,CON-071101,LI-0509958,SUP-GOL-CORE,1,2025-07-04,2030-07-04
ENT-0806038,ACC-10460,CON-071101,LI-0509960,SUP-PLA-CORE,3,2025-07-04,2030-07-04
ENT-0806039,ACC-10460,CON-071101,LI-0509961,SW-SEC-120,280,2025-07-04,2030-07-04
ENT-0806040,ACC-10460,CON-071101,LI-0509963,SW-NOC-140,166,2025-07-04,2030-07-04
ENT-0806041,ACC-10461,CON-071102,LI-0509965,SW-OBS-110,531,2023-07-08,2026-07-08
ENT-0806042,ACC-10461,CON-071102,LI-0509966,SUP-GOL-CORE,8,2023-07-08,2026-07-08
ENT-0806043,ACC-10461,CON-071102,LI-0509968,SUP-SIL-EDGE,12,2023-07-08,2026-07-08
ENT-0806044,ACC-10461,CON-071102,LI-0509969,SW-NOC-140,561,2023-07-08,2026-07-08
ENT-0806045,ACC-10461,CON-071102,LI-0509970,SUP-PLA-DC,8,2023-07-08,2026-07-08
ENT-0806046,ACC-10461,CON-071102,LI-0509971,SUP-BRO-EDGE,9,2023-07-08,2026-07-08
ENT-0806047,ACC-10461,CON-071102,LI-0509972,SW-ZTN-120,870,2023-07-08,2026-07-08
ENT-0806048,ACC-10461,CON-071102,LI-0509973,SUP-GOL-EDGE,12,2023-07-08,2026-07-08
ENT-0806049,ACC-10461,CON-071102,LI-0509974,SW-OBS-140,695,2023-07-08,2026-07-08
ENT-0806050,ACC-10461,CON-071102,LI-0509975,SUP-SIL-CORE,12,2023-07-08,2026-07-08
ENT-0806051,ACC-10461,CON-071102,LI-0509976,SUP-BRO-CORE,1,2023-07-08,2026-07-08
ENT-0806052,ACC-10461,CON-071102,LI-0509977,SW-SDC-120,601,2023-07-08,2026-07-08
ENT-0806053,ACC-10461,CON-071103,LI-0509978,SW-SDC-130,810,2022-07-07,2024-07-07
ENT-0806054,ACC-10461,CON-071103,LI-0509981,SUP-BRO-EDGE,2,2022-07-07,2024-07-07
ENT-0806055,ACC-10461,CON-071103,LI-0509982,SUP-SIL-CORE,12,2022-07-07,2024-07-07
ENT-0806056,ACC-10461,CON-071103,LI-0509983,SW-NOC-140,569,2022-07-07,2024-07-07
ENT-0806057,ACC-10461,CON-071103,LI-0509985,SW-ZTN-110,213,2022-07-07,2024-07-07
ENT-0806058,ACC-10461,CON-071103,LI-0509986,SW-OBS-110,338,2022-07-07,2024-07-07
ENT-0806059,ACC-10461,CON-071103,LI-0509989,SUP-GOL-EDGE,7,2022-07-07,2024-07-07
ENT-0806060,ACC-10462,CON-071104,LI-0509991,SUP-PLA-EDGE,1,2025-04-02,2027-04-02
ENT-0806061,ACC-10462,CON-071104,LI-0509992,SW-SEC-140,352,2025-04-02,2027-04-02
ENT-0806062,ACC-10462,CON-071104,LI-0509993,SW-SEC-120,250,2025-04-02,2027-04-02
ENT-0806063,ACC-10462,CON-071104,LI-0509994,SUP-SIL-DC,3,2025-04-02,2027-04-02
ENT-0806064,ACC-10462,CON-071104,LI-0509995,SW-OBS-140,210,2025-04-02,2027-04-02
ENT-0806065,ACC-10462,CON-071105,LI-0509997,SW-OBS-130,244,2022-11-13,2024-11-13
ENT-0806066,ACC-10462,CON-071105,LI-0509998,SUP-PLA-EDGE,2,2022-11-13,2024-11-13
ENT-0806067,ACC-10462,CON-071105,LI-0510000,SW-OBS-120,104,2022-11-13,2024-11-13
ENT-0806068,ACC-10462,CON-071105,LI-0510002,SUP-PLA-DC,1,2022-11-13,2024-11-13
ENT-0806069,ACC-10463,CON-071106,LI-0510003,SW-NOC-120,643,2025-08-31,2028-08-28
ENT-0806070,ACC-10463,CON-071106,LI-0510005,SW-OBS-110,86,2025-08-31,2028-08-28
ENT-0806071,ACC-10463,CON-071106,LI-0510012,SW-NOC-120,401,2027-03-24,2028-08-28
ENT-0806072,ACC-10463,CON-071106,LI-0510013,SUP-SIL-CORE,6,2025-08-31,2028-08-28
ENT-0806073,ACC-10463,CON-071106,LI-0510014,SW-OBS-110,234,2025-08-31,2028-08-28
ENT-0806074,ACC-10463,CON-071107,LI-0510017,SUP-SIL-CORE,3,2022-06-12,2027-06-12
ENT-0806075,ACC-10463,CON-071107,LI-0510020,SUP-PLA-DC,6,2022-06-12,2027-06-12
ENT-0806076,ACC-10463,CON-071107,LI-0510022,SW-SDC-140,289,2022-06-12,2027-06-12
ENT-0806077,ACC-10463,CON-071107,LI-0510024,SUP-GOL-DC,6,2022-06-12,2027-06-12
ENT-0806078,ACC-10463,CON-071107,LI-0510027,SW-NOC-130,265,2022-06-12,2027-06-12
ENT-0806079,ACC-10463,CON-071108,LI-0510030,SW-SEC-130,652,2022-12-21,2023-12-21
ENT-0806080,ACC-10463,CON-071108,LI-0510031,SUP-PLA-EDGE,2,2022-12-21,2023-12-21
ENT-0806081,ACC-10463,CON-071108,LI-0510032,SW-SEC-120,142,2022-12-21,2023-12-21
ENT-0806082,ACC-10463,CON-071108,LI-0510034,SW-ZTN-110,163,2022-12-21,2023-12-21
ENT-0806083,ACC-10463,CON-071108,LI-0510037,SUP-BRO-DC,1,2022-12-21,2023-12-21
ENT-0806084,ACC-10463,CON-071108,LI-0510039,SW-OBS-140,395,2022-12-21,2023-12-21
ENT-0806085,ACC-10463,CON-071109,LI-0510042,SUP-GOL-EDGE,7,2025-09-27,2026-09-27
ENT-0806086,ACC-10463,CON-071109,LI-0510045,SW-OBS-120,351,2025-09-27,2026-09-27
ENT-0806087,ACC-10463,CON-071109,LI-0510046,SUP-GOL-EDGE,6,2025-09-27,2026-09-27
ENT-0806088,ACC-10463,CON-071109,LI-0510047,SW-SDC-130,691,2025-09-27,2026-09-27
ENT-0806089,ACC-10464,CON-071110,LI-0510048,SW-SDC-110,35,2023-05-31,2024-05-28
ENT-0806090,ACC-10464,CON-071110,LI-0510049,SUP-BRO-DC,1,2023-05-31,2024-05-28
ENT-0806091,ACC-10464,CON-071110,LI-0510050,SW-OBS-130,335,2023-05-31,2024-05-28
ENT-0806092,ACC-10464,CON-071110,LI-0510051,SW-SDC-120,168,2023-05-31,2024-05-28
ENT-0806093,ACC-10464,CON-071110,LI-0510058,SUP-GOL-CORE,2,2023-05-31,2024-05-28
ENT-0806094,ACC-10464,CON-071111,LI-0510059,SUP-BRO-CORE,4,2022-01-11,2024-01-11
ENT-0806095,ACC-10464,CON-071111,LI-0510060,SW-NOC-120,221,2022-01-11,2024-01-11
ENT-0806096,ACC-10464,CON-071111,LI-0510062,SW-SDC-130,354,2022-01-11,2024-01-11
ENT-0806097,ACC-10464,CON-071111,LI-0510063,SW-ZTN-110,229,2022-01-11,2024-01-11
ENT-0806098,ACC-10464,CON-071111,LI-0510064,SUP-SIL-CORE,1,2022-01-11,2024-01-11
ENT-0806099,ACC-10464,CON-071111,LI-0510066,SUP-GOL-EDGE,1,2022-01-11,2024-01-11
ENT-0806100,ACC-10465,CON-071112,LI-0510069,SUP-SIL-EDGE,1,2025-03-06,2028-03-06
ENT-0806101,ACC-10465,CON-071113,LI-0510077,SUP-SIL-CORE,5,2022-06-03,2025-06-03
ENT-0806102,ACC-10465,CON-071113,LI-0510078,SW-ZTN-110,205,2022-06-03,2025-06-03
ENT-0806103,ACC-10465,CON-071113,LI-0510080,SW-ZTN-120,195,2022-06-03,2025-06-03
ENT-0806104,ACC-10465,CON-071113,LI-0510082,SUP-PLA-CORE,3,2022-06-03,2025-06-03
ENT-0806105,ACC-10465,CON-071114,LI-0510084,SUP-SIL-EDGE,7,2023-05-22,2024-05-22
ENT-0806106,ACC-10465,CON-071114,LI-0510087,SW-NOC-130,425,2023-05-22,2024-05-22
ENT-0806107,ACC-10465,CON-071114,LI-0510089,SW-SDC-110,61,2023-05-22,2024-05-22
ENT-0806108,ACC-10465,CON-071114,LI-0510094,SW-SDC-120,634,2023-05-22,2024-05-22
ENT-0806109,ACC-10465,CON-071114,LI-0510095,SUP-PLA-EDGE,3,2023-05-22,2024-05-22
ENT-0806110,ACC-10465,CON-071114,LI-0510097,SW-ZTN-110,336,2023-05-22,2024-05-22
ENT-0806111,ACC-10465,CON-071115,LI-0510099,SUP-PLA-EDGE,1,2024-07-26,2027-07-26
ENT-0806112,ACC-10465,CON-071115,LI-0510100,SW-NOC-110,135,2024-07-26,2027-07-26
ENT-0806113,ACC-10465,CON-071115,LI-0510102,SW-NOC-120,613,2024-07-26,2027-07-26
ENT-0806114,ACC-10465,CON-071115,LI-0510103,SW-ZTN-140,293,2024-07-26,2027-07-26
ENT-0806115,ACC-10466,CON-071116,LI-0510108,SW-SEC-120,358,2022-07-26,2024-07-26
ENT-0806116,ACC-10466,CON-071116,LI-0510110,SW-SEC-110,64,2022-07-26,2024-07-26
ENT-0806117,ACC-10466,CON-071117,LI-0510111,SUP-SIL-EDGE,10,2023-03-21,2025-03-21
ENT-0806118,ACC-10466,CON-071117,LI-0510112,SW-OBS-140,65,2023-03-21,2025-03-21
ENT-0806119,ACC-10466,CON-071117,LI-0510113,SUP-SIL-CORE,4,2023-03-21,2025-03-21
ENT-0806120,ACC-10466,CON-071117,LI-0510114,SW-SDC-110,165,2023-03-21,2025-03-21
ENT-0806121,ACC-10466,CON-071117,LI-0510115,SUP-PLA-CORE,9,2023-03-21,2025-03-21
ENT-0806122,ACC-10466,CON-071117,LI-0510116,SUP-SIL-CORE,1,2023-03-21,2025-03-21
ENT-0806123,ACC-10466,CON-071117,LI-0510117,SW-SDC-140,367,2023-03-21,2025-03-21
ENT-0806124,ACC-10466,CON-071117,LI-0510118,SW-ZTN-140,849,2023-03-21,2025-03-21
ENT-0806125,ACC-10466,CON-071117,LI-0510119,SUP-SIL-CORE,2,2023-03-21,2025-03-21
ENT-0806126,ACC-10466,CON-071117,LI-0510120,SW-SEC-120,92,2023-03-21,2025-03-21
ENT-0806127,ACC-10466,CON-071117,LI-0510121,SW-OBS-120,601,2023-03-21,2025-03-21
ENT-0806128,ACC-10466,CON-071117,LI-0510123,SW-OBS-140,41,2023-03-21,2025-03-21
ENT-0806129,ACC-10466,CON-071117,LI-0510124,SUP-PLA-DC,10,2023-03-21,2025-03-21
ENT-0806130,ACC-10466,CON-071118,LI-0510127,SUP-BRO-EDGE,3,2024-11-21,2027-11-21
ENT-0806131,ACC-10466,CON-071118,LI-0510128,SW-NOC-110,355,2024-11-21,2027-11-21
ENT-0806132,ACC-10466,CON-071119,LI-0510129,SW-SDC-130,552,2025-06-23,2028-06-23
ENT-0806133,ACC-10466,CON-071119,LI-0510130,SW-ZTN-120,215,2025-06-23,2028-06-23
ENT-0806134,ACC-10466,CON-071119,LI-0510132,SUP-BRO-DC,8,2025-06-23,2028-06-23
ENT-0806135,ACC-10467,CON-071120,LI-0510135,SUP-SIL-DC,5,2024-06-21,2025-06-21
ENT-0806136,ACC-10467,CON-071120,LI-0510138,SUP-GOL-EDGE,6,2024-06-21,2025-06-21
ENT-0806137,ACC-10467,CON-071120,LI-0510139,SW-OBS-130,705,2024-06-21,2025-06-21
ENT-0806138,ACC-10467,CON-071120,LI-0510140,SW-SEC-130,599,2024-06-21,2025-06-21
ENT-0806139,ACC-10467,CON-071120,LI-0510141,SW-SEC-110,629,2024-06-21,2025-06-21
ENT-0806140,ACC-10467,CON-071120,LI-0510142,SUP-GOL-CORE,1,2024-06-21,2025-06-21
ENT-0806141,ACC-10467,CON-071121,LI-0510143,SUP-SIL-EDGE,4,2025-08-07,2026-08-07
ENT-0806142,ACC-10467,CON-071121,LI-0510145,SUP-PLA-EDGE,1,2025-08-07,2026-08-07
ENT-0806143,ACC-10467,CON-071121,LI-0510147,SW-ZTN-120,635,2025-08-07,2026-08-07
ENT-0806144,ACC-10467,CON-071122,LI-0510148,SUP-GOL-CORE,3,2023-08-13,2026-08-13
ENT-0806145,ACC-10467,CON-071122,LI-0510149,SW-ZTN-130,93,2023-08-13,2026-08-13
ENT-0806146,ACC-10467,CON-071122,LI-0510150,SUP-PLA-EDGE,9,2023-08-13,2026-08-13
ENT-0806147,ACC-10467,CON-071122,LI-0510151,SUP-SIL-EDGE,7,2023-08-13,2026-08-13
ENT-0806148,ACC-10467,CON-071122,LI-0510152,SUP-PLA-DC,9,2023-08-13,2026-08-13
ENT-0806149,ACC-10467,CON-071122,LI-0510155,SUP-SIL-DC,7,2023-08-13,2026-08-13
ENT-0806150,ACC-10467,CON-071122,LI-0510156,SW-NOC-130,310,2023-08-13,2026-08-13
ENT-0806151,ACC-10467,CON-071122,LI-0510158,SW-SEC-120,200,2025-10-04,2026-08-13
ENT-0806152,ACC-10468,CON-071123,LI-0510159,SW-OBS-110,168,2022-04-04,2025-04-04
ENT-0806153,ACC-10468,CON-071123,LI-0510160,SUP-SIL-CORE,2,2022-04-04,2025-04-04
ENT-0806154,ACC-10468,CON-071123,LI-0510162,SUP-BRO-DC,5,2022-04-04,2025-04-04
ENT-0806155,ACC-10468,CON-071124,LI-0510164,SUP-PLA-DC,1,2023-06-02,2026-06-02
ENT-0806156,ACC-10468,CON-071124,LI-0510166,SUP-GOL-CORE,4,2023-06-02,2026-06-02
ENT-0806157,ACC-10469,CON-071125,LI-0510169,SUP-GOL-CORE,1,2026-07-10,2026-10-17
ENT-0806158,ACC-10469,CON-071125,LI-0510170,SW-SEC-130,165,2023-10-17,2026-10-17
ENT-0806159,ACC-10469,CON-071125,LI-0510171,SUP-SIL-DC,3,2024-01-29,2026-10-17
ENT-0806160,ACC-10469,CON-071125,LI-0510173,SW-SDC-120,183,2023-10-17,2026-10-17
ENT-0806161,ACC-10469,CON-071125,LI-0510175,SW-SDC-120,521,2023-10-17,2026-10-17
ENT-0806162,ACC-10469,CON-071125,LI-0510178,SUP-GOL-DC,5,2023-10-17,2026-10-17
ENT-0806163,ACC-10469,CON-071125,LI-0510181,SUP-SIL-CORE,5,2023-10-17,2026-10-17
ENT-0806164,ACC-10469,CON-071126,LI-0510185,SW-SDC-120,591,2025-10-04,2028-10-04
ENT-0806165,ACC-10469,CON-071126,LI-0510186,SW-NOC-140,381,2025-10-04,2028-10-04
ENT-0806166,ACC-10469,CON-071126,LI-0510192,SUP-PLA-EDGE,4,2025-10-04,2028-10-04
ENT-0806167,ACC-10470,CON-071127,LI-0510194,SW-SEC-110,149,2025-08-04,2027-08-04
ENT-0806168,ACC-10470,CON-071127,LI-0510199,SW-OBS-110,263,2025-08-04,2027-08-04
ENT-0806169,ACC-10470,CON-071128,LI-0510200,SUP-PLA-CORE,2,2023-02-10,2024-02-10
ENT-0806170,ACC-10470,CON-071128,LI-0510202,SUP-SIL-CORE,2,2023-02-10,2024-02-10
ENT-0806171,ACC-10470,CON-071128,LI-0510205,SUP-SIL-EDGE,5,2023-02-10,2024-02-10
ENT-0806172,ACC-10470,CON-071128,LI-0510206,SUP-PLA-EDGE,6,2023-02-10,2024-02-10
ENT-0806173,ACC-10470,CON-071128,LI-0510207,SW-NOC-110,467,2023-02-10,2024-02-10
ENT-0806174,ACC-10470,CON-071128,LI-0510208,SW-OBS-140,481,2023-02-10,2024-02-10
ENT-0806175,ACC-10470,CON-071128,LI-0510209,SW-OBS-120,505,2023-02-10,2024-02-10
ENT-0806176,ACC-10470,CON-071128,LI-0510210,SUP-BRO-DC,2,2023-02-10,2024-02-10
ENT-0806177,ACC-10470,CON-071129,LI-0510211,SW-OBS-120,430,2025-10-11,2030-10-11
ENT-0806178,ACC-10470,CON-071129,LI-0510212,SW-SEC-110,422,2025-10-11,2030-10-11
ENT-0806179,ACC-10470,CON-071129,LI-0510214,SW-ZTN-130,256,2025-10-11,2030-10-11
ENT-0806180,ACC-10470,CON-071129,LI-0510215,SUP-BRO-EDGE,6,2025-10-11,2030-10-11
ENT-0806181,ACC-10470,CON-071129,LI-0510218,SW-SDC-110,350,2025-10-11,2030-10-11
ENT-0806182,ACC-10470,CON-071129,LI-0510220,SW-SDC-130,384,2025-10-11,2030-10-11
ENT-0806183,ACC-10470,CON-071129,LI-0510222,SW-SDC-110,291,2025-10-11,2030-10-11
ENT-0806184,ACC-10470,CON-071129,LI-0510223,SW-ZTN-120,178,2025-10-11,2030-10-11
ENT-0806185,ACC-10470,CON-071129,LI-0510224,SUP-PLA-CORE,1,2025-10-11,2030-10-11
ENT-0806186,ACC-10471,CON-071130,LI-0510225,SUP-PLA-DC,1,2025-10-29,2028-10-28
ENT-0806187,ACC-10471,CON-071130,LI-0510226,SW-OBS-130,341,2025-10-29,2028-10-28
ENT-0806188,ACC-10471,CON-071130,LI-0510227,SUP-PLA-CORE,3,2025-10-29,2028-10-28
ENT-0806189,ACC-10471,CON-071130,LI-0510228,SW-SDC-140,117,2025-10-29,2028-10-28
ENT-0806190,ACC-10471,CON-071130,LI-0510231,SW-SEC-120,289,2025-10-29,2028-10-28
ENT-0806191,ACC-10471,CON-071131,LI-0510234,SUP-SIL-CORE,4,2022-04-23,2023-04-23
ENT-0806192,ACC-10471,CON-071131,LI-0510235,SUP-PLA-CORE,2,2022-04-23,2023-04-23
ENT-0806193,ACC-10471,CON-071131,LI-0510236,SUP-SIL-CORE,3,2022-04-23,2023-04-23
ENT-0806194,ACC-10471,CON-071131,LI-0510237,SW-NOC-140,39,2022-04-23,2023-04-23
ENT-0806195,ACC-10471,CON-071131,LI-0510238,SW-OBS-120,352,2022-04-23,2023-04-23
ENT-0806196,ACC-10471,CON-071131,LI-0510239,SW-SDC-110,63,2022-04-23,2023-04-23
ENT-0806197,ACC-10471,CON-071131,LI-0510241,SW-ZTN-110,324,2022-04-23,2023-04-23
ENT-0806198,ACC-10471,CON-071131,LI-0510242,SW-ZTN-110,407,2022-04-23,2023-04-23
ENT-0806199,ACC-10471,CON-071131,LI-0510246,SW-ZTN-140,217,2022-04-23,2023-04-23
ENT-0806200,ACC-10471,CON-071131,LI-0510247,SW-SDC-120,365,2022-04-23,2023-04-23
ENT-0806201,ACC-10472,CON-071132,LI-0510248,SW-ZTN-120,366,2023-07-14,2024-07-14
ENT-0806202,ACC-10472,CON-071132,LI-0510249,SUP-PLA-CORE,2,2023-07-14,2024-07-14
ENT-0806203,ACC-10472,CON-071132,LI-0510251,SW-NOC-140,271,2023-07-14,2024-07-14
ENT-0806204,ACC-10473,CON-071133,LI-0510252,SW-SEC-130,314,2022-10-04,2027-10-04
ENT-0806205,ACC-10473,CON-071133,LI-0510253,SUP-PLA-EDGE,2,2022-10-04,2027-10-04
ENT-0806206,ACC-10473,CON-071133,LI-0510256,SW-SEC-120,31,2022-10-04,2027-10-04
ENT-0806207,ACC-10473,CON-071133,LI-0510259,SUP-BRO-EDGE,1,2022-10-04,2027-10-04
ENT-0806208,ACC-10473,CON-071133,LI-0510262,SW-SEC-140,254,2022-10-04,2027-10-04
ENT-0806209,ACC-10473,CON-071133,LI-0510263,SUP-PLA-CORE,2,2022-10-04,2027-10-04
ENT-0806210,ACC-10473,CON-071134,LI-0510266,SW-NOC-140,347,2023-01-11,2024-01-11
ENT-0806211,ACC-10473,CON-071134,LI-0510267,SUP-GOL-EDGE,4,2023-01-11,2024-01-11
ENT-0806212,ACC-10473,CON-071134,LI-0510271,SUP-GOL-CORE,4,2023-01-11,2024-01-11
ENT-0806213,ACC-10474,CON-071135,LI-0510273,SUP-PLA-CORE,2,2025-09-05,2028-09-05
ENT-0806214,ACC-10474,CON-071135,LI-0510275,SUP-SIL-EDGE,3,2025-09-05,2028-09-05
ENT-0806215,ACC-10474,CON-071135,LI-0510276,SW-OBS-120,710,2025-09-05,2028-09-05
ENT-0806216,ACC-10474,CON-071135,LI-0510279,SUP-BRO-CORE,7,2025-09-05,2028-09-05
ENT-0806217,ACC-10474,CON-071135,LI-0510282,SW-NOC-120,947,2025-09-05,2028-09-05
ENT-0806218,ACC-10474,CON-071135,LI-0510283,SUP-GOL-CORE,1,2025-09-05,2028-09-05
ENT-0806219,ACC-10474,CON-071135,LI-0510284,SUP-BRO-DC,11,2025-09-05,2028-09-05
ENT-0806220,ACC-10474,CON-071135,LI-0510285,SW-NOC-120,356,2027-08-04,2028-09-05
ENT-0806221,ACC-10474,CON-071136,LI-0510286,SUP-GOL-DC,5,2024-11-30,2027-11-28
ENT-0806222,ACC-10474,CON-071136,LI-0510287,SUP-PLA-DC,12,2024-11-30,2027-11-28
ENT-0806223,ACC-10474,CON-071136,LI-0510289,SW-SEC-120,175,2024-11-30,2027-11-28
ENT-0806224,ACC-10475,CON-071137,LI-0510290,SUP-SIL-CORE,2,2023-03-16,2025-03-16
ENT-0806225,ACC-10475,CON-071137,LI-0510291,SUP-BRO-DC,8,2023-03-16,2025-03-16
ENT-0806226,ACC-10475,CON-071137,LI-0510292,SW-SDC-130,583,2023-03-16,2025-03-16
ENT-0806227,ACC-10475,CON-071137,LI-0510293,SUP-BRO-DC,1,2023-03-16,2025-03-16
ENT-0806228,ACC-10475,CON-071137,LI-0510294,SUP-BRO-CORE,5,2023-03-16,2025-03-16
ENT-0806229,ACC-10475,CON-071137,LI-0510295,SUP-GOL-EDGE,11,2023-03-16,2025-03-16
ENT-0806230,ACC-10475,CON-071138,LI-0510296,SUP-GOL-EDGE,11,2023-03-17,2025-03-17
ENT-0806231,ACC-10475,CON-071138,LI-0510297,SUP-BRO-CORE,2,2023-03-17,2025-03-17
ENT-0806232,ACC-10475,CON-071138,LI-0510298,SUP-GOL-DC,2,2023-03-17,2025-03-17
ENT-0806233,ACC-10475,CON-071138,LI-0510299,SW-SDC-120,703,2023-03-17,2025-03-17
ENT-0806234,ACC-10475,CON-071139,LI-0510302,SW-OBS-110,1112,2024-11-04,2027-11-04
ENT-0806235,ACC-10475,CON-071139,LI-0510303,SW-SDC-130,368,2024-11-04,2027-11-04
ENT-0806236,ACC-10475,CON-071139,LI-0510304,SUP-BRO-DC,4,2026-08-13,2027-11-04
ENT-0806237,ACC-10475,CON-071139,LI-0510305,SW-OBS-120,153,2024-11-04,2027-11-04
ENT-0806238,ACC-10475,CON-071139,LI-0510306,SUP-SIL-DC,5,2024-11-04,2027-11-04
ENT-0806239,ACC-10475,CON-071139,LI-0510308,SUP-BRO-EDGE,8,2024-11-04,2027-11-04
ENT-0806240,ACC-10475,CON-071139,LI-0510309,SW-NOC-130,903,2024-11-04,2027-11-04
ENT-0806241,ACC-10475,CON-071139,LI-0510311,SUP-BRO-EDGE,11,2024-11-04,2027-11-04
ENT-0806242,ACC-10475,CON-071140,LI-0510312,SW-OBS-130,268,2023-06-16,2024-06-16
ENT-0806243,ACC-10475,CON-071140,LI-0510314,SW-SEC-140,744,2023-06-16,2024-06-16
ENT-0806244,ACC-10475,CON-071140,LI-0510315,SUP-GOL-EDGE,11,2023-06-16,2024-06-16
ENT-0806245,ACC-10475,CON-071140,LI-0510316,SW-NOC-120,1083,2024-01-29,2024-06-16
ENT-0806246,ACC-10475,CON-071140,LI-0510318,SW-SDC-110,424,2023-06-16,2024-06-16
ENT-0806247,ACC-10475,CON-071140,LI-0510319,SW-NOC-120,519,2023-06-16,2024-06-16
ENT-0806248,ACC-10475,CON-071140,LI-0510320,SW-SEC-140,494,2023-06-16,2024-06-16
ENT-0806249,ACC-10475,CON-071140,LI-0510321,SUP-BRO-EDGE,2,2023-06-16,2024-06-16
ENT-0806250,ACC-10475,CON-071140,LI-0510322,SW-SEC-120,666,2023-06-16,2024-06-16
ENT-0806251,ACC-10475,CON-071140,LI-0510323,SW-ZTN-140,667,2023-06-16,2024-06-16
ENT-0806252,ACC-10476,CON-071141,LI-0510325,SUP-BRO-CORE,2,2025-11-13,2026-11-13
ENT-0806253,ACC-10476,CON-071141,LI-0510326,SUP-SIL-EDGE,3,2026-03-03,2026-11-13
ENT-0806254,ACC-10476,CON-071141,LI-0510328,SW-ZTN-140,46,2025-11-13,2026-11-13
ENT-0806255,ACC-10476,CON-071141,LI-0510329,SW-SEC-120,241,2026-04-02,2026-11-13
ENT-0806256,ACC-10476,CON-071141,LI-0510330,SW-NOC-130,66,2025-11-13,2026-11-13
ENT-0806257,ACC-10476,CON-071141,LI-0510333,SW-OBS-110,416,2025-11-13,2026-11-13
ENT-0806258,ACC-10476,CON-071141,LI-0510334,SW-SDC-130,435,2025-11-13,2026-11-13
ENT-0806259,ACC-10476,CON-071142,LI-0510336,SUP-GOL-CORE,7,2024-01-14,2024-06-06
ENT-0806260,ACC-10476,CON-071142,LI-0510339,SUP-PLA-CORE,6,2023-06-06,2024-06-06
ENT-0806261,ACC-10476,CON-071143,LI-0510340,SW-OBS-130,533,2022-07-24,2024-07-24
ENT-0806262,ACC-10476,CON-071143,LI-0510342,SUP-BRO-CORE,7,2022-07-24,2024-07-24
ENT-0806263,ACC-10476,CON-071143,LI-0510344,SUP-GOL-EDGE,1,2022-07-24,2024-07-24
ENT-0806264,ACC-10476,CON-071143,LI-0510346,SUP-BRO-CORE,5,2022-07-24,2024-07-24
ENT-0806265,ACC-10476,CON-071143,LI-0510347,SW-OBS-130,72,2022-07-24,2024-07-24
ENT-0806266,ACC-10476,CON-071144,LI-0510349,SW-ZTN-120,20,2024-08-13,2025-08-13
ENT-0806267,ACC-10476,CON-071144,LI-0510350,SW-OBS-140,187,2024-08-13,2025-08-13
ENT-0806268,ACC-10477,CON-071145,LI-0510352,SW-OBS-140,867,2022-05-02,2025-05-02
ENT-0806269,ACC-10477,CON-071145,LI-0510355,SUP-SIL-EDGE,7,2022-05-02,2025-05-02
ENT-0806270,ACC-10477,CON-071145,LI-0510356,SUP-GOL-CORE,3,2022-05-02,2025-05-02
ENT-0806271,ACC-10477,CON-071145,LI-0510357,SUP-BRO-DC,12,2022-05-02,2025-05-02
ENT-0806272,ACC-10477,CON-071145,LI-0510359,SW-OBS-130,951,2022-05-02,2025-05-02
ENT-0806273,ACC-10477,CON-071145,LI-0510360,SUP-PLA-CORE,1,2022-05-02,2025-05-02
ENT-0806274,ACC-10477,CON-071145,LI-0510361,SUP-SIL-CORE,1,2022-05-02,2025-05-02
ENT-0806275,ACC-10477,CON-071145,LI-0510363,SW-SDC-110,905,2022-05-02,2025-05-02
ENT-0806276,ACC-10477,CON-071145,LI-0510364,SW-ZTN-140,726,2022-05-02,2025-05-02
ENT-0806277,ACC-10477,CON-071146,LI-0510366,SW-ZTN-130,763,2023-08-09,2024-08-09
ENT-0806278,ACC-10477,CON-071146,LI-0510368,SW-OBS-140,203,2023-08-09,2024-08-09
ENT-0806279,ACC-10477,CON-071146,LI-0510369,SW-ZTN-140,133,2023-08-09,2024-08-09
ENT-0806280,ACC-10478,CON-071147,LI-0510374,SW-SEC-140,426,2024-03-10,2027-03-10
ENT-0806281,ACC-10478,CON-071147,LI-0510375,SUP-BRO-CORE,7,2024-03-10,2027-03-10
ENT-0806282,ACC-10478,CON-071148,LI-0510377,SUP-GOL-EDGE,5,2025-11-12,2028-11-12
ENT-0806283,ACC-10478,CON-071148,LI-0510378,SW-ZTN-110,841,2025-11-12,2028-11-12
ENT-0806284,ACC-10478,CON-071148,LI-0510379,SW-SEC-130,317,2025-11-12,2028-11-12
ENT-0806285,ACC-10478,CON-071149,LI-0510386,SW-OBS-130,727,2023-08-18,2024-08-18
ENT-0806286,ACC-10479,CON-071150,LI-0510389,SW-OBS-140,73,2023-09-07,2028-09-07
ENT-0806287,ACC-10479,CON-071150,LI-0510391,SUP-GOL-EDGE,3,2023-09-07,2028-09-07
ENT-0806288,ACC-10479,CON-071150,LI-0510392,SW-ZTN-140,147,2023-09-07,2028-09-07
ENT-0806289,ACC-10479,CON-071150,LI-0510394,SUP-PLA-EDGE,6,2023-09-07,2028-09-07
ENT-0806290,ACC-10479,CON-071150,LI-0510395,SW-SEC-120,206,2023-09-07,2028-09-07
ENT-0806291,ACC-10479,CON-071150,LI-0510397,SUP-PLA-EDGE,7,2023-09-07,2028-09-07
ENT-0806292,ACC-10480,CON-071151,LI-0510398,SW-SEC-140,31,2022-08-31,2024-08-28
ENT-0806293,ACC-10480,CON-071151,LI-0510400,SUP-PLA-CORE,2,2022-08-31,2024-08-28
ENT-0806294,ACC-10480,CON-071151,LI-0510401,SW-SEC-140,357,2022-08-31,2024-08-28
ENT-0806295,ACC-10480,CON-071151,LI-0510402,SW-ZTN-130,238,2022-08-31,2024-08-28
ENT-0806296,ACC-10480,CON-071151,LI-0510403,SW-SEC-140,85,2022-08-31,2024-08-28
ENT-0806297,ACC-10480,CON-071151,LI-0510404,SUP-GOL-CORE,10,2022-08-31,2024-08-28
ENT-0806298,ACC-10480,CON-071152,LI-0510407,SUP-SIL-EDGE,9,2024-04-08,2029-04-08
ENT-0806299,ACC-10480,CON-071152,LI-0510408,SW-SDC-110,227,2024-04-08,2029-04-08
ENT-0806300,ACC-10480,CON-071152,LI-0510409,SW-NOC-120,780,2024-04-08,2029-04-08
ENT-0806301,ACC-10480,CON-071152,LI-0510410,SUP-SIL-CORE,8,2026-10-16,2029-04-08
ENT-0806302,ACC-10480,CON-071153,LI-0510416,SW-NOC-120,485,2022-10-29,2024-10-28
ENT-0806303,ACC-10480,CON-071153,LI-0510417,SW-SDC-120,120,2022-10-29,2024-10-28
ENT-0806304,ACC-10480,CON-071153,LI-0510418,SUP-SIL-CORE,9,2022-10-29,2024-10-28
ENT-0806305,ACC-10480,CON-071153,LI-0510419,SUP-PLA-EDGE,1,2022-10-29,2024-10-28
ENT-0806306,ACC-10480,CON-071154,LI-0510421,SUP-SIL-CORE,1,2022-10-12,2025-10-12
ENT-0806307,ACC-10480,CON-071154,LI-0510424,SUP-GOL-DC,4,2022-10-12,2025-10-12
ENT-0806308,ACC-10481,CON-071155,LI-0510428,SUP-PLA-EDGE,3,2022-03-17,2023-03-17
ENT-0806309,ACC-10481,CON-071155,LI-0510430,SUP-BRO-DC,1,2022-03-17,2023-03-17
ENT-0806310,ACC-10481,CON-071155,LI-0510431,SW-NOC-130,117,2022-03-17,2023-03-17
ENT-0806311,ACC-10481,CON-071155,LI-0510432,SW-OBS-110,60,2022-03-17,2023-03-17
ENT-0806312,ACC-10481,CON-071155,LI-0510433,SW-NOC-110,252,2022-03-17,2023-03-17
ENT-0806313,ACC-10481,CON-071155,LI-0510436,SW-OBS-140,228,2022-03-17,2023-03-17
ENT-0806314,ACC-10481,CON-071155,LI-0510437,SW-ZTN-110,276,2022-03-17,2023-03-17
ENT-0806315,ACC-10481,CON-071156,LI-0510438,SW-OBS-110,182,2025-12-22,2027-12-22
ENT-0806316,ACC-10481,CON-071156,LI-0510439,SUP-PLA-CORE,2,2025-12-22,2027-12-22
ENT-0806317,ACC-10481,CON-071156,LI-0510441,SUP-PLA-EDGE,3,2025-12-22,2027-12-22
ENT-0806318,ACC-10481,CON-071156,LI-0510443,SUP-GOL-CORE,2,2025-12-22,2027-12-22
ENT-0806319,ACC-10481,CON-071156,LI-0510444,SUP-PLA-CORE,3,2025-12-22,2027-12-22
ENT-0806320,ACC-10481,CON-071156,LI-0510445,SW-SEC-130,157,2025-12-22,2027-12-22
ENT-0806321,ACC-10481,CON-071156,LI-0510447,SW-NOC-140,24,2025-12-22,2027-12-22
ENT-0806322,ACC-10481,CON-071156,LI-0510449,SW-ZTN-120,48,2025-12-22,2027-12-22
ENT-0806323,ACC-10481,CON-071156,LI-0510450,SW-OBS-110,96,2025-12-22,2027-12-22
ENT-0806324,ACC-10482,CON-071157,LI-0510451,SW-OBS-140,395,2022-10-01,2023-10-01
ENT-0806325,ACC-10482,CON-071157,LI-0510452,SUP-PLA-EDGE,4,2022-10-01,2023-10-01
ENT-0806326,ACC-10482,CON-071157,LI-0510454,SW-OBS-140,227,2022-10-01,2023-10-01
ENT-0806327,ACC-10482,CON-071157,LI-0510457,SUP-BRO-CORE,1,2022-10-01,2023-10-01
ENT-0806328,ACC-10482,CON-071157,LI-0510459,SUP-BRO-DC,2,2022-10-01,2023-10-01
ENT-0806329,ACC-10482,CON-071157,LI-0510461,SUP-BRO-DC,3,2022-10-01,2023-10-01
ENT-0806330,ACC-10482,CON-071158,LI-0510467,SW-ZTN-130,243,2025-11-17,2026-05-27
ENT-0806331,ACC-10482,CON-071158,LI-0510469,SUP-SIL-DC,5,2025-05-27,2026-05-27
ENT-0806332,ACC-10482,CON-071158,LI-0510476,SW-SDC-140,239,2025-05-27,2026-05-27
ENT-0806333,ACC-10483,CON-071159,LI-0510478,SW-ZTN-140,263,2025-02-26,2026-02-26
ENT-0806334,ACC-10483,CON-071159,LI-0510479,SUP-PLA-CORE,6,2025-02-26,2026-02-26
ENT-0806335,ACC-10483,CON-071159,LI-0510480,SUP-PLA-EDGE,6,2025-05-12,2026-02-26
ENT-0806336,ACC-10483,CON-071159,LI-0510481,SUP-SIL-EDGE,5,2025-02-26,2026-02-26
ENT-0806337,ACC-10483,CON-071159,LI-0510483,SUP-SIL-CORE,1,2025-02-26,2026-02-26
ENT-0806338,ACC-10483,CON-071159,LI-0510484,SW-NOC-130,95,2025-02-26,2026-02-26
ENT-0806339,ACC-10483,CON-071159,LI-0510485,SW-SDC-120,367,2025-02-26,2026-02-26
ENT-0806340,ACC-10484,CON-071160,LI-0510487,SW-SDC-110,1116,2025-10-15,2028-10-15
ENT-0806341,ACC-10484,CON-071160,LI-0510488,SUP-BRO-DC,14,2025-10-15,2028-10-15
ENT-0806342,ACC-10484,CON-071160,LI-0510489,SUP-BRO-CORE,7,2025-10-15,2028-10-15
ENT-0806343,ACC-10484,CON-071160,LI-0510491,SW-NOC-110,451,2026-12-11,2028-10-15
ENT-0806344,ACC-10484,CON-071160,LI-0510492,SW-SEC-110,70,2025-10-15,2028-10-15
ENT-0806345,ACC-10484,CON-071160,LI-0510494,SW-SDC-120,153,2025-10-15,2028-10-15
ENT-0806346,ACC-10484,CON-071160,LI-0510495,SW-ZTN-140,799,2025-10-15,2028-10-15
ENT-0806347,ACC-10484,CON-071160,LI-0510496,SW-SEC-130,723,2025-10-15,2028-10-15
ENT-0806348,ACC-10484,CON-071160,LI-0510497,SUP-BRO-DC,10,2025-10-15,2028-10-15
ENT-0806349,ACC-10484,CON-071161,LI-0510498,SW-NOC-140,1125,2025-11-17,2028-11-17
ENT-0806350,ACC-10484,CON-071161,LI-0510499,SUP-BRO-CORE,11,2025-11-17,2028-11-17
ENT-0806351,ACC-10484,CON-071161,LI-0510500,SW-SDC-110,110,2025-11-17,2028-11-17
ENT-0806352,ACC-10484,CON-071161,LI-0510502,SW-SEC-140,130,2025-11-17,2028-11-17
ENT-0806353,ACC-10484,CON-071161,LI-0510503,SW-OBS-140,482,2025-11-17,2028-11-17
ENT-0806354,ACC-10484,CON-071162,LI-0510506,SW-ZTN-120,863,2023-09-22,2026-02-12
ENT-0806355,ACC-10484,CON-071162,LI-0510507,SUP-PLA-CORE,2,2023-12-15,2026-02-12
ENT-0806356,ACC-10484,CON-071162,LI-0510511,SUP-GOL-EDGE,8,2023-02-12,2026-02-12
ENT-0806357,ACC-10484,CON-071162,LI-0510512,SW-SDC-130,614,2023-02-12,2026-02-12
ENT-0806358,ACC-10484,CON-071162,LI-0510513,SUP-SIL-DC,7,2023-02-12,2026-02-12
ENT-0806359,ACC-10484,CON-071162,LI-0510514,SW-NOC-120,355,2023-02-12,2026-02-12
ENT-0806360,ACC-10484,CON-071162,LI-0510515,SW-ZTN-110,206,2023-02-12,2026-02-12
ENT-0806361,ACC-10484,CON-071162,LI-0510516,SW-OBS-110,345,2023-02-12,2026-02-12
ENT-0806362,ACC-10484,CON-071163,LI-0510517,SW-SEC-130,914,2022-04-14,2025-04-14
ENT-0806363,ACC-10484,CON-071163,LI-0510519,SUP-GOL-DC,14,2022-04-14,2025-04-14
ENT-0806364,ACC-10484,CON-071163,LI-0510520,SUP-BRO-DC,5,2022-04-14,2025-04-14
ENT-0806365,ACC-10484,CON-071163,LI-0510526,SUP-SIL-CORE,1,2022-04-14,2025-04-14
ENT-0806366,ACC-10484,CON-071163,LI-0510527,SUP-GOL-EDGE,1,2022-04-14,2025-04-14
ENT-0806367,ACC-10484,CON-071163,LI-0510529,SW-NOC-140,1179,2022-04-14,2025-04-14
ENT-0806368,ACC-10485,CON-071164,LI-0510531,SUP-PLA-DC,2,2022-08-08,2023-08-08
ENT-0806369,ACC-10485,CON-071164,LI-0510533,SW-ZTN-130,253,2022-08-08,2023-08-08
ENT-0806370,ACC-10485,CON-071164,LI-0510534,SUP-BRO-DC,5,2022-08-08,2023-08-08
ENT-0806371,ACC-10485,CON-071164,LI-0510537,SW-NOC-120,96,2022-08-08,2023-08-08
ENT-0806372,ACC-10485,CON-071164,LI-0510538,SW-OBS-140,282,2022-08-08,2023-08-08
ENT-0806373,ACC-10485,CON-071165,LI-0510541,SUP-PLA-DC,5,2023-01-06,2028-01-06
ENT-0806374,ACC-10485,CON-071165,LI-0510546,SUP-GOL-EDGE,2,2023-01-06,2028-01-06
ENT-0806375,ACC-10485,CON-071165,LI-0510547,SW-SDC-120,146,2023-01-06,2028-01-06
ENT-0806376,ACC-10485,CON-071165,LI-0510548,SUP-BRO-DC,2,2023-01-06,2028-01-06
ENT-0806377,ACC-10485,CON-071165,LI-0510549,SW-NOC-110,28,2023-01-06,2028-01-06
ENT-0806378,ACC-10485,CON-071165,LI-0510551,SW-SEC-110,404,2023-01-06,2028-01-06
ENT-0806379,ACC-10486,CON-071166,LI-0510552,SW-ZTN-130,216,2022-01-20,2025-01-20
ENT-0806380,ACC-10486,CON-071166,LI-0510554,SW-NOC-140,310,2022-01-20,2025-01-20
ENT-0806381,ACC-10486,CON-071166,LI-0510555,SW-SDC-130,29,2022-01-20,2025-01-20
ENT-0806382,ACC-10486,CON-071166,LI-0510556,SUP-PLA-EDGE,1,2022-01-20,2025-01-20
ENT-0806383,ACC-10486,CON-071166,LI-0510558,SUP-BRO-EDGE,1,2022-01-20,2025-01-20
ENT-0806384,ACC-10486,CON-071166,LI-0510559,SW-NOC-110,35,2022-01-20,2025-01-20
ENT-0806385,ACC-10486,CON-071166,LI-0510561,SUP-GOL-CORE,3,2022-01-20,2025-01-20
ENT-0806386,ACC-10486,CON-071166,LI-0510562,SUP-BRO-EDGE,3,2022-01-20,2025-01-20
ENT-0806387,ACC-10486,CON-071166,LI-0510563,SW-SDC-120,29,2022-01-20,2025-01-20
ENT-0806388,ACC-10486,CON-071167,LI-0510565,SUP-PLA-CORE,1,2023-03-30,2028-03-28
ENT-0806389,ACC-10486,CON-071167,LI-0510566,SW-OBS-110,163,2023-03-30,2028-03-28
ENT-0806390,ACC-10486,CON-071167,LI-0510567,SW-SEC-120,224,2023-03-30,2028-03-28
ENT-0806391,ACC-10487,CON-071168,LI-0510568,SW-SDC-140,534,2025-02-24,2027-02-24
ENT-0806392,ACC-10487,CON-071168,LI-0510569,SUP-SIL-DC,1,2025-02-24,2027-02-24
ENT-0806393,ACC-10487,CON-071168,LI-0510570,SUP-PLA-CORE,1,2025-02-24,2027-02-24
ENT-0806394,ACC-10487,CON-071168,LI-0510571,SUP-GOL-EDGE,6,2025-02-24,2027-02-24
ENT-0806395,ACC-10487,CON-071168,LI-0510573,SW-SDC-130,100,2025-02-24,2027-02-24
ENT-0806396,ACC-10487,CON-071168,LI-0510574,SW-OBS-140,330,2025-02-24,2027-02-24
ENT-0806397,ACC-10487,CON-071168,LI-0510576,SUP-PLA-EDGE,3,2025-02-24,2027-02-24
ENT-0806398,ACC-10487,CON-071168,LI-0510577,SW-ZTN-130,198,2025-02-24,2027-02-24
ENT-0806399,ACC-10488,CON-071169,LI-0510578,SUP-SIL-DC,7,2023-12-01,2025-12-01
ENT-0806400,ACC-10488,CON-071169,LI-0510579,SUP-GOL-EDGE,2,2023-12-01,2025-12-01
ENT-0806401,ACC-10488,CON-071169,LI-0510581,SUP-PLA-EDGE,7,2023-12-01,2025-12-01
ENT-0806402,ACC-10488,CON-071169,LI-0510582,SW-SEC-130,261,2023-12-01,2025-12-01
ENT-0806403,ACC-10488,CON-071169,LI-0510583,SUP-SIL-DC,2,2023-12-01,2025-12-01
ENT-0806404,ACC-10488,CON-071169,LI-0510584,SW-OBS-140,519,2023-12-01,2025-12-01
ENT-0806405,ACC-10488,CON-071169,LI-0510586,SW-NOC-130,209,2023-12-01,2025-12-01
ENT-0806406,ACC-10488,CON-071169,LI-0510587,SUP-GOL-EDGE,12,2023-12-01,2025-12-01
ENT-0806407,ACC-10488,CON-071170,LI-0510592,SUP-SIL-EDGE,1,2024-04-16,2026-04-16
ENT-0806408,ACC-10488,CON-071170,LI-0510593,SW-SDC-140,807,2025-01-10,2026-04-16
ENT-0806409,ACC-10488,CON-071170,LI-0510594,SUP-GOL-EDGE,12,2024-04-16,2026-04-16
ENT-0806410,ACC-10488,CON-071170,LI-0510597,SW-OBS-110,195,2024-04-16,2026-04-16
ENT-0806411,ACC-10488,CON-071171,LI-0510598,SW-ZTN-130,920,2023-07-31,2026-07-28
ENT-0806412,ACC-10488,CON-071171,LI-0510599,SW-NOC-140,634,2023-07-31,2026-07-28
ENT-0806413,ACC-10488,CON-071171,LI-0510600,SW-NOC-140,964,2023-07-31,2026-07-28
ENT-0806414,ACC-10488,CON-071171,LI-0510602,SUP-PLA-CORE,1,2023-07-31,2026-07-28
ENT-0806415,ACC-10488,CON-071171,LI-0510603,SUP-SIL-DC,7,2023-07-31,2026-07-28
ENT-0806416,ACC-10488,CON-071171,LI-0510604,SUP-GOL-EDGE,1,2023-07-31,2026-07-28
ENT-0806417,ACC-10488,CON-071171,LI-0510606,SUP-GOL-EDGE,4,2023-07-31,2026-07-28
ENT-0806418,ACC-10489,CON-071172,LI-0510608,SW-ZTN-140,565,2023-08-16,2026-08-16
ENT-0806419,ACC-10489,CON-071172,LI-0510609,SUP-BRO-CORE,1,2023-08-16,2026-08-16
ENT-0806420,ACC-10489,CON-071172,LI-0510613,SW-NOC-110,251,2023-08-16,2026-08-16
ENT-0806421,ACC-10489,CON-071173,LI-0510614,SW-OBS-120,745,2022-12-23,2025-12-23
ENT-0806422,ACC-10489,CON-071173,LI-0510618,SUP-BRO-CORE,2,2022-12-23,2025-12-23
ENT-0806423,ACC-10489,CON-071173,LI-0510619,SUP-PLA-DC,3,2023-10-27,2025-12-23
ENT-0806424,ACC-10489,CON-071173,LI-0510620,SUP-GOL-DC,1,2022-12-23,2025-12-23
ENT-0806425,ACC-10489,CON-071173,LI-0510622,SW-ZTN-130,366,2022-12-23,2025-12-23
ENT-0806426,ACC-10489,CON-071173,LI-0510623,SW-SDC-120,169,2022-12-23,2025-12-23
ENT-0806427,ACC-10489,CON-071174,LI-0510625,SUP-BRO-DC,9,2022-07-12,2023-07-12
ENT-0806428,ACC-10489,CON-071174,LI-0510627,SW-ZTN-140,55,2022-07-12,2023-07-12
ENT-0806429,ACC-10489,CON-071174,LI-0510628,SW-SEC-130,685,2022-07-12,2023-07-12
ENT-0806430,ACC-10489,CON-071174,LI-0510633,SW-SEC-120,454,2022-07-12,2023-07-12
ENT-0806431,ACC-10490,CON-071175,LI-0510640,SW-OBS-130,97,2022-08-09,2025-08-09
ENT-0806432,ACC-10490,CON-071175,LI-0510641,SW-SDC-130,462,2022-08-09,2025-08-09
ENT-0806433,ACC-10490,CON-071175,LI-0510642,SUP-GOL-CORE,1,2022-08-09,2025-08-09
ENT-0806434,ACC-10490,CON-071175,LI-0510643,SUP-SIL-DC,1,2022-08-09,2025-08-09
ENT-0806435,ACC-10490,CON-071175,LI-0510644,SW-SEC-140,50,2022-08-09,2025-08-09
ENT-0806436,ACC-10490,CON-071175,LI-0510646,SUP-GOL-CORE,1,2022-08-09,2025-08-09
ENT-0806437,ACC-10490,CON-071175,LI-0510647,SW-SDC-110,229,2022-08-09,2025-08-09
ENT-0806438,ACC-10490,CON-071175,LI-0510648,SUP-PLA-EDGE,3,2022-08-09,2025-08-09
ENT-0806439,ACC-10490,CON-071175,LI-0510650,SW-SEC-120,484,2022-08-09,2025-08-09
ENT-0806440,ACC-10490,CON-071175,LI-0510651,SW-ZTN-110,169,2022-08-09,2025-08-09
ENT-0806441,ACC-10490,CON-071175,LI-0510652,SUP-BRO-DC,1,2022-08-09,2025-08-09
ENT-0806442,ACC-10491,CON-071176,LI-0510654,SUP-SIL-EDGE,8,2024-06-23,2025-06-23
ENT-0806443,ACC-10491,CON-071176,LI-0510656,SW-OBS-140,192,2024-06-23,2025-06-23
ENT-0806444,ACC-10491,CON-071176,LI-0510657,SW-SEC-120,189,2024-06-23,2025-06-23
ENT-0806445,ACC-10491,CON-071176,LI-0510658,SW-SDC-110,159,2024-06-23,2025-06-23
ENT-0806446,ACC-10491,CON-071176,LI-0510659,SUP-PLA-CORE,7,2024-06-23,2025-06-23
ENT-0806447,ACC-10491,CON-071176,LI-0510660,SW-ZTN-130,826,2024-06-23,2025-06-23
ENT-0806448,ACC-10491,CON-071176,LI-0510663,SW-OBS-120,256,2024-06-23,2025-06-23
ENT-0806449,ACC-10491,CON-071177,LI-0510665,SW-NOC-130,893,2023-10-18,2026-10-18
ENT-0806450,ACC-10491,CON-071177,LI-0510667,SUP-SIL-DC,7,2026-01-09,2026-10-18
ENT-0806451,ACC-10491,CON-071177,LI-0510668,SW-NOC-120,876,2023-10-18,2026-10-18
ENT-0806452,ACC-10491,CON-071177,LI-0510669,SW-NOC-130,864,2023-10-18,2026-10-18
ENT-0806453,ACC-10491,CON-071177,LI-0510670,SW-OBS-140,891,2023-10-18,2026-10-18
ENT-0806454,ACC-10491,CON-071177,LI-0510673,SUP-PLA-EDGE,7,2023-10-18,2026-10-18
ENT-0806455,ACC-10491,CON-071178,LI-0510676,SW-NOC-110,526,2025-04-01,2028-04-01
ENT-0806456,ACC-10491,CON-071178,LI-0510678,SUP-GOL-EDGE,1,2025-04-01,2028-04-01
ENT-0806457,ACC-10491,CON-071178,LI-0510679,SW-SDC-140,669,2026-08-22,2028-04-01
ENT-0806458,ACC-10491,CON-071178,LI-0510680,SUP-BRO-DC,1,2025-04-01,2028-04-01
ENT-0806459,ACC-10491,CON-071178,LI-0510681,SW-NOC-110,295,2025-04-01,2028-04-01
ENT-0806460,ACC-10491,CON-071178,LI-0510682,SUP-PLA-DC,4,2025-04-01,2028-04-01
ENT-0806461,ACC-10492,CON-071179,LI-0510683,SUP-GOL-EDGE,2,2025-03-29,2028-03-28
ENT-0806462,ACC-10492,CON-071179,LI-0510684,SW-SDC-120,94,2025-03-29,2028-03-28
ENT-0806463,ACC-10492,CON-071179,LI-0510685,SUP-BRO-EDGE,1,2025-03-29,2028-03-28
ENT-0806464,ACC-10492,CON-071179,LI-0510689,SUP-GOL-CORE,1,2025-03-29,2028-03-28
ENT-0806465,ACC-10492,CON-071179,LI-0510690,SUP-BRO-CORE,3,2025-03-29,2028-03-28
ENT-0806466,ACC-10492,CON-071179,LI-0510692,SUP-PLA-CORE,2,2025-03-29,2028-03-28
ENT-0806467,ACC-10492,CON-071179,LI-0510693,SW-OBS-120,84,2025-03-29,2028-03-28
ENT-0806468,ACC-10492,CON-071179,LI-0510694,SUP-GOL-CORE,3,2026-02-18,2028-03-28
ENT-0806469,ACC-10492,CON-071179,LI-0510695,SW-SDC-110,184,2025-03-29,2028-03-28
ENT-0806470,ACC-10493,CON-071180,LI-0510696,SUP-PLA-DC,7,2022-01-12,2023-01-12
ENT-0806471,ACC-10493,CON-071180,LI-0510697,SUP-GOL-EDGE,11,2022-01-12,2023-01-12
ENT-0806472,ACC-10493,CON-071180,LI-0510699,SUP-PLA-DC,1,2022-01-12,2023-01-12
ENT-0806473,ACC-10493,CON-071180,LI-0510700,SW-ZTN-110,690,2022-01-12,2023-01-12
ENT-0806474,ACC-10493,CON-071180,LI-0510703,SW-SEC-110,804,2022-01-12,2023-01-12
ENT-0806475,ACC-10493,CON-071180,LI-0510706,SW-NOC-120,931,2022-06-04,2023-01-12
ENT-0806476,ACC-10493,CON-071180,LI-0510707,SW-ZTN-110,98,2022-01-12,2023-01-12
ENT-0806477,ACC-10493,CON-071180,LI-0510708,SUP-BRO-CORE,6,2022-01-12,2023-01-12
ENT-0806478,ACC-10493,CON-071181,LI-0510709,SW-NOC-120,65,2024-08-14,2027-08-14
ENT-0806479,ACC-10493,CON-071181,LI-0510710,SW-ZTN-130,911,2027-04-11,2027-08-14
ENT-0806480,ACC-10493,CON-071181,LI-0510712,SUP-GOL-DC,11,2024-08-14,2027-08-14
ENT-0806481,ACC-10493,CON-071182,LI-0510714,SW-SEC-140,558,2025-12-23,2028-12-23
ENT-0806482,ACC-10493,CON-071182,LI-0510717,SW-NOC-140,307,2025-12-23,2028-12-23
ENT-0806483,ACC-10493,CON-071182,LI-0510718,SUP-GOL-DC,7,2025-12-23,2028-12-23
ENT-0806484,ACC-10493,CON-071182,LI-0510719,SUP-GOL-EDGE,10,2025-12-23,2028-12-23
ENT-0806485,ACC-10494,CON-071183,LI-0510722,SW-SEC-120,575,2023-12-19,2024-12-19
ENT-0806486,ACC-10494,CON-071183,LI-0510725,SW-OBS-140,939,2023-12-19,2024-12-19
ENT-0806487,ACC-10494,CON-071183,LI-0510726,SW-NOC-110,903,2023-12-19,2024-12-19
ENT-0806488,ACC-10494,CON-071184,LI-0510728,SW-ZTN-140,1145,2024-07-07,2029-07-07
ENT-0806489,ACC-10494,CON-071184,LI-0510733,SW-SDC-120,90,2024-07-07,2029-07-07
ENT-0806490,ACC-10494,CON-071184,LI-0510737,SW-OBS-120,61,2024-07-07,2029-07-07
ENT-0806491,ACC-10494,CON-071184,LI-0510738,SW-ZTN-130,955,2024-07-07,2029-07-07
ENT-0806492,ACC-10494,CON-071184,LI-0510740,SUP-GOL-DC,11,2024-07-07,2029-07-07
ENT-0806493,ACC-10495,CON-071185,LI-0510741,SW-SEC-120,811,2024-04-14,2026-04-14
ENT-0806494,ACC-10495,CON-071185,LI-0510742,SW-SEC-130,745,2024-04-14,2026-04-14
ENT-0806495,ACC-10495,CON-071185,LI-0510743,SUP-PLA-CORE,8,2024-04-14,2026-04-14
ENT-0806496,ACC-10495,CON-071185,LI-0510744,SUP-BRO-DC,7,2024-04-14,2026-04-14
ENT-0806497,ACC-10495,CON-071185,LI-0510745,SW-SEC-140,606,2024-04-14,2026-04-14
ENT-0806498,ACC-10495,CON-071185,LI-0510747,SW-OBS-120,661,2024-04-14,2026-04-14
ENT-0806499,ACC-10495,CON-071186,LI-0510748,SUP-BRO-CORE,8,2023-04-03,2028-04-03
ENT-0806500,ACC-10495,CON-071186,LI-0510749,SW-NOC-120,414,2023-04-03,2028-04-03
ENT-0806501,ACC-10495,CON-071186,LI-0510750,SUP-GOL-CORE,7,2023-04-03,2028-04-03
ENT-0806502,ACC-10495,CON-071186,LI-0510751,SW-SDC-140,108,2023-04-03,2028-04-03
ENT-0806503,ACC-10495,CON-071186,LI-0510752,SW-ZTN-120,653,2023-04-03,2028-04-03
ENT-0806504,ACC-10496,CON-071187,LI-0510753,SUP-SIL-DC,11,2024-12-22,2025-12-22
ENT-0806505,ACC-10496,CON-071187,LI-0510754,SW-OBS-140,776,2024-12-22,2025-12-22
ENT-0806506,ACC-10496,CON-071187,LI-0510755,SW-SEC-120,385,2024-12-22,2025-12-22
ENT-0806507,ACC-10496,CON-071187,LI-0510756,SW-NOC-110,343,2024-12-22,2025-12-22
ENT-0806508,ACC-10496,CON-071187,LI-0510757,SUP-GOL-EDGE,11,2024-12-22,2025-12-22
ENT-0806509,ACC-10496,CON-071187,LI-0510759,SW-SEC-120,426,2024-12-22,2025-12-22
ENT-0806510,ACC-10496,CON-071187,LI-0510761,SW-SDC-110,511,2024-12-22,2025-12-22
ENT-0806511,ACC-10496,CON-071187,LI-0510762,SUP-GOL-CORE,2,2024-12-22,2025-12-22
ENT-0806512,ACC-10496,CON-071187,LI-0510763,SW-SDC-110,449,2024-12-22,2025-12-22
ENT-0806513,ACC-10496,CON-071188,LI-0510764,SUP-BRO-CORE,7,2023-06-14,2026-06-14
ENT-0806514,ACC-10496,CON-071188,LI-0510765,SW-SDC-130,559,2023-06-14,2026-06-14
ENT-0806515,ACC-10496,CON-071188,LI-0510766,SUP-SIL-DC,11,2023-06-14,2026-06-14
ENT-0806516,ACC-10496,CON-071188,LI-0510768,SW-ZTN-110,817,2023-06-14,2026-06-14
ENT-0806517,ACC-10497,CON-071189,LI-0510774,SW-SDC-120,237,2023-04-21,2026-04-21
ENT-0806518,ACC-10497,CON-071189,LI-0510777,SW-ZTN-120,25,2023-04-21,2026-04-21
ENT-0806519,ACC-10497,CON-071189,LI-0510778,SW-ZTN-120,173,2023-04-21,2026-04-21
ENT-0806520,ACC-10497,CON-071189,LI-0510779,SW-SEC-130,70,2023-04-21,2026-04-21
ENT-0806521,ACC-10497,CON-071189,LI-0510780,SW-SEC-140,216,2023-04-21,2026-04-21
ENT-0806522,ACC-10497,CON-071189,LI-0510781,SUP-PLA-DC,1,2023-04-21,2026-04-21
ENT-0806523,ACC-10497,CON-071189,LI-0510782,SUP-GOL-CORE,4,2023-04-21,2026-04-21
ENT-0806524,ACC-10497,CON-071189,LI-0510783,SUP-GOL-EDGE,1,2023-04-21,2026-04-21
ENT-0806525,ACC-10497,CON-071190,LI-0510785,SW-SEC-130,431,2025-11-10,2028-11-10
ENT-0806526,ACC-10497,CON-071190,LI-0510789,SW-OBS-130,276,2025-11-10,2028-11-10
ENT-0806527,ACC-10497,CON-071190,LI-0510791,SW-SEC-130,427,2025-11-10,2028-11-10
ENT-0806528,ACC-10498,CON-071191,LI-0510793,SW-ZTN-110,1182,2022-10-25,2023-10-25
ENT-0806529,ACC-10498,CON-071191,LI-0510795,SUP-PLA-DC,13,2022-10-25,2023-10-25
ENT-0806530,ACC-10498,CON-071191,LI-0510796,SUP-GOL-EDGE,14,2022-10-25,2023-10-25
ENT-0806531,ACC-10498,CON-071191,LI-0510797,SW-OBS-110,773,2022-10-25,2023-10-25
ENT-0806532,ACC-10498,CON-071191,LI-0510798,SW-SEC-120,366,2022-10-25,2023-10-25
ENT-0806533,ACC-10498,CON-071191,LI-0510801,SW-SDC-140,894,2022-10-25,2023-10-25
ENT-0806534,ACC-10498,CON-071191,LI-0510802,SUP-PLA-DC,4,2022-10-25,2023-10-25
ENT-0806535,ACC-10498,CON-071192,LI-0510805,SW-SEC-120,1111,2023-01-23,2026-01-23
ENT-0806536,ACC-10498,CON-071192,LI-0510806,SUP-GOL-DC,1,2023-01-23,2026-01-23
ENT-0806537,ACC-10498,CON-071192,LI-0510807,SW-SDC-110,320,2023-01-23,2026-01-23
ENT-0806538,ACC-10498,CON-071193,LI-0510808,SW-OBS-140,457,2022-07-14,2023-07-14
ENT-0806539,ACC-10498,CON-071193,LI-0510809,SW-OBS-110,134,2022-07-14,2023-07-14
ENT-0806540,ACC-10498,CON-071193,LI-0510810,SW-ZTN-140,288,2022-07-14,2023-07-14
ENT-0806541,ACC-10498,CON-071193,LI-0510812,SUP-BRO-EDGE,1,2022-07-14,2023-07-14
ENT-0806542,ACC-10498,CON-071193,LI-0510813,SW-OBS-140,652,2022-07-14,2023-07-14
ENT-0806543,ACC-10498,CON-071193,LI-0510814,SUP-SIL-EDGE,4,2022-07-14,2023-07-14
ENT-0806544,ACC-10498,CON-071193,LI-0510815,SUP-GOL-EDGE,11,2022-07-14,2023-07-14
ENT-0806545,ACC-10498,CON-071193,LI-0510816,SW-OBS-120,975,2023-01-04,2023-07-14
ENT-0806546,ACC-10498,CON-071193,LI-0510817,SUP-PLA-EDGE,13,2022-07-14,2023-07-14
ENT-0806547,ACC-10498,CON-071193,LI-0510818,SW-OBS-140,715,2022-07-14,2023-07-14
ENT-0806548,ACC-10498,CON-071193,LI-0510819,SW-ZTN-110,932,2022-07-14,2023-07-14
ENT-0806549,ACC-10499,CON-071194,LI-0510821,SW-ZTN-120,585,2024-01-21,2029-01-21
ENT-0806550,ACC-10499,CON-071195,LI-0510824,SW-SEC-120,317,2025-03-21,2025-12-08
ENT-0806551,ACC-10499,CON-071195,LI-0510826,SW-ZTN-110,843,2024-12-08,2025-12-08
ENT-0806552,ACC-10499,CON-071195,LI-0510828,SW-SEC-130,565,2024-12-08,2025-12-08
ENT-0806553,ACC-10499,CON-071195,LI-0510829,SW-SDC-110,307,2024-12-08,2025-12-08
ENT-0806554,ACC-10499,CON-071195,LI-0510830,SW-ZTN-120,430,2024-12-08,2025-12-08
ENT-0806555,ACC-10499,CON-071195,LI-0510831,SW-NOC-140,668,2024-12-08,2025-12-08
ENT-0806556,ACC-10499,CON-071195,LI-0510832,SUP-GOL-EDGE,3,2024-12-08,2025-12-08
ENT-0806557,ACC-10499,CON-071195,LI-0510834,SUP-PLA-DC,9,2024-12-08,2025-12-08
ENT-0806558,ACC-10500,CON-071196,LI-0510836,SW-SEC-140,125,2022-06-15,2027-06-15
ENT-0806559,ACC-10500,CON-071196,LI-0510837,SW-SEC-140,317,2023-02-24,2027-06-15
ENT-0806560,ACC-10500,CON-071196,LI-0510839,SW-NOC-140,185,2022-06-15,2027-06-15
ENT-0806561,ACC-10500,CON-071196,LI-0510841,SW-SEC-110,247,2022-06-15,2027-06-15
ENT-0806562,ACC-10500,CON-071196,LI-0510842,SW-OBS-130,148,2022-06-15,2027-06-15
ENT-0806563,ACC-10500,CON-071196,LI-0510843,SW-NOC-110,251,2022-06-15,2027-06-15
ENT-0806564,ACC-10500,CON-071196,LI-0510844,SUP-GOL-CORE,4,2022-06-15,2027-06-15
ENT-0806565,ACC-10500,CON-071196,LI-0510845,SUP-GOL-EDGE,1,2022-06-15,2027-06-15
ENT-0806566,ACC-10500,CON-071197,LI-0510846,SUP-SIL-CORE,3,2022-08-02,2025-08-02
ENT-0806567,ACC-10500,CON-071197,LI-0510849,SW-NOC-120,93,2022-08-02,2025-08-02
ENT-0806568,ACC-10500,CON-071197,LI-0510851,SW-NOC-110,298,2022-08-02,2025-08-02
ENT-0806569,ACC-10500,CON-071197,LI-0510852,SW-OBS-110,287,2022-08-02,2025-08-02
ENT-0806570,ACC-10500,CON-071197,LI-0510857,SUP-BRO-EDGE,3,2022-08-02,2025-08-02
